timestamp,frame,session_id,lecture_id,course_id,face_detected,confidence,status,engagement_score,gaze_0_x,gaze_0_y,gaze_0_z,gaze_1_x,gaze_1_y,gaze_1_z,gaze_angle_x,gaze_angle_y,pose_Tx,pose_Ty,pose_Tz,pose_Rx,pose_Ry,pose_Rz,AU01_r,AU02_r,AU04_r,AU05_r,AU06_r,AU07_r,AU09_r,AU10_r,AU12_r,AU14_r,AU15_r,AU17_r,AU20_r,AU23_r,AU25_r,AU26_r,AU45_r,smile_intensity,confusion_level,drowsiness_level
2025-11-24T18:19:06.321595,1,student_4_lec_2a96290c_700aeb29,lec_2a96290c,cv101,1,0.95,engaged,59.0,-0.0028,-0.0027,-0.0031,0.0007,0.0008,-0.0031,15.02,13.09,-15.42,792.73,3755.27,178.19,11.11,-0.88,1.9,1.34,3.1,2.12,3.12,2.88,1.93,3.18,1.78,1.25,3.22,5.0,1.48,2.48,2.52,3.41,0.0,2.45,2.11,0.76
2025-11-24T18:19:07.350729,2,student_4_lec_2a96290c_700aeb29,lec_2a96290c,cv101,1,0.95,partially_engaged,48.48,-0.0041,-0.0018,-0.0034,0.0004,-0.001,-0.0035,21.79,-158.67,18.54,780.83,3666.0,178.0,9.7,1.1,2.06,1.47,2.94,2.37,3.28,2.63,1.97,3.19,1.79,1.25,3.21,5.0,1.49,1.91,3.09,3.42,0.0,2.54,2.16,0.26
2025-11-24T18:19:08.401644,3,student_4_lec_2a96290c_700aeb29,lec_2a96290c,cv101,1,0.95,partially_engaged,48.37,-0.0039,-0.0013,-0.0034,-0.0002,-0.0022,-0.0035,-154.26,-153.56,34.13,754.51,3522.11,176.4,15.75,-0.04,1.94,1.39,3.06,2.31,3.28,2.69,1.92,3.44,1.86,1.3,3.14,5.0,1.55,1.88,3.12,3.72,0.0,2.57,2.13,0.38
2025-11-24T18:19:09.459460,4,student_4_lec_2a96290c_700aeb29,lec_2a96290c,cv101,1,0.95,partially_engaged,48.74,-0.0041,-0.0017,-0.0034,-0.0014,-0.0044,-0.0034,-143.75,-140.47,61.47,740.96,3510.67,176.05,17.68,-1.13,1.71,1.14,3.29,2.37,3.4,2.63,1.99,3.37,1.7,1.19,3.3,5.0,1.42,2.01,2.99,3.58,0.0,2.55,2.05,0.26
2025-11-24T18:19:10.515118,5,student_4_lec_2a96290c_700aeb29,lec_2a96290c,cv101,1,0.95,partially_engaged,49.99,-0.0025,-0.0021,-0.0034,-0.0004,-0.0073,-0.0034,-158.62,-131.67,73.24,736.14,3505.91,176.6,18.85,0.65,1.78,1.14,3.22,2.66,3.45,2.34,1.95,3.18,1.62,1.13,3.38,5.0,1.35,1.85,3.15,3.59,0.0,2.54,2.05,0
2025-11-24T18:19:11.570524,6,student_4_lec_2a96290c_700aeb29,lec_2a96290c,cv101,1,0.95,partially_engaged,49.97,-0.0034,-0.0004,-0.0033,0.0012,-0.0053,-0.0034,12.82,-148.07,96.31,750.66,3552.76,176.23,15.96,1.59,1.89,1.31,3.11,2.78,3.25,2.22,1.97,3.11,1.65,1.15,3.35,5.0,1.37,1.73,3.27,3.53,0.0,2.45,2.1,0
2025-11-24T18:19:12.623768,7,student_4_lec_2a96290c_700aeb29,lec_2a96290c,cv101,1,0.95,engaged,50.42,-0.0017,-0.0023,-0.0035,0.0014,-0.0066,-0.0034,2.08,-132.05,258.1,756.99,3541.26,177.65,-11.69,4.74,1.93,1.34,3.07,2.79,3.29,2.21,1.96,3.25,1.82,1.28,3.18,5.0,1.52,2.15,2.85,3.6,0.0,2.56,2.11,0
2025-11-24T18:19:13.624162,8,student_4_lec_2a96290c_700aeb29,lec_2a96290c,cv101,1,0.95,engaged,72.41,-0.0033,0.0009,-0.0034,0.0033,-0.0014,-0.0034,-0.19,3.82,207.25,762.66,3526.13,179.22,10.66,1.85,2.36,1.83,2.64,2.37,3.23,2.63,2.01,2.96,1.9,1.33,3.1,5.0,1.58,2.15,2.85,3.55,0.0,2.56,2.28,0.26
2025-11-24T18:19:14.678124,9,student_4_lec_2a96290c_700aeb29,lec_2a96290c,cv101,1,0.95,partially_engaged,46.86,-0.0039,-0.0034,-0.0033,0.0002,-0.0034,-0.0032,23.39,-133.54,200.79,784.46,3549.14,179.59,-8.61,3.87,2.23,1.59,2.77,1.9,3.49,3.1,2.03,3.01,1.73,1.21,3.27,5.0,1.44,2.13,2.87,3.49,0.0,2.61,2.2,1.2
2025-11-24T18:19:15.757803,10,student_4_lec_2a96290c_700aeb29,lec_2a96290c,cv101,1,0.95,engaged,50.44,-0.0009,-0.0013,-0.0035,0.0028,-0.0046,-0.0035,-11.66,-143.21,186.07,746.79,3433.59,178.2,14.3,-0.09,1.99,1.4,3.01,2.71,3.39,2.29,2.08,3.23,1.89,1.32,3.11,5.0,1.58,1.88,3.12,3.59,0.0,2.64,2.13,0
2025-11-24T18:19:16.810125,11,student_4_lec_2a96290c_700aeb29,lec_2a96290c,cv101,1,0.95,engaged,52.18,-0.0041,-0.0003,-0.0038,-0.0016,-0.0076,-0.0038,-145.05,-145.74,237.32,696.69,3040.26,-174.01,-12.46,1.82,2.54,1.74,2.46,2.84,3.83,2.16,2.45,3.12,1.96,1.37,3.04,5.0,1.63,2.08,2.92,3.41,0.0,2.9,2.25,0
2025-11-24T18:19:17.855889,12,student_4_lec_2a96290c_700aeb29,lec_2a96290c,cv101,1,0.95,engaged,52.25,-0.0052,-0.0011,-0.0041,-0.0014,-0.0071,-0.004,-144.34,-142.17,189.55,690.72,2992.49,-174.81,-9.21,-0.68,2.37,1.73,2.63,2.76,3.85,2.24,2.45,3.18,2.16,1.51,2.84,5.0,1.8,2.03,2.97,3.62,0.0,3.0,2.24,0
2025-11-24T18:19:18.857026,13,student_4_lec_2a96290c_700aeb29,lec_2a96290c,cv101,1,0.95,engaged,53.36,-0.0075,-0.007,-0.0041,-0.0128,-0.0044,-0.004,-113.16,-126.5,-27.3,-736.29,-3038.88,-150.11,7.19,175.83,2.16,1.4,2.84,2.51,4.32,2.49,2.59,3.29,2.62,1.83,2.38,5.0,2.18,2.89,2.11,3.74,0.0,3.47,2.13,0
2025-11-24T18:19:19.909715,14,student_4_lec_2a96290c_700aeb29,lec_2a96290c,cv101,1,0.95,engaged,54.53,-0.0046,-0.0031,-0.004,-0.001,-0.0034,-0.004,-148.04,-140.91,13.0,703.67,2829.41,-176.11,-10.62,-0.71,2.59,1.79,2.41,3.08,4.15,1.92,2.63,3.31,2.23,1.56,2.77,5.0,1.86,1.75,3.25,3.81,0.0,3.19,2.26,0
2025-11-24T18:19:20.965155,15,student_4_lec_2a96290c_700aeb29,lec_2a96290c,cv101,1,0.95,engaged,54.64,-0.003,-0.0048,-0.0042,-0.002,-0.0037,-0.0041,-148.9,-134.2,15.61,704.1,2842.24,-175.33,-10.92,-0.76,2.22,1.47,2.78,3.04,4.22,1.96,2.61,3.33,2.23,1.56,2.77,5.0,1.86,2.28,2.72,3.74,0.0,3.22,2.16,0
2025-11-24T18:19:22.022148,16,student_4_lec_2a96290c_700aeb29,lec_2a96290c,cv101,1,0.95,engaged,54.43,-0.0017,-0.0048,-0.0042,-0.0056,-0.0049,-0.0041,-142.07,-130.82,20.11,691.58,2777.38,-172.75,-13.22,-0.64,2.29,1.49,2.71,2.93,4.21,2.07,2.61,3.23,2.39,1.67,2.61,5.0,1.99,1.88,3.12,3.67,0.0,3.3,2.16,0
2025-11-24T18:19:23.087054,17,student_4_lec_2a96290c_700aeb29,lec_2a96290c,cv101,1,0.95,engaged,51.44,-0.003,-0.0007,-0.0033,-0.0015,-0.0032,-0.0033,-146.79,-151.78,167.48,653.69,3062.44,179.13,-25.33,3.78,2.09,1.49,2.91,2.62,3.83,2.38,2.13,3.62,2.03,1.42,2.97,5.0,1.69,1.72,3.28,4.17,0.0,2.93,2.16,0
2025-11-24T18:19:24.129380,18,student_4_lec_2a96290c_700aeb29,lec_2a96290c,cv101,1,0.95,engaged,51.81,-0.0006,-0.0014,-0.0038,-0.0012,-0.0063,-0.0038,-166.8,-140.58,72.5,685.68,3159.01,-177.43,8.38,0.72,1.88,1.35,3.12,2.81,3.47,2.19,2.23,3.34,2.29,1.6,2.71,5.0,1.91,1.51,3.49,3.66,0.0,2.88,2.12,0
2025-11-24T18:19:25.191465,19,student_4_lec_2a96290c_700aeb29,lec_2a96290c,cv101,1,0.95,engaged,52.04,-0.0021,-0.0013,-0.0037,0.0025,-0.0053,-0.0037,-2.35,-142.76,88.85,666.59,3305.56,176.29,12.2,1.94,1.89,1.3,3.11,3.05,3.38,1.95,2.15,3.49,1.96,1.37,3.04,5.0,1.63,1.49,3.51,3.85,0.0,2.67,2.1,0
2025-11-24T18:19:26.250294,20,student_4_lec_2a96290c_700aeb29,lec_2a96290c,cv101,1,0.95,partially_engaged,49.7,-0.0025,-0.0016,-0.0037,0.0015,-0.0073,-0.0038,6.34,-137.05,114.97,701.35,3366.0,-177.46,-4.58,4.92,2.3,1.71,2.7,2.57,3.32,2.43,2.12,3.09,1.98,1.39,3.02,5.0,1.65,2.01,2.99,3.55,0.0,2.65,2.24,0
2025-11-24T18:19:27.310940,21,student_4_lec_2a96290c_700aeb29,lec_2a96290c,cv101,1,0.95,partially_engaged,49.21,-0.0016,-0.001,-0.0036,0.002,-0.0011,-0.0036,-2.01,-163.49,69.85,715.43,3459.63,-179.96,5.55,3.17,2.31,1.78,2.69,2.53,3.2,2.47,2.02,3.13,1.99,1.39,3.01,5.0,1.66,2.05,2.95,3.54,0.0,2.6,2.26,0
2025-11-24T18:19:28.348619,22,student_4_lec_2a96290c_700aeb29,lec_2a96290c,cv101,1,0.95,partially_engaged,49.31,-0.0021,-0.0031,-0.0035,0.0,-0.0045,-0.0035,15.42,-133.04,102.7,701.14,3389.07,178.63,5.2,1.31,2.51,1.91,2.49,2.44,3.46,2.56,2.1,3.2,1.9,1.33,3.1,5.0,1.59,1.7,3.3,3.69,0.0,2.68,2.3,0.12
2025-11-24T18:19:29.407322,23,student_4_lec_2a96290c_700aeb29,lec_2a96290c,cv101,1,0.95,partially_engaged,49.81,-0.0009,-0.0019,-0.0036,0.0002,-0.0051,-0.0036,5.23,-138.81,122.41,715.37,3443.55,-179.69,-0.14,3.31,2.46,1.85,2.54,2.58,3.41,2.42,2.1,3.13,1.9,1.33,3.1,5.0,1.59,2.15,2.85,3.57,0.0,2.66,2.28,0
2025-11-24T18:19:30.466883,24,student_4_lec_2a96290c_700aeb29,lec_2a96290c,cv101,1,0.95,engaged,50.64,-0.0025,-0.0022,-0.0037,-0.0012,-0.0054,-0.0037,-153.8,-137.02,118.41,693.82,3341.39,179.56,0.03,3.18,2.3,1.71,2.7,2.75,3.41,2.25,2.1,3.31,1.94,1.36,3.06,5.0,1.61,1.74,3.26,3.72,0.0,2.67,2.24,0
2025-11-24T18:19:31.527252,25,student_4_lec_2a96290c_700aeb29,lec_2a96290c,cv101,1,0.95,engaged,51.62,-0.0005,-0.0024,-0.0036,-0.0008,-0.0058,-0.0035,-169.79,-133.64,135.81,694.11,3349.46,-179.03,-8.7,4.96,2.11,1.45,2.89,2.91,3.5,2.09,2.14,3.18,1.91,1.34,3.09,5.0,1.59,2.17,2.83,3.61,0.0,2.71,2.15,0
2025-11-24T18:19:32.589327,26,student_4_lec_2a96290c_700aeb29,lec_2a96290c,cv101,1,0.95,partially_engaged,49.22,-0.0001,-0.0076,-0.0036,0.0024,-0.0043,-0.0036,-15.33,-122.67,112.22,701.22,3351.04,178.62,11.99,0.82,2.33,1.69,2.67,2.35,3.49,2.65,2.15,3.17,1.98,1.39,3.02,5.0,1.65,2.16,2.84,3.71,0.0,2.74,2.23,0.3
2025-11-24T18:19:33.634638,27,student_4_lec_2a96290c_700aeb29,lec_2a96290c,cv101,1,0.95,engaged,50.06,-0.0018,-0.0013,-0.0035,0.0007,-0.0018,-0.0035,7.69,-156.48,128.02,728.35,3390.22,179.75,-2.61,2.55,2.31,1.76,2.69,2.6,3.43,2.4,2.16,3.1,1.95,1.36,3.05,5.0,1.62,1.97,3.03,3.66,0.0,2.69,2.25,0
2025-11-24T18:19:34.700673,28,student_4_lec_2a96290c_700aeb29,lec_2a96290c,cv101,1,0.95,engaged,50.16,-0.0004,-0.0013,-0.0036,0.0003,-0.004,-0.0036,1.02,-146.18,121.25,726.71,3371.7,-178.87,-3.25,3.42,2.68,2.03,2.32,2.62,3.45,2.38,2.12,3.1,1.98,1.39,3.02,5.0,1.65,2.04,2.96,3.56,0.0,2.71,2.34,0
2025-11-24T18:19:35.759306,29,student_4_lec_2a96290c_700aeb29,lec_2a96290c,cv101,1,0.95,engaged,73.08,-0.0016,0.0008,-0.0037,0.0014,-0.0027,-0.0037,1.89,11.96,91.95,735.07,3406.76,-178.79,4.28,1.81,2.54,1.95,2.46,2.35,3.44,2.65,2.08,3.14,2.03,1.42,2.97,5.0,1.69,1.88,3.12,3.59,0.0,2.73,2.32,0.3
2025-11-24T18:19:36.818963,30,student_4_lec_2a96290c_700aeb29,lec_2a96290c,cv101,1,0.95,partially_engaged,49.92,-0.0032,-0.0009,-0.0036,0.0006,-0.0032,-0.0036,15.88,-152.1,99.67,726.6,3376.89,179.15,6.76,0.96,2.39,1.77,2.61,2.55,3.51,2.45,2.11,3.15,1.88,1.32,3.12,5.0,1.57,1.61,3.39,3.72,0.0,2.69,2.26,0
2025-11-24T18:19:38.197914,31,student_4_lec_2a96290c_700aeb29,lec_2a96290c,cv101,1,0.95,engaged,51.0,-0.0046,-0.0022,-0.0036,-0.0001,-0.0026,-0.0036,-153.17,-146.53,167.37,735.31,3455.61,-178.27,-2.05,3.1,1.85,1.32,3.15,2.87,3.32,2.13,2.02,2.89,1.91,1.34,3.09,5.0,1.59,1.92,3.08,3.55,0.0,2.61,2.11,0
2025-11-24T18:19:39.246168,32,student_4_lec_2a96290c_700aeb29,lec_2a96290c,cv101,1,0.95,partially_engaged,49.36,-0.0073,-0.0004,-0.0036,-0.0002,-0.0018,-0.0036,-146.58,-163.19,122.63,742.89,3438.62,-178.36,7.95,2.57,2.2,1.62,2.8,2.48,3.27,2.52,2.06,2.88,2.06,1.44,2.94,5.0,1.72,2.03,2.97,3.51,0.0,2.67,2.21,0.04
2025-11-24T18:19:40.249837,33,student_4_lec_2a96290c_700aeb29,lec_2a96290c,cv101,1,0.95,partially_engaged,48.65,-0.0041,-0.0001,-0.0035,-0.001,-0.0029,-0.0035,-147.33,-159.68,137.57,759.3,3481.89,-178.11,-1.31,1.64,2.3,1.74,2.7,2.28,3.43,2.72,2.11,2.84,1.93,1.35,3.07,5.0,1.61,2.12,2.88,3.42,0.0,2.68,2.25,0.44
2025-11-24T18:19:41.355111,34,student_4_lec_2a96290c_700aeb29,lec_2a96290c,cv101,1,0.95,partially_engaged,49.0,-0.0054,-0.0023,-0.0035,0.0005,-0.0037,-0.0035,24.86,-140.19,139.53,767.79,3558.04,179.18,7.55,2.24,2.06,1.51,2.94,2.47,3.28,2.53,2.02,2.95,1.85,1.29,3.15,5.0,1.54,1.97,3.03,3.51,0.0,2.56,2.17,0.06
2025-11-24T18:19:42.364421,35,student_4_lec_2a96290c_700aeb29,lec_2a96290c,cv101,1,0.95,engaged,50.02,-0.0044,-0.0019,-0.0035,-0.001,-0.0062,-0.0035,-146.82,-135.47,100.33,752.56,3492.71,179.67,13.53,1.61,1.92,1.4,3.08,2.7,3.24,2.3,2.02,2.88,1.9,1.33,3.1,5.0,1.58,2.14,2.86,3.46,0.0,2.57,2.13,0
2025-11-24T18:19:43.422934,36,student_4_lec_2a96290c_700aeb29,lec_2a96290c,cv101,1,0.95,engaged,60.46,-0.0007,0.0016,-0.0034,0.0003,-0.0065,-0.0034,2.99,18.86,123.33,780.47,3572.17,177.91,14.62,1.04,2.38,1.73,2.62,2.46,3.15,2.54,2.03,2.95,1.8,1.26,3.2,5.0,1.5,2.29,2.71,3.44,0.0,2.48,2.24,0.08
2025-11-24T18:19:44.425158,37,student_4_lec_2a96290c_700aeb29,lec_2a96290c,cv101,0,0.0,no_face,0.0,0.0,0.0,0.0,0.0,0.0,0.0,0.0,0.0,0.0,0.0,0.0,0.0,0.0,0.0,0.0,0.0,0.0,0.0,0.0,0.0,0.0,0.0,0.0,0.0,0.0,0.0,0.0,0.0,0.0,0.0,0.0,0.0,0.0,0.0
2025-11-24T18:19:45.476293,38,student_4_lec_2a96290c_700aeb29,lec_2a96290c,cv101,1,0.95,engaged,60.35,-0.0011,-0.0028,-0.0056,0.0051,-0.0074,-0.0054,-16.11,-139.59,-452.35,-714.2,-2525.45,-148.3,-21.19,176.95,4.9,3.52,0.1,3.82,5.0,1.18,3.44,3.82,2.76,1.93,2.24,5.0,2.3,1.55,3.45,3.76,0.0,3.88,2.84,0
2025-11-24T18:19:46.527408,39,student_4_lec_2a96290c_700aeb29,lec_2a96290c,cv101,0,0.0,no_face,0.0,0.0,0.0,0.0,0.0,0.0,0.0,0.0,0.0,0.0,0.0,0.0,0.0,0.0,0.0,0.0,0.0,0.0,0.0,0.0,0.0,0.0,0.0,0.0,0.0,0.0,0.0,0.0,0.0,0.0,0.0,0.0,0.0,0.0,0.0
2025-11-24T18:19:47.585663,40,student_4_lec_2a96290c_700aeb29,lec_2a96290c,cv101,1,0.95,engaged,51.58,0.0027,0.0003,-0.0039,0.0056,-0.0058,-0.0042,135.83,25.02,294.47,-772.97,-3055.13,-149.98,26.97,-174.37,3.12,2.25,1.88,2.48,4.1,2.52,2.8,3.59,2.19,1.53,2.81,3.78,1.82,2.52,2.48,2.89,0.0,3.14,2.42,0.04
2025-11-24T18:19:48.641351,41,student_4_lec_2a96290c_700aeb29,lec_2a96290c,cv101,1,0.95,engaged,53.97,0.0059,-0.0018,-0.0038,0.0024,-0.0036,-0.0042,136.7,-147.12,295.86,-772.8,-2956.92,-149.66,29.94,-174.05,2.86,2.04,2.14,2.79,4.4,2.21,2.88,3.51,2.29,1.6,2.71,3.83,1.91,2.25,2.75,2.84,0.0,3.35,2.35,0
2025-11-24T18:19:49.697054,42,student_4_lec_2a96290c_700aeb29,lec_2a96290c,cv101,1,0.95,engaged,55.52,0.0041,-0.0094,-0.0042,0.0033,-0.0021,-0.0045,139.43,-134.7,203.56,-744.23,-2907.35,-146.03,23.64,-177.41,2.39,1.68,2.61,3.01,4.45,1.99,2.86,3.26,2.49,1.74,2.51,4.69,2.08,1.91,3.09,3.07,0.0,3.47,2.23,0
2025-11-24T18:19:50.753492,43,student_4_lec_2a96290c_700aeb29,lec_2a96290c,cv101,1,0.95,engaged,54.87,0.0006,-0.0017,-0.0042,0.0021,-0.0038,-0.0046,163.96,-148.89,205.46,-730.44,-2867.94,-148.52,26.99,-174.81,2.56,1.83,2.44,2.84,4.53,2.16,2.87,3.39,2.44,1.71,2.56,5.0,2.03,1.4,3.6,3.34,0.0,3.49,2.28,0
2025-11-24T18:19:51.810938,44,student_4_lec_2a96290c_700aeb29,lec_2a96290c,cv101,1,0.95,partially_engaged,49.79,-0.0075,-0.0048,-0.0044,0.0091,-0.0024,-0.0046,-1.88,-142.8,340.95,-669.18,-2814.82,-152.37,30.8,177.95,2.11,1.4,2.89,1.94,3.99,3.06,2.41,3.96,2.49,1.74,2.51,5.0,2.07,2.56,2.44,4.67,0.0,3.24,2.13,1.12
2025-11-24T18:19:52.873943,45,student_4_lec_2a96290c_700aeb29,lec_2a96290c,cv101,1,0.95,engaged,50.26,0.0008,0.001,-0.0043,0.0035,-0.0007,-0.0046,156.13,-2.23,325.54,-694.19,-3024.78,-156.58,32.03,-175.65,2.86,2.12,2.14,2.15,4.1,2.85,2.51,3.62,2.22,1.55,2.78,5.0,1.85,1.12,3.88,3.97,0.0,3.16,2.37,0.7
2025-11-24T18:19:53.870467,46,student_4_lec_2a96290c_700aeb29,lec_2a96290c,cv101,1,0.95,engaged,50.1,0.0036,-0.0001,-0.0042,0.0017,-0.0031,-0.0046,149.57,-162.45,-307.82,639.06,2731.84,-178.23,19.52,-5.38,2.64,1.97,2.36,2.13,4.06,2.87,2.54,3.58,2.21,1.54,2.79,5.0,1.84,1.33,3.67,4.05,0.0,3.13,2.32,0.74
2025-11-24T18:19:54.910581,47,student_4_lec_2a96290c_700aeb29,lec_2a96290c,cv101,1,0.95,engaged,50.46,0.0017,-0.0015,-0.0042,0.0027,-0.0037,-0.0046,154.08,-150.67,-308.96,639.51,2739.02,-178.35,21.67,-5.1,2.81,2.08,2.19,2.19,4.16,2.81,2.55,3.56,2.14,1.5,2.86,5.0,1.79,1.43,3.57,4.01,0.0,3.15,2.36,0.62
2025-11-24T18:19:55.967871,48,student_4_lec_2a96290c_700aeb29,lec_2a96290c,cv101,1,0.95,engaged,53.21,-0.001,-0.0002,-0.0043,-0.0023,-0.0043,-0.0046,-160.35,-156.87,-299.06,627.91,2675.3,-178.3,21.67,-4.15,2.44,1.68,2.56,2.72,4.23,2.28,2.56,3.62,2.22,1.56,2.78,5.0,1.85,1.37,3.63,4.05,0.0,3.23,2.23,0
2025-11-24T18:19:56.972283,49,student_4_lec_2a96290c_700aeb29,lec_2a96290c,cv101,1,0.95,engaged,52.47,-0.001,-0.0004,-0.0043,0.0005,-0.0025,-0.0046,3.5,-163.12,-290.19,538.67,2777.25,172.53,20.28,-3.2,2.57,1.97,2.43,2.77,3.73,2.23,2.36,4.1,2.48,1.74,2.52,5.0,2.07,0.94,4.06,4.63,0.0,3.1,2.32,0
2025-11-24T18:19:58.020726,50,student_4_lec_2a96290c_700aeb29,lec_2a96290c,cv101,0,0.0,no_face,0.0,0.0,0.0,0.0,0.0,0.0,0.0,0.0,0.0,0.0,0.0,0.0,0.0,0.0,0.0,0.0,0.0,0.0,0.0,0.0,0.0,0.0,0.0,0.0,0.0,0.0,0.0,0.0,0.0,0.0,0.0,0.0,0.0,0.0,0.0
2025-11-24T18:19:59.083735,51,student_4_lec_2a96290c_700aeb29,lec_2a96290c,cv101,0,0.0,no_face,0.0,0.0,0.0,0.0,0.0,0.0,0.0,0.0,0.0,0.0,0.0,0.0,0.0,0.0,0.0,0.0,0.0,0.0,0.0,0.0,0.0,0.0,0.0,0.0,0.0,0.0,0.0,0.0,0.0,0.0,0.0,0.0,0.0,0.0,0.0
2025-11-24T18:20:00.133650,52,student_4_lec_2a96290c_700aeb29,lec_2a96290c,cv101,0,0.0,no_face,0.0,0.0,0.0,0.0,0.0,0.0,0.0,0.0,0.0,0.0,0.0,0.0,0.0,0.0,0.0,0.0,0.0,0.0,0.0,0.0,0.0,0.0,0.0,0.0,0.0,0.0,0.0,0.0,0.0,0.0,0.0,0.0,0.0,0.0,0.0
2025-11-24T18:20:01.185003,53,student_4_lec_2a96290c_700aeb29,lec_2a96290c,cv101,1,0.95,partially_engaged,47.15,-0.0039,0.0038,-0.0036,0.0011,-0.0002,-0.0036,14.95,-21.77,-133.51,654.97,3400.87,176.33,5.87,1.18,2.87,2.33,2.13,1.99,3.41,3.01,2.08,3.25,1.93,1.35,3.07,5.0,1.61,1.46,3.54,3.89,0.0,2.67,2.44,1.02
2025-11-24T18:20:02.241515,54,student_4_lec_2a96290c_700aeb29,lec_2a96290c,cv101,1,0.95,engaged,72.13,-0.0017,-0.0028,-0.0036,0.0011,0.0011,-0.0036,4.18,10.07,5.58,666.37,3519.35,170.19,-3.25,2.68,2.21,1.8,2.79,2.3,3.21,2.7,1.84,3.2,1.93,1.35,3.07,5.0,1.61,1.32,3.68,4.18,0.0,2.57,2.27,0.4
2025-11-24T18:20:03.245125,55,student_4_lec_2a96290c_700aeb29,lec_2a96290c,cv101,1,0.95,partially_engaged,47.82,-0.0012,-0.0009,-0.0038,0.0008,-0.001,-0.0038,2.65,-165.95,72.95,669.98,3488.02,170.21,-2.86,3.12,2.5,2.0,2.5,2.18,3.23,2.82,1.91,3.37,2.05,1.44,2.95,5.0,1.71,1.52,3.48,4.08,0.0,2.64,2.33,0.64
2025-11-24T18:20:04.300815,56,student_4_lec_2a96290c_700aeb29,lec_2a96290c,cv101,1,0.95,engaged,59.28,-0.002,0.0021,-0.0037,0.0049,-0.0055,-0.0039,-11.4,12.74,-172.34,597.05,3260.18,178.57,18.57,-8.74,1.62,1.19,3.38,1.9,3.24,3.1,2.03,2.93,2.26,1.58,2.74,5.0,1.88,1.58,3.42,4.09,0.0,2.75,2.06,1.2
2025-11-24T18:20:05.343986,57,student_4_lec_2a96290c_700aeb29,lec_2a96290c,cv101,1,0.95,partially_engaged,49.47,-0.0016,-0.0016,-0.0038,0.0031,-0.0021,-0.0038,-8.26,-154.1,-35.04,634.81,3414.04,173.4,12.77,-1.32,2.2,1.65,2.8,2.54,3.29,2.46,2.01,3.52,1.96,1.37,3.04,5.0,1.63,1.72,3.28,3.96,0.0,2.62,2.22,0
2025-11-24T18:20:06.415966,58,student_4_lec_2a96290c_700aeb29,lec_2a96290c,cv101,1,0.95,partially_engaged,48.34,-0.0023,-0.0011,-0.004,0.0018,-0.0011,-0.0041,2.91,-164.52,1.57,637.16,3356.59,175.37,8.83,0.55,2.33,1.85,2.67,2.21,3.35,2.79,2.05,3.4,2.06,1.44,2.94,5.0,1.72,1.42,3.58,3.92,0.0,2.71,2.28,0.58
2025-11-24T18:20:07.470899,59,student_4_lec_2a96290c_700aeb29,lec_2a96290c,cv101,1,0.95,partially_engaged,48.9,-0.0016,-0.0001,-0.0038,0.0007,-0.0019,-0.0039,6.35,-166.08,-16.05,636.81,3339.52,176.8,12.88,-0.95,2.3,1.8,2.7,2.35,3.43,2.65,2.1,3.18,1.92,1.34,3.08,5.0,1.6,1.74,3.26,3.83,0.0,2.67,2.27,0.3
2025-11-24T18:20:08.528084,60,student_4_lec_2a96290c_700aeb29,lec_2a96290c,cv101,1,0.95,partially_engaged,48.69,-0.0021,-0.0004,-0.0038,0.0007,-0.0006,-0.0039,9.8,-172.09,-14.61,640.7,3354.32,176.16,9.85,-1.08,2.36,1.87,2.64,2.32,3.36,2.68,2.11,3.28,1.99,1.39,3.01,5.0,1.66,1.47,3.53,3.83,0.0,2.67,2.29,0.36
2025-11-24T18:20:09.531618,61,student_4_lec_2a96290c_700aeb29,lec_2a96290c,cv101,1,0.95,partially_engaged,48.17,-0.002,-0.0011,-0.0037,-0.0001,-0.0013,-0.0038,-164.99,-162.45,13.73,647.45,3390.39,177.24,6.29,-0.2,2.34,1.86,2.66,2.15,3.37,2.85,2.09,3.08,2.09,1.46,2.91,5.0,1.74,1.74,3.26,3.81,0.0,2.73,2.29,0.7
2025-11-24T18:20:10.606549,62,student_4_lec_2a96290c_700aeb29,lec_2a96290c,cv101,1,0.95,partially_engaged,47.61,-0.0009,-0.0017,-0.0034,-0.0,0.0003,-0.0033,-172.32,11.47,219.4,706.47,3538.65,172.13,-12.59,4.14,2.15,1.69,2.85,2.2,3.06,2.8,1.77,3.2,2.08,1.46,2.92,5.0,1.74,2.0,3.0,4.07,0.0,2.57,2.23,0.6
2025-11-24T18:20:11.634973,63,student_4_lec_2a96290c_700aeb29,lec_2a96290c,cv101,1,0.95,engaged,59.1,-0.0028,-0.001,-0.0035,0.0004,0.0006,-0.0034,16.15,2.84,204.17,805.46,3666.99,179.74,-1.28,4.79,2.51,1.93,2.49,2.04,3.24,2.96,1.93,2.67,1.96,1.37,3.04,5.0,1.63,2.04,2.96,3.46,0.0,2.6,2.31,0.92
2025-11-24T18:20:12.685397,64,student_4_lec_2a96290c_700aeb29,lec_2a96290c,cv101,1,0.95,partially_engaged,49.24,0.0008,-0.0037,-0.0034,0.0013,-0.0052,-0.0033,162.53,-127.68,214.14,789.55,3563.1,-178.79,-0.87,5.07,2.33,1.68,2.67,2.47,3.4,2.53,2.05,3.03,1.84,1.29,3.16,5.0,1.53,2.14,2.86,3.33,0.0,2.62,2.23,0.06
2025-11-24T18:20:13.746702,65,student_4_lec_2a96290c_700aeb29,lec_2a96290c,cv101,1,0.95,partially_engaged,48.3,-0.0035,-0.0026,-0.0034,-0.003,-0.0081,-0.0034,-137.0,-127.81,149.75,775.52,3470.02,-174.92,-6.7,2.28,2.11,1.5,2.89,2.14,3.55,2.86,2.13,2.61,1.85,1.3,3.15,5.0,1.55,2.56,2.44,3.29,0.0,2.7,2.17,0.72
2025-11-24T18:20:14.799319,66,student_4_lec_2a96290c_700aeb29,lec_2a96290c,cv101,1,0.95,partially_engaged,49.66,-0.0029,0.0008,-0.0035,0.0007,-0.0085,-0.0036,14.43,26.94,119.63,769.17,3489.06,-178.17,5.8,0.42,2.05,1.43,2.95,2.49,3.46,2.51,2.07,2.84,1.89,1.32,3.11,5.0,1.57,2.19,2.81,3.39,0.0,2.67,2.14,0.02
2025-11-24T18:20:15.859677,67,student_4_lec_2a96290c_700aeb29,lec_2a96290c,cv101,1,0.95,engaged,50.03,-0.0004,-0.0007,-0.0035,0.001,-0.002,-0.0035,-4.59,-159.12,131.25,773.15,3519.28,-179.32,10.68,1.62,2.12,1.45,2.88,2.6,3.36,2.4,2.06,3.0,1.98,1.38,3.02,5.0,1.65,1.83,3.17,3.36,0.0,2.67,2.15,0
2025-11-24T18:20:16.911367,68,student_4_lec_2a96290c_700aeb29,lec_2a96290c,cv101,1,0.95,partially_engaged,49.3,-0.0031,-0.0014,-0.0036,-0.0011,-0.0069,-0.0036,-150.85,-137.79,152.5,780.85,3499.73,-176.49,-1.3,2.81,2.25,1.64,2.75,2.42,3.4,2.58,2.06,2.84,1.98,1.39,3.02,5.0,1.65,2.23,2.77,3.27,0.0,2.69,2.21,0.16
2025-11-24T18:20:17.967440,69,student_4_lec_2a96290c_700aeb29,lec_2a96290c,cv101,1,0.95,partially_engaged,49.32,-0.0051,0.0005,-0.0037,-0.0009,-0.0032,-0.0037,-146.27,16.85,128.47,777.43,3475.01,-174.98,3.41,2.79,2.16,1.53,2.84,2.4,3.45,2.6,2.1,2.75,1.95,1.37,3.05,5.0,1.63,2.21,2.79,3.23,0.0,2.7,2.18,0.2
2025-11-24T18:20:18.970735,70,student_4_lec_2a96290c_700aeb29,lec_2a96290c,cv101,1,0.95,partially_engaged,48.87,-0.0035,-0.0001,-0.0036,-0.0029,-0.0038,-0.0037,-138.59,-156.62,134.89,767.95,3485.94,-177.46,0.01,2.78,2.15,1.51,2.85,2.36,3.43,2.64,2.1,2.86,1.82,1.27,3.18,5.0,1.52,2.11,2.89,3.34,0.0,2.62,2.17,0.28
2025-11-24T18:20:20.020566,71,student_4_lec_2a96290c_700aeb29,lec_2a96290c,cv101,1,0.95,partially_engaged,48.9,-0.0047,-0.0,-0.0037,-0.0019,-0.0037,-0.0037,-140.05,-157.23,110.19,765.58,3481.58,-177.68,6.56,2.16,2.13,1.49,2.87,2.37,3.4,2.63,2.09,2.77,1.85,1.29,3.15,5.0,1.54,2.32,2.68,3.36,0.0,2.62,2.16,0.26
2025-11-24T18:20:21.073317,72,student_4_lec_2a96290c_700aeb29,lec_2a96290c,cv101,1,0.95,partially_engaged,48.19,-0.0026,-0.0007,-0.0036,-0.0001,-0.0061,-0.0036,-160.58,-144.72,112.23,768.82,3505.03,-179.19,8.19,1.68,2.32,1.68,2.68,2.21,3.42,2.79,2.05,2.87,1.85,1.3,3.15,5.0,1.54,1.98,3.02,3.46,0.0,2.63,2.23,0.58
2025-11-24T18:20:22.128287,73,student_4_lec_2a96290c_700aeb29,lec_2a96290c,cv101,1,0.95,partially_engaged,48.39,-0.004,-0.0009,-0.0037,-0.0012,-0.0045,-0.0036,-147.2,-147.35,148.26,761.58,3474.62,-178.15,-5.31,3.26,2.22,1.59,2.78,2.19,3.5,2.81,2.06,2.86,1.87,1.31,3.13,5.0,1.56,2.33,2.67,3.44,0.0,2.69,2.2,0.62
2025-11-24T18:20:23.183098,74,student_4_lec_2a96290c_700aeb29,lec_2a96290c,cv101,1,0.95,partially_engaged,48.52,-0.0045,0.0007,-0.0035,-0.0001,-0.0029,-0.0035,-153.11,13.93,124.53,768.69,3538.26,-177.95,-0.02,2.56,2.1,1.53,2.9,2.27,3.46,2.73,2.04,2.81,1.8,1.26,3.2,5.0,1.5,2.14,2.86,3.38,0.0,2.63,2.18,0.46
2025-11-24T18:20:24.240456,75,student_4_lec_2a96290c_700aeb29,lec_2a96290c,cv101,1,0.95,partially_engaged,49.24,-0.0014,-0.0,-0.0036,0.0006,-0.0054,-0.0036,6.19,-151.58,184.6,750.94,3474.16,-178.11,-9.08,2.88,2.24,1.62,2.76,2.52,3.29,2.48,2.09,2.94,1.87,1.31,3.13,5.0,1.56,1.91,3.09,3.43,0.0,2.58,2.21,0
2025-11-24T18:20:25.298696,76,student_4_lec_2a96290c_700aeb29,lec_2a96290c,cv101,1,0.95,engaged,51.72,-0.0006,-0.0012,-0.0037,0.0017,-0.0042,-0.0037,-7.74,-146.84,251.23,716.72,3420.93,179.87,-7.84,5.25,2.04,1.4,2.96,3.05,3.34,1.95,2.03,3.18,1.86,1.3,3.14,5.0,1.55,1.85,3.15,3.65,0.0,2.6,2.13,0
2025-11-24T18:20:26.369762,77,student_4_lec_2a96290c_700aeb29,lec_2a96290c,cv101,1,0.95,engaged,51.0,-0.0009,-0.0031,-0.0036,0.0002,-0.0004,-0.0036,5.44,-156.85,216.07,718.18,3419.63,179.11,-7.59,4.46,2.02,1.41,2.98,2.74,3.53,2.26,2.05,2.79,1.93,1.35,3.07,5.0,1.61,1.63,3.37,3.69,0.0,2.73,2.14,0
2025-11-24T18:20:27.424914,78,student_4_lec_2a96290c_700aeb29,lec_2a96290c,cv101,0,0.0,no_face,0.0,0.0,0.0,0.0,0.0,0.0,0.0,0.0,0.0,0.0,0.0,0.0,0.0,0.0,0.0,0.0,0.0,0.0,0.0,0.0,0.0,0.0,0.0,0.0,0.0,0.0,0.0,0.0,0.0,0.0,0.0,0.0,0.0,0.0,0.0
2025-11-24T18:20:28.484439,79,student_4_lec_2a96290c_700aeb29,lec_2a96290c,cv101,1,0.95,engaged,67.47,-0.0017,-0.0021,-0.003,0.0014,0.0013,-0.0028,1.79,5.11,741.56,907.34,4167.61,170.66,-11.34,15.6,2.49,2.01,2.51,1.71,2.78,3.29,1.54,2.63,1.43,1.0,3.57,5.0,1.19,1.46,3.54,3.33,0.0,2.1,2.34,1.58
2025-11-24T18:20:29.536006,80,student_4_lec_2a96290c_700aeb29,lec_2a96290c,cv101,0,0.0,no_face,0.0,0.0,0.0,0.0,0.0,0.0,0.0,0.0,0.0,0.0,0.0,0.0,0.0,0.0,0.0,0.0,0.0,0.0,0.0,0.0,0.0,0.0,0.0,0.0,0.0,0.0,0.0,0.0,0.0,0.0,0.0,0.0,0.0,0.0,0.0
2025-11-24T18:20:30.602973,81,student_4_lec_2a96290c_700aeb29,lec_2a96290c,cv101,1,0.95,partially_engaged,45.81,-0.0015,-0.0009,-0.0032,0.0002,-0.0008,-0.0032,11.07,-164.88,222.3,790.09,3926.01,173.8,6.87,2.79,2.2,1.66,2.8,2.02,2.86,2.98,1.76,2.93,1.8,1.26,3.2,5.0,1.5,1.44,3.56,3.47,0.0,2.33,2.22,0.96
2025-11-24T18:20:31.649869,82,student_4_lec_2a96290c_700aeb29,lec_2a96290c,cv101,1,0.95,partially_engaged,47.25,-0.0013,-0.002,-0.0032,0.0009,-0.0015,-0.0032,3.19,-151.5,240.93,785.62,3888.53,174.77,1.79,2.93,1.94,1.45,3.06,2.27,3.03,2.73,1.78,2.87,1.71,1.19,3.29,5.0,1.42,1.71,3.29,3.55,0.0,2.37,2.15,0.46
2025-11-24T18:20:32.708683,83,student_4_lec_2a96290c_700aeb29,lec_2a96290c,cv101,1,0.95,partially_engaged,46.71,-0.0022,-0.0019,-0.0034,-0.0011,0.0005,-0.0033,-153.77,9.95,257.78,782.95,3789.24,177.18,-7.69,8.16,2.21,1.7,2.79,2.1,2.98,2.9,1.79,2.66,1.94,1.36,3.06,5.0,1.62,2.34,2.66,3.41,0.0,2.46,2.23,0.8
2025-11-24T18:20:33.770394,84,student_4_lec_2a96290c_700aeb29,lec_2a96290c,cv101,1,0.95,partially_engaged,46.95,-0.0031,-0.0026,-0.0032,-0.0006,0.0001,-0.0033,-153.36,18.48,73.11,820.15,3727.66,179.92,15.8,-4.18,1.59,1.14,3.41,2.08,3.06,2.92,1.9,2.54,1.9,1.33,3.1,5.0,1.59,1.95,3.05,3.4,0.0,2.48,2.05,0.84
2025-11-24T18:20:34.817841,85,student_4_lec_2a96290c_700aeb29,lec_2a96290c,cv101,1,0.95,partially_engaged,47.14,-0.0016,-0.0023,-0.0034,-0.0019,-0.0015,-0.0035,-152.73,-151.14,201.59,791.34,3816.53,175.14,5.97,-1.45,1.65,1.2,3.35,2.12,3.11,2.88,1.81,2.94,1.85,1.3,3.15,5.0,1.54,2.27,2.73,3.54,0.0,2.48,2.07,0.76
2025-11-24T18:20:35.873017,86,student_4_lec_2a96290c_700aeb29,lec_2a96290c,cv101,1,0.95,partially_engaged,46.25,-0.0038,-0.0007,-0.0033,-0.0001,-0.0004,-0.0033,-154.66,-170.29,266.67,790.07,3788.26,178.72,0.7,0.85,1.88,1.4,3.12,1.91,3.19,3.09,1.87,2.83,1.77,1.24,3.23,5.0,1.48,2.1,2.9,3.41,0.0,2.48,2.13,1.18
2025-11-24T18:20:36.929164,87,student_4_lec_2a96290c_700aeb29,lec_2a96290c,cv101,0,0.0,no_face,0.0,0.0,0.0,0.0,0.0,0.0,0.0,0.0,0.0,0.0,0.0,0.0,0.0,0.0,0.0,0.0,0.0,0.0,0.0,0.0,0.0,0.0,0.0,0.0,0.0,0.0,0.0,0.0,0.0,0.0,0.0,0.0,0.0,0.0,0.0
2025-11-24T18:20:37.983516,88,student_4_lec_2a96290c_700aeb29,lec_2a96290c,cv101,0,0.0,no_face,0.0,0.0,0.0,0.0,0.0,0.0,0.0,0.0,0.0,0.0,0.0,0.0,0.0,0.0,0.0,0.0,0.0,0.0,0.0,0.0,0.0,0.0,0.0,0.0,0.0,0.0,0.0,0.0,0.0,0.0,0.0,0.0,0.0,0.0,0.0
2025-11-24T18:20:38.982509,89,student_4_lec_2a96290c_700aeb29,lec_2a96290c,cv101,0,0.0,no_face,0.0,0.0,0.0,0.0,0.0,0.0,0.0,0.0,0.0,0.0,0.0,0.0,0.0,0.0,0.0,0.0,0.0,0.0,0.0,0.0,0.0,0.0,0.0,0.0,0.0,0.0,0.0,0.0,0.0,0.0,0.0,0.0,0.0,0.0,0.0
2025-11-24T18:20:40.029887,90,student_4_lec_2a96290c_700aeb29,lec_2a96290c,cv101,0,0.0,no_face,0.0,0.0,0.0,0.0,0.0,0.0,0.0,0.0,0.0,0.0,0.0,0.0,0.0,0.0,0.0,0.0,0.0,0.0,0.0,0.0,0.0,0.0,0.0,0.0,0.0,0.0,0.0,0.0,0.0,0.0,0.0,0.0,0.0,0.0,0.0
2025-11-24T18:20:41.069825,91,student_4_lec_2a96290c_700aeb29,lec_2a96290c,cv101,0,0.0,no_face,0.0,0.0,0.0,0.0,0.0,0.0,0.0,0.0,0.0,0.0,0.0,0.0,0.0,0.0,0.0,0.0,0.0,0.0,0.0,0.0,0.0,0.0,0.0,0.0,0.0,0.0,0.0,0.0,0.0,0.0,0.0,0.0,0.0,0.0,0.0
2025-11-24T18:20:42.093059,92,student_4_lec_2a96290c_700aeb29,lec_2a96290c,cv101,0,0.0,no_face,0.0,0.0,0.0,0.0,0.0,0.0,0.0,0.0,0.0,0.0,0.0,0.0,0.0,0.0,0.0,0.0,0.0,0.0,0.0,0.0,0.0,0.0,0.0,0.0,0.0,0.0,0.0,0.0,0.0,0.0,0.0,0.0,0.0,0.0,0.0
2025-11-24T18:20:43.117866,93,student_4_lec_2a96290c_700aeb29,lec_2a96290c,cv101,0,0.0,no_face,0.0,0.0,0.0,0.0,0.0,0.0,0.0,0.0,0.0,0.0,0.0,0.0,0.0,0.0,0.0,0.0,0.0,0.0,0.0,0.0,0.0,0.0,0.0,0.0,0.0,0.0,0.0,0.0,0.0,0.0,0.0,0.0,0.0,0.0,0.0
2025-11-24T18:20:44.123394,94,student_4_lec_2a96290c_700aeb29,lec_2a96290c,cv101,0,0.0,no_face,0.0,0.0,0.0,0.0,0.0,0.0,0.0,0.0,0.0,0.0,0.0,0.0,0.0,0.0,0.0,0.0,0.0,0.0,0.0,0.0,0.0,0.0,0.0,0.0,0.0,0.0,0.0,0.0,0.0,0.0,0.0,0.0,0.0,0.0,0.0
2025-11-24T18:20:45.147790,95,student_4_lec_2a96290c_700aeb29,lec_2a96290c,cv101,0,0.0,no_face,0.0,0.0,0.0,0.0,0.0,0.0,0.0,0.0,0.0,0.0,0.0,0.0,0.0,0.0,0.0,0.0,0.0,0.0,0.0,0.0,0.0,0.0,0.0,0.0,0.0,0.0,0.0,0.0,0.0,0.0,0.0,0.0,0.0,0.0,0.0
2025-11-24T18:20:46.189059,96,student_4_lec_2a96290c_700aeb29,lec_2a96290c,cv101,0,0.0,no_face,0.0,0.0,0.0,0.0,0.0,0.0,0.0,0.0,0.0,0.0,0.0,0.0,0.0,0.0,0.0,0.0,0.0,0.0,0.0,0.0,0.0,0.0,0.0,0.0,0.0,0.0,0.0,0.0,0.0,0.0,0.0,0.0,0.0,0.0,0.0
2025-11-24T18:20:47.211724,97,student_4_lec_2a96290c_700aeb29,lec_2a96290c,cv101,0,0.0,no_face,0.0,0.0,0.0,0.0,0.0,0.0,0.0,0.0,0.0,0.0,0.0,0.0,0.0,0.0,0.0,0.0,0.0,0.0,0.0,0.0,0.0,0.0,0.0,0.0,0.0,0.0,0.0,0.0,0.0,0.0,0.0,0.0,0.0,0.0,0.0
2025-11-24T18:20:48.235462,98,student_4_lec_2a96290c_700aeb29,lec_2a96290c,cv101,0,0.0,no_face,0.0,0.0,0.0,0.0,0.0,0.0,0.0,0.0,0.0,0.0,0.0,0.0,0.0,0.0,0.0,0.0,0.0,0.0,0.0,0.0,0.0,0.0,0.0,0.0,0.0,0.0,0.0,0.0,0.0,0.0,0.0,0.0,0.0,0.0,0.0
2025-11-24T18:20:49.246600,99,student_4_lec_2a96290c_700aeb29,lec_2a96290c,cv101,0,0.0,no_face,0.0,0.0,0.0,0.0,0.0,0.0,0.0,0.0,0.0,0.0,0.0,0.0,0.0,0.0,0.0,0.0,0.0,0.0,0.0,0.0,0.0,0.0,0.0,0.0,0.0,0.0,0.0,0.0,0.0,0.0,0.0,0.0,0.0,0.0,0.0
2025-11-24T18:20:50.280249,100,student_4_lec_2a96290c_700aeb29,lec_2a96290c,cv101,0,0.0,no_face,0.0,0.0,0.0,0.0,0.0,0.0,0.0,0.0,0.0,0.0,0.0,0.0,0.0,0.0,0.0,0.0,0.0,0.0,0.0,0.0,0.0,0.0,0.0,0.0,0.0,0.0,0.0,0.0,0.0,0.0,0.0,0.0,0.0,0.0,0.0
2025-11-24T18:20:51.310019,101,student_4_lec_2a96290c_700aeb29,lec_2a96290c,cv101,0,0.0,no_face,0.0,0.0,0.0,0.0,0.0,0.0,0.0,0.0,0.0,0.0,0.0,0.0,0.0,0.0,0.0,0.0,0.0,0.0,0.0,0.0,0.0,0.0,0.0,0.0,0.0,0.0,0.0,0.0,0.0,0.0,0.0,0.0,0.0,0.0,0.0
2025-11-24T18:20:52.363729,102,student_4_lec_2a96290c_700aeb29,lec_2a96290c,cv101,0,0.0,no_face,0.0,0.0,0.0,0.0,0.0,0.0,0.0,0.0,0.0,0.0,0.0,0.0,0.0,0.0,0.0,0.0,0.0,0.0,0.0,0.0,0.0,0.0,0.0,0.0,0.0,0.0,0.0,0.0,0.0,0.0,0.0,0.0,0.0,0.0,0.0
2025-11-24T18:20:53.390053,103,student_4_lec_2a96290c_700aeb29,lec_2a96290c,cv101,0,0.0,no_face,0.0,0.0,0.0,0.0,0.0,0.0,0.0,0.0,0.0,0.0,0.0,0.0,0.0,0.0,0.0,0.0,0.0,0.0,0.0,0.0,0.0,0.0,0.0,0.0,0.0,0.0,0.0,0.0,0.0,0.0,0.0,0.0,0.0,0.0,0.0
2025-11-24T18:20:54.412159,104,student_4_lec_2a96290c_700aeb29,lec_2a96290c,cv101,0,0.0,no_face,0.0,0.0,0.0,0.0,0.0,0.0,0.0,0.0,0.0,0.0,0.0,0.0,0.0,0.0,0.0,0.0,0.0,0.0,0.0,0.0,0.0,0.0,0.0,0.0,0.0,0.0,0.0,0.0,0.0,0.0,0.0,0.0,0.0,0.0,0.0
2025-11-24T18:20:55.416812,105,student_4_lec_2a96290c_700aeb29,lec_2a96290c,cv101,0,0.0,no_face,0.0,0.0,0.0,0.0,0.0,0.0,0.0,0.0,0.0,0.0,0.0,0.0,0.0,0.0,0.0,0.0,0.0,0.0,0.0,0.0,0.0,0.0,0.0,0.0,0.0,0.0,0.0,0.0,0.0,0.0,0.0,0.0,0.0,0.0,0.0
2025-11-24T18:20:56.442782,106,student_4_lec_2a96290c_700aeb29,lec_2a96290c,cv101,0,0.0,no_face,0.0,0.0,0.0,0.0,0.0,0.0,0.0,0.0,0.0,0.0,0.0,0.0,0.0,0.0,0.0,0.0,0.0,0.0,0.0,0.0,0.0,0.0,0.0,0.0,0.0,0.0,0.0,0.0,0.0,0.0,0.0,0.0,0.0,0.0,0.0
2025-11-24T18:20:57.450194,107,student_4_lec_2a96290c_700aeb29,lec_2a96290c,cv101,0,0.0,no_face,0.0,0.0,0.0,0.0,0.0,0.0,0.0,0.0,0.0,0.0,0.0,0.0,0.0,0.0,0.0,0.0,0.0,0.0,0.0,0.0,0.0,0.0,0.0,0.0,0.0,0.0,0.0,0.0,0.0,0.0,0.0,0.0,0.0,0.0,0.0
2025-11-24T18:20:58.475749,108,student_4_lec_2a96290c_700aeb29,lec_2a96290c,cv101,0,0.0,no_face,0.0,0.0,0.0,0.0,0.0,0.0,0.0,0.0,0.0,0.0,0.0,0.0,0.0,0.0,0.0,0.0,0.0,0.0,0.0,0.0,0.0,0.0,0.0,0.0,0.0,0.0,0.0,0.0,0.0,0.0,0.0,0.0,0.0,0.0,0.0
2025-11-24T18:20:59.501267,109,student_4_lec_2a96290c_700aeb29,lec_2a96290c,cv101,0,0.0,no_face,0.0,0.0,0.0,0.0,0.0,0.0,0.0,0.0,0.0,0.0,0.0,0.0,0.0,0.0,0.0,0.0,0.0,0.0,0.0,0.0,0.0,0.0,0.0,0.0,0.0,0.0,0.0,0.0,0.0,0.0,0.0,0.0,0.0,0.0,0.0
2025-11-24T18:21:00.509593,110,student_4_lec_2a96290c_700aeb29,lec_2a96290c,cv101,0,0.0,no_face,0.0,0.0,0.0,0.0,0.0,0.0,0.0,0.0,0.0,0.0,0.0,0.0,0.0,0.0,0.0,0.0,0.0,0.0,0.0,0.0,0.0,0.0,0.0,0.0,0.0,0.0,0.0,0.0,0.0,0.0,0.0,0.0,0.0,0.0,0.0
2025-11-24T18:21:01.533493,111,student_4_lec_2a96290c_700aeb29,lec_2a96290c,cv101,0,0.0,no_face,0.0,0.0,0.0,0.0,0.0,0.0,0.0,0.0,0.0,0.0,0.0,0.0,0.0,0.0,0.0,0.0,0.0,0.0,0.0,0.0,0.0,0.0,0.0,0.0,0.0,0.0,0.0,0.0,0.0,0.0,0.0,0.0,0.0,0.0,0.0
2025-11-24T18:21:02.579425,112,student_4_lec_2a96290c_700aeb29,lec_2a96290c,cv101,0,0.0,no_face,0.0,0.0,0.0,0.0,0.0,0.0,0.0,0.0,0.0,0.0,0.0,0.0,0.0,0.0,0.0,0.0,0.0,0.0,0.0,0.0,0.0,0.0,0.0,0.0,0.0,0.0,0.0,0.0,0.0,0.0,0.0,0.0,0.0,0.0,0.0
2025-11-24T18:21:03.595314,113,student_4_lec_2a96290c_700aeb29,lec_2a96290c,cv101,0,0.0,no_face,0.0,0.0,0.0,0.0,0.0,0.0,0.0,0.0,0.0,0.0,0.0,0.0,0.0,0.0,0.0,0.0,0.0,0.0,0.0,0.0,0.0,0.0,0.0,0.0,0.0,0.0,0.0,0.0,0.0,0.0,0.0,0.0,0.0,0.0,0.0
2025-11-24T18:21:04.620714,114,student_4_lec_2a96290c_700aeb29,lec_2a96290c,cv101,0,0.0,no_face,0.0,0.0,0.0,0.0,0.0,0.0,0.0,0.0,0.0,0.0,0.0,0.0,0.0,0.0,0.0,0.0,0.0,0.0,0.0,0.0,0.0,0.0,0.0,0.0,0.0,0.0,0.0,0.0,0.0,0.0,0.0,0.0,0.0,0.0,0.0
2025-11-24T18:21:05.632958,115,student_4_lec_2a96290c_700aeb29,lec_2a96290c,cv101,0,0.0,no_face,0.0,0.0,0.0,0.0,0.0,0.0,0.0,0.0,0.0,0.0,0.0,0.0,0.0,0.0,0.0,0.0,0.0,0.0,0.0,0.0,0.0,0.0,0.0,0.0,0.0,0.0,0.0,0.0,0.0,0.0,0.0,0.0,0.0,0.0,0.0
2025-11-24T18:21:06.653515,116,student_4_lec_2a96290c_700aeb29,lec_2a96290c,cv101,0,0.0,no_face,0.0,0.0,0.0,0.0,0.0,0.0,0.0,0.0,0.0,0.0,0.0,0.0,0.0,0.0,0.0,0.0,0.0,0.0,0.0,0.0,0.0,0.0,0.0,0.0,0.0,0.0,0.0,0.0,0.0,0.0,0.0,0.0,0.0,0.0,0.0
2025-11-24T18:21:07.704588,117,student_4_lec_2a96290c_700aeb29,lec_2a96290c,cv101,1,0.95,disengaged,28.46,-0.0009,0.0003,-0.0023,-0.0001,-0.0014,-0.0023,-168.48,11.95,2249.72,-642.03,5683.09,175.47,15.28,-20.59,0.16,0.1,4.84,0.99,1.99,4.01,0.99,1.83,1.21,0.85,3.79,4.36,1.01,3.07,1.93,2.61,5.0,1.6,1.7,8.02
2025-11-24T18:21:08.718614,118,student_4_lec_2a96290c_700aeb29,lec_2a96290c,cv101,0,0.0,no_face,0.0,0.0,0.0,0.0,0.0,0.0,0.0,0.0,0.0,0.0,0.0,0.0,0.0,0.0,0.0,0.0,0.0,0.0,0.0,0.0,0.0,0.0,0.0,0.0,0.0,0.0,0.0,0.0,0.0,0.0,0.0,0.0,0.0,0.0,0.0
2025-11-24T18:21:09.744298,119,student_4_lec_2a96290c_700aeb29,lec_2a96290c,cv101,1,0.95,disengaged,29.78,0.0005,0.0001,-0.0026,-0.0013,0.0006,-0.0028,7.32,173.22,374.99,970.76,4416.52,164.63,30.54,-10.83,1.46,1.14,3.54,1.21,2.47,3.79,1.48,2.54,1.59,1.11,3.41,5.0,1.32,2.39,2.61,3.11,5.0,2.03,2.05,7.58
2025-11-24T18:21:10.754101,120,student_4_lec_2a96290c_700aeb29,lec_2a96290c,cv101,0,0.0,no_face,0.0,0.0,0.0,0.0,0.0,0.0,0.0,0.0,0.0,0.0,0.0,0.0,0.0,0.0,0.0,0.0,0.0,0.0,0.0,0.0,0.0,0.0,0.0,0.0,0.0,0.0,0.0,0.0,0.0,0.0,0.0,0.0,0.0,0.0,0.0
2025-11-24T18:21:11.785841,121,student_4_lec_2a96290c_700aeb29,lec_2a96290c,cv101,1,0.95,engaged,50.93,-0.0001,-0.0024,-0.0043,0.0067,-0.0014,-0.0048,-26.3,-157.2,-395.9,919.78,2767.59,-172.04,17.06,-15.16,1.41,0.79,3.59,2.26,3.85,2.74,2.54,2.42,2.45,1.71,2.55,5.0,2.04,1.78,3.22,3.52,0.0,3.15,1.93,0.48
2025-11-24T18:21:12.827502,122,student_4_lec_2a96290c_700aeb29,lec_2a96290c,cv101,1,0.95,engaged,50.43,-0.0,-0.0001,-0.0043,0.0058,-0.0085,-0.0047,-25.39,-148.85,-395.71,912.95,2783.22,-174.48,16.0,-16.54,1.68,1.08,3.32,2.18,3.79,2.82,2.62,2.59,2.51,1.76,2.49,5.0,2.09,2.39,2.61,3.36,0.0,3.15,2.03,0.64
2025-11-24T18:21:13.867551,123,student_4_lec_2a96290c_700aeb29,lec_2a96290c,cv101,1,0.95,engaged,51.61,-0.0044,-0.0006,-0.0044,0.0004,-0.002,-0.0047,20.11,-164.73,-355.18,872.41,2723.1,175.51,14.9,-17.8,1.66,1.14,3.34,2.45,3.96,2.55,2.56,3.99,2.28,1.6,2.72,5.0,1.9,1.93,3.07,3.88,0.0,3.12,2.05,0.1
2025-11-24T18:21:14.902348,124,student_4_lec_2a96290c_700aeb29,lec_2a96290c,cv101,0,0.0,no_face,0.0,0.0,0.0,0.0,0.0,0.0,0.0,0.0,0.0,0.0,0.0,0.0,0.0,0.0,0.0,0.0,0.0,0.0,0.0,0.0,0.0,0.0,0.0,0.0,0.0,0.0,0.0,0.0,0.0,0.0,0.0,0.0,0.0,0.0,0.0
2025-11-24T18:21:15.928097,125,student_4_lec_2a96290c_700aeb29,lec_2a96290c,cv101,1,0.95,partially_engaged,45.47,-0.0013,-0.0008,-0.0032,-0.0,-0.0018,-0.0033,-168.42,-157.82,499.69,845.21,4057.79,173.35,15.7,-17.99,0.87,0.54,4.13,1.79,2.99,3.21,1.72,2.31,1.76,1.23,3.24,5.0,1.47,2.44,2.56,3.15,0.0,2.38,1.85,1.42
2025-11-24T18:21:16.986735,126,student_4_lec_2a96290c_700aeb29,lec_2a96290c,cv101,1,0.95,partially_engaged,46.48,-0.001,-0.0008,-0.0033,0.0017,-0.007,-0.0033,-5.21,-140.83,623.92,914.42,3967.0,177.79,-3.54,-4.17,1.8,1.33,3.2,2.11,3.0,2.89,1.89,3.25,1.69,1.19,3.31,4.1,1.41,3.09,1.91,3.03,0.0,2.34,2.11,0.78
2025-11-24T18:21:18.038313,127,student_4_lec_2a96290c_700aeb29,lec_2a96290c,cv101,1,0.95,partially_engaged,46.22,0.001,-0.0035,-0.0028,0.0074,-0.0019,-0.0027,135.05,-136.38,-432.59,-1142.08,-4489.97,-159.19,0.81,174.23,1.06,0.64,3.94,2.11,2.73,2.89,1.53,2.44,1.82,1.27,3.18,4.67,1.52,2.49,2.51,3.02,0.0,2.27,1.88,0.78
2025-11-24T18:21:19.093973,128,student_4_lec_2a96290c_700aeb29,lec_2a96290c,cv101,0,0.0,no_face,0.0,0.0,0.0,0.0,0.0,0.0,0.0,0.0,0.0,0.0,0.0,0.0,0.0,0.0,0.0,0.0,0.0,0.0,0.0,0.0,0.0,0.0,0.0,0.0,0.0,0.0,0.0,0.0,0.0,0.0,0.0,0.0,0.0,0.0,0.0
2025-11-24T18:21:20.144455,129,student_4_lec_2a96290c_700aeb29,lec_2a96290c,cv101,1,0.95,partially_engaged,45.22,-0.0019,-0.0011,-0.0031,0.0012,-0.0023,-0.003,5.51,-151.22,663.44,865.95,4062.03,175.64,1.93,-2.38,1.68,1.23,3.32,1.8,2.92,3.2,1.75,2.74,1.83,1.28,3.17,5.0,1.52,2.74,2.26,3.24,0.0,2.38,2.08,1.4
2025-11-24T18:21:21.143916,130,student_4_lec_2a96290c_700aeb29,lec_2a96290c,cv101,1,0.95,partially_engaged,44.2,-0.0023,-0.0022,-0.0029,-0.0017,-0.0025,-0.0025,-143.5,-138.3,-965.77,-868.87,-4256.09,-163.33,-52.59,160.94,1.84,1.49,3.16,1.84,2.77,3.16,1.39,2.49,1.44,1.01,3.56,5.0,1.2,2.74,2.26,3.37,0.0,2.1,2.16,1.32
2025-11-24T18:21:22.201715,131,student_4_lec_2a96290c_700aeb29,lec_2a96290c,cv101,1,0.95,disengaged,29.86,-0.0016,0.0029,-0.0031,-0.0021,-0.0006,-0.0028,-148.01,-14.95,829.59,996.78,4300.93,175.54,-17.69,-3.55,2.08,1.72,2.92,1.24,2.58,3.76,1.53,2.4,1.62,1.14,3.38,4.85,1.35,2.33,2.67,3.01,5.0,2.1,2.24,7.52
2025-11-24T18:21:23.249138,132,student_4_lec_2a96290c_700aeb29,lec_2a96290c,cv101,1,0.95,partially_engaged,30.1,-0.0008,-0.0002,-0.0028,0.0017,-0.0036,-0.0029,-7.09,-152.83,-465.02,-1069.25,-4562.08,-158.29,10.83,173.8,1.03,0.83,3.97,1.13,2.61,3.87,1.32,2.08,1.73,1.21,3.27,5.0,1.44,2.07,2.93,3.3,5.0,2.17,1.94,7.74
2025-11-24T18:21:24.303725,133,student_4_lec_2a96290c_700aeb29,lec_2a96290c,cv101,0,0.0,no_face,0.0,0.0,0.0,0.0,0.0,0.0,0.0,0.0,0.0,0.0,0.0,0.0,0.0,0.0,0.0,0.0,0.0,0.0,0.0,0.0,0.0,0.0,0.0,0.0,0.0,0.0,0.0,0.0,0.0,0.0,0.0,0.0,0.0,0.0,0.0
2025-11-24T18:21:25.373925,134,student_4_lec_2a96290c_700aeb29,lec_2a96290c,cv101,1,0.95,engaged,52.93,-0.0017,0.0002,-0.0027,0.0018,-0.0005,-0.0025,-1.64,3.9,130.26,1219.62,4855.75,165.47,-26.26,1.43,1.75,1.43,3.25,1.1,2.42,3.9,1.35,2.16,1.21,0.85,3.79,4.68,1.01,2.19,2.81,2.86,5.0,1.81,2.14,7.8
2025-11-24T18:21:26.420438,135,student_4_lec_2a96290c_700aeb29,lec_2a96290c,cv101,0,0.0,no_face,0.0,0.0,0.0,0.0,0.0,0.0,0.0,0.0,0.0,0.0,0.0,0.0,0.0,0.0,0.0,0.0,0.0,0.0,0.0,0.0,0.0,0.0,0.0,0.0,0.0,0.0,0.0,0.0,0.0,0.0,0.0,0.0,0.0,0.0,0.0
2025-11-24T18:21:27.483714,136,student_4_lec_2a96290c_700aeb29,lec_2a96290c,cv101,1,0.95,engaged,51.15,-0.0013,-0.0013,-0.004,0.0045,-0.0035,-0.0042,-14.01,-151.47,-4.55,391.22,3094.0,177.16,16.02,-12.5,1.69,1.29,3.31,2.56,3.68,2.44,2.21,3.17,2.2,1.54,2.8,5.0,1.83,2.5,2.5,4.17,0.0,2.94,2.1,0
2025-11-24T18:21:28.559639,137,student_4_lec_2a96290c_700aeb29,lec_2a96290c,cv101,0,0.0,no_face,0.0,0.0,0.0,0.0,0.0,0.0,0.0,0.0,0.0,0.0,0.0,0.0,0.0,0.0,0.0,0.0,0.0,0.0,0.0,0.0,0.0,0.0,0.0,0.0,0.0,0.0,0.0,0.0,0.0,0.0,0.0,0.0,0.0,0.0,0.0
2025-11-24T18:21:29.606370,138,student_4_lec_2a96290c_700aeb29,lec_2a96290c,cv101,1,0.95,highly_engaged,76.79,-0.0016,-0.0005,-0.0041,0.004,0.0005,-0.0045,-10.39,0.35,5.73,409.54,2664.0,-177.68,28.87,-12.38,1.94,1.33,3.06,2.54,4.09,2.46,2.6,3.51,2.56,1.79,2.44,5.0,2.13,1.88,3.12,4.0,0.0,3.33,2.11,0
2025-11-24T18:21:30.654980,139,student_4_lec_2a96290c_700aeb29,lec_2a96290c,cv101,1,0.95,partially_engaged,46.48,-0.0031,-0.0061,-0.0036,-0.0071,-0.0004,-0.0041,-129.61,-147.68,20.76,-668.19,-3427.07,-157.83,16.58,-175.68,2.52,1.86,2.48,1.68,3.35,3.32,2.31,3.18,2.3,1.61,2.7,4.43,1.92,2.09,2.91,2.99,0.0,2.83,2.29,1.64
2025-11-24T18:21:31.655215,140,student_4_lec_2a96290c_700aeb29,lec_2a96290c,cv101,1,0.95,engaged,51.96,0.0014,-0.0032,-0.0038,0.0056,-0.0045,-0.0044,143.76,-137.08,79.22,-692.1,-3128.82,-146.27,23.08,-167.78,2.93,2.02,2.07,2.65,4.03,2.35,2.79,2.48,2.05,1.43,2.95,4.08,1.71,3.01,1.99,2.53,0.0,3.04,2.34,0
2025-11-24T18:21:32.703428,141,student_4_lec_2a96290c_700aeb29,lec_2a96290c,cv101,1,0.95,engaged,55.06,0.0001,-0.0033,-0.004,0.0066,-0.0058,-0.0045,151.65,-134.18,79.91,-644.84,-2942.45,-150.54,26.34,-169.65,2.83,1.96,2.17,3.19,4.26,1.81,2.85,3.22,2.13,1.49,2.87,4.68,1.77,2.7,2.3,3.1,0.0,3.19,2.32,0
2025-11-24T18:21:33.768224,142,student_4_lec_2a96290c_700aeb29,lec_2a96290c,cv101,1,0.95,engaged,55.48,0.0003,-0.0001,-0.0042,0.0058,-0.0056,-0.0046,152.36,-154.33,-84.67,451.78,2456.5,-177.27,32.72,-7.57,2.37,1.61,2.63,3.06,4.22,1.94,2.72,3.91,2.67,1.87,2.33,5.0,2.22,0.0,5.0,4.66,0.0,3.44,2.2,0
2025-11-24T18:21:34.819839,143,student_4_lec_2a96290c_700aeb29,lec_2a96290c,cv101,1,0.95,engaged,53.9,0.0002,-0.0012,-0.0044,0.0024,-0.0045,-0.0049,165.72,-151.02,-55.41,463.58,2450.57,-175.43,29.43,-7.24,2.79,2.01,2.21,2.56,4.55,2.44,2.84,3.47,2.58,1.81,2.42,5.0,2.15,0.91,4.09,4.49,0.0,3.56,2.34,0
2025-11-24T18:21:35.827436,144,student_4_lec_2a96290c_700aeb29,lec_2a96290c,cv101,1,0.95,engaged,55.66,-0.0011,-0.0007,-0.0045,-0.0002,-0.0048,-0.0049,-171.89,-153.24,-55.52,452.57,2423.12,-176.86,27.01,-7.73,2.53,1.78,2.47,2.91,4.48,2.09,2.83,3.65,2.78,1.95,2.22,5.0,2.32,0.89,4.11,4.62,0.0,3.63,2.26,0
2025-11-24T18:21:36.863616,145,student_4_lec_2a96290c_700aeb29,lec_2a96290c,cv101,1,0.95,engaged,57.46,-0.0018,-0.0009,-0.0045,0.0034,-0.0042,-0.0049,-6.29,-154.2,-32.88,456.89,2479.3,-176.71,26.57,-6.83,2.31,1.51,2.69,3.32,4.49,1.68,2.78,3.41,2.73,1.91,2.27,5.0,2.27,1.08,3.92,4.46,0.0,3.61,2.17,0
2025-11-24T18:21:37.864959,146,student_4_lec_2a96290c_700aeb29,lec_2a96290c,cv101,1,0.95,engaged,55.55,-0.0005,-0.0028,-0.0044,0.0027,-0.0013,-0.0047,-11.57,-156.48,-5.89,511.22,2538.76,-169.01,19.26,-7.67,2.46,1.67,2.54,2.97,4.33,2.03,2.87,2.95,2.77,1.94,2.23,5.0,2.31,1.73,3.27,3.73,0.0,3.55,2.22,0
2025-11-24T18:21:38.911319,147,student_4_lec_2a96290c_700aeb29,lec_2a96290c,cv101,0,0.0,no_face,0.0,0.0,0.0,0.0,0.0,0.0,0.0,0.0,0.0,0.0,0.0,0.0,0.0,0.0,0.0,0.0,0.0,0.0,0.0,0.0,0.0,0.0,0.0,0.0,0.0,0.0,0.0,0.0,0.0,0.0,0.0,0.0,0.0,0.0,0.0
2025-11-24T18:21:39.973194,148,student_4_lec_2a96290c_700aeb29,lec_2a96290c,cv101,0,0.0,no_face,0.0,0.0,0.0,0.0,0.0,0.0,0.0,0.0,0.0,0.0,0.0,0.0,0.0,0.0,0.0,0.0,0.0,0.0,0.0,0.0,0.0,0.0,0.0,0.0,0.0,0.0,0.0,0.0,0.0,0.0,0.0,0.0,0.0,0.0,0.0
2025-11-24T18:21:41.023490,149,student_4_lec_2a96290c_700aeb29,lec_2a96290c,cv101,0,0.0,no_face,0.0,0.0,0.0,0.0,0.0,0.0,0.0,0.0,0.0,0.0,0.0,0.0,0.0,0.0,0.0,0.0,0.0,0.0,0.0,0.0,0.0,0.0,0.0,0.0,0.0,0.0,0.0,0.0,0.0,0.0,0.0,0.0,0.0,0.0,0.0
2025-11-24T18:21:42.080018,150,student_4_lec_2a96290c_700aeb29,lec_2a96290c,cv101,0,0.0,no_face,0.0,0.0,0.0,0.0,0.0,0.0,0.0,0.0,0.0,0.0,0.0,0.0,0.0,0.0,0.0,0.0,0.0,0.0,0.0,0.0,0.0,0.0,0.0,0.0,0.0,0.0,0.0,0.0,0.0,0.0,0.0,0.0,0.0,0.0,0.0
2025-11-24T18:21:43.142368,151,student_4_lec_2a96290c_700aeb29,lec_2a96290c,cv101,0,0.0,no_face,0.0,0.0,0.0,0.0,0.0,0.0,0.0,0.0,0.0,0.0,0.0,0.0,0.0,0.0,0.0,0.0,0.0,0.0,0.0,0.0,0.0,0.0,0.0,0.0,0.0,0.0,0.0,0.0,0.0,0.0,0.0,0.0,0.0,0.0,0.0
2025-11-24T18:21:44.203840,152,student_4_lec_2a96290c_700aeb29,lec_2a96290c,cv101,0,0.0,no_face,0.0,0.0,0.0,0.0,0.0,0.0,0.0,0.0,0.0,0.0,0.0,0.0,0.0,0.0,0.0,0.0,0.0,0.0,0.0,0.0,0.0,0.0,0.0,0.0,0.0,0.0,0.0,0.0,0.0,0.0,0.0,0.0,0.0,0.0,0.0
2025-11-24T18:21:45.218498,153,student_4_lec_2a96290c_700aeb29,lec_2a96290c,cv101,1,0.95,partially_engaged,47.18,0.0011,-0.002,-0.0033,0.0016,-0.0032,-0.0033,157.79,-142.87,-28.82,-1117.98,-3825.58,-131.94,-0.34,-174.71,2.86,2.04,2.14,2.1,3.18,2.9,2.22,1.56,1.97,1.38,3.03,3.35,1.64,3.11,1.89,1.88,0.0,2.58,2.35,0.8
2025-11-24T18:21:46.225079,154,student_4_lec_2a96290c_700aeb29,lec_2a96290c,cv101,0,0.0,no_face,0.0,0.0,0.0,0.0,0.0,0.0,0.0,0.0,0.0,0.0,0.0,0.0,0.0,0.0,0.0,0.0,0.0,0.0,0.0,0.0,0.0,0.0,0.0,0.0,0.0,0.0,0.0,0.0,0.0,0.0,0.0,0.0,0.0,0.0,0.0
2025-11-24T18:21:47.248635,155,student_4_lec_2a96290c_700aeb29,lec_2a96290c,cv101,1,0.95,partially_engaged,46.2,-0.0006,-0.0045,-0.0031,-0.0026,-0.0069,-0.0031,-154.8,-119.44,647.05,865.52,3991.53,179.89,9.64,-1.04,1.56,1.07,3.44,1.88,3.12,3.12,1.75,2.5,1.86,1.3,3.14,5.0,1.55,2.91,2.09,3.04,0.0,2.49,2.02,1.24
2025-11-24T18:21:48.256417,156,student_4_lec_2a96290c_700aeb29,lec_2a96290c,cv101,0,0.0,no_face,0.0,0.0,0.0,0.0,0.0,0.0,0.0,0.0,0.0,0.0,0.0,0.0,0.0,0.0,0.0,0.0,0.0,0.0,0.0,0.0,0.0,0.0,0.0,0.0,0.0,0.0,0.0,0.0,0.0,0.0,0.0,0.0,0.0,0.0,0.0
2025-11-24T18:21:49.282924,157,student_4_lec_2a96290c_700aeb29,lec_2a96290c,cv101,1,0.95,partially_engaged,42.13,0.0003,0.0007,-0.0026,0.0014,0.0003,-0.0029,163.58,169.51,-116.41,907.96,4386.71,-169.79,25.41,-14.3,1.15,0.75,3.85,1.53,2.48,3.47,1.61,1.64,1.32,0.92,3.68,3.8,1.1,3.12,1.88,2.09,0.0,1.9,1.92,1.94
2025-11-24T18:21:50.303931,158,student_4_lec_2a96290c_700aeb29,lec_2a96290c,cv101,1,0.95,engaged,55.02,-0.0003,0.0001,-0.0029,0.0025,-0.0019,-0.0032,-16.23,14.39,-219.51,912.14,4190.07,-173.81,23.08,-11.48,1.63,1.21,3.37,1.64,2.57,3.36,1.71,2.08,1.5,1.05,3.5,3.64,1.25,3.08,1.92,2.26,0.0,2.04,2.07,1.72
2025-11-24T18:21:51.312695,159,student_4_lec_2a96290c_700aeb29,lec_2a96290c,cv101,1,0.95,partially_engaged,44.89,-0.0001,0.0006,-0.0029,0.0029,-0.0034,-0.0032,-19.91,17.61,321.41,-887.58,-4070.83,-158.08,31.77,176.78,1.87,1.31,3.13,1.87,2.81,3.13,1.87,3.22,1.66,1.16,3.34,2.45,1.38,2.72,2.28,2.23,0.0,2.23,2.1,1.26
2025-11-24T18:21:52.333205,160,student_4_lec_2a96290c_700aeb29,lec_2a96290c,cv101,1,0.95,partially_engaged,47.24,-0.0037,0.0008,-0.0037,0.0044,0.0004,-0.0039,-1.67,171.13,-198.28,660.85,3478.83,-175.34,14.25,-8.04,0.88,0.57,4.12,1.89,3.23,3.11,1.78,2.84,2.16,1.51,2.84,5.0,1.8,1.84,3.16,3.27,0.0,2.7,1.86,1.22
2025-11-24T18:21:53.380204,161,student_4_lec_2a96290c_700aeb29,lec_2a96290c,cv101,0,0.0,no_face,0.0,0.0,0.0,0.0,0.0,0.0,0.0,0.0,0.0,0.0,0.0,0.0,0.0,0.0,0.0,0.0,0.0,0.0,0.0,0.0,0.0,0.0,0.0,0.0,0.0,0.0,0.0,0.0,0.0,0.0,0.0,0.0,0.0,0.0,0.0
2025-11-24T18:21:54.397312,162,student_4_lec_2a96290c_700aeb29,lec_2a96290c,cv101,1,0.95,engaged,74.15,-0.0009,0.0011,-0.0041,0.0018,-0.001,-0.0044,-5.33,-0.98,37.87,-580.41,-3328.63,-157.76,20.83,178.3,2.59,1.95,2.41,2.38,3.69,2.62,2.39,3.44,2.18,1.52,2.82,4.01,1.81,2.74,2.26,2.92,0.0,2.94,2.32,0.24
2025-11-24T18:21:55.448385,163,student_4_lec_2a96290c_700aeb29,lec_2a96290c,cv101,1,0.95,engaged,50.11,0.0002,0.0003,-0.0041,0.0035,0.0031,-0.0045,159.87,160.39,74.69,-547.53,-3157.68,-164.03,24.55,179.09,2.62,1.98,2.38,2.26,3.72,2.74,2.42,3.69,2.41,1.69,2.59,5.0,2.01,1.97,3.03,3.56,0.0,3.07,2.33,0.48
2025-11-24T18:21:56.461814,164,student_4_lec_2a96290c_700aeb29,lec_2a96290c,cv101,1,0.95,engaged,51.2,-0.0023,-0.002,-0.0043,0.0025,-0.0009,-0.0046,-0.25,-161.83,-51.13,517.7,2893.28,-171.15,19.09,-5.05,2.6,1.93,2.4,2.38,3.93,2.62,2.56,2.81,2.41,1.69,2.59,5.0,2.01,2.25,2.75,3.48,0.0,3.17,2.31,0.24
2025-11-24T18:21:57.460851,165,student_4_lec_2a96290c_700aeb29,lec_2a96290c,cv101,0,0.0,no_face,0.0,0.0,0.0,0.0,0.0,0.0,0.0,0.0,0.0,0.0,0.0,0.0,0.0,0.0,0.0,0.0,0.0,0.0,0.0,0.0,0.0,0.0,0.0,0.0,0.0,0.0,0.0,0.0,0.0,0.0,0.0,0.0,0.0,0.0,0.0
2025-11-24T18:21:58.495849,166,student_4_lec_2a96290c_700aeb29,lec_2a96290c,cv101,0,0.0,no_face,0.0,0.0,0.0,0.0,0.0,0.0,0.0,0.0,0.0,0.0,0.0,0.0,0.0,0.0,0.0,0.0,0.0,0.0,0.0,0.0,0.0,0.0,0.0,0.0,0.0,0.0,0.0,0.0,0.0,0.0,0.0,0.0,0.0,0.0,0.0
2025-11-24T18:21:59.518854,167,student_4_lec_2a96290c_700aeb29,lec_2a96290c,cv101,0,0.0,no_face,0.0,0.0,0.0,0.0,0.0,0.0,0.0,0.0,0.0,0.0,0.0,0.0,0.0,0.0,0.0,0.0,0.0,0.0,0.0,0.0,0.0,0.0,0.0,0.0,0.0,0.0,0.0,0.0,0.0,0.0,0.0,0.0,0.0,0.0,0.0
2025-11-24T18:22:00.548384,168,student_4_lec_2a96290c_700aeb29,lec_2a96290c,cv101,0,0.0,no_face,0.0,0.0,0.0,0.0,0.0,0.0,0.0,0.0,0.0,0.0,0.0,0.0,0.0,0.0,0.0,0.0,0.0,0.0,0.0,0.0,0.0,0.0,0.0,0.0,0.0,0.0,0.0,0.0,0.0,0.0,0.0,0.0,0.0,0.0,0.0
2025-11-24T18:22:01.550069,169,student_4_lec_2a96290c_700aeb29,lec_2a96290c,cv101,1,0.95,partially_engaged,44.32,0.0003,-0.0016,-0.0029,0.0019,-0.0036,-0.0031,160.84,-141.36,197.17,937.28,4105.55,-175.07,24.1,-1.53,1.73,1.23,3.27,1.75,2.84,3.25,1.82,2.58,1.57,1.1,3.43,3.75,1.31,2.95,2.05,2.52,0.0,2.21,2.08,1.5
2025-11-24T18:22:02.575778,170,student_4_lec_2a96290c_700aeb29,lec_2a96290c,cv101,0,0.0,no_face,0.0,0.0,0.0,0.0,0.0,0.0,0.0,0.0,0.0,0.0,0.0,0.0,0.0,0.0,0.0,0.0,0.0,0.0,0.0,0.0,0.0,0.0,0.0,0.0,0.0,0.0,0.0,0.0,0.0,0.0,0.0,0.0,0.0,0.0,0.0
2025-11-24T18:22:03.621164,171,student_4_lec_2a96290c_700aeb29,lec_2a96290c,cv101,1,0.95,partially_engaged,44.64,0.0001,-0.0014,-0.0032,0.0025,-0.0059,-0.0034,161.04,-137.82,-1.18,749.1,3760.77,170.98,25.21,-7.93,1.82,1.39,3.18,1.69,2.9,3.31,1.82,2.84,1.83,1.28,3.17,5.0,1.53,2.6,2.4,3.35,0.0,2.37,2.13,1.62
2025-11-24T18:22:04.636402,172,student_4_lec_2a96290c_700aeb29,lec_2a96290c,cv101,0,0.0,no_face,0.0,0.0,0.0,0.0,0.0,0.0,0.0,0.0,0.0,0.0,0.0,0.0,0.0,0.0,0.0,0.0,0.0,0.0,0.0,0.0,0.0,0.0,0.0,0.0,0.0,0.0,0.0,0.0,0.0,0.0,0.0,0.0,0.0,0.0,0.0
2025-11-24T18:22:05.664469,173,student_4_lec_2a96290c_700aeb29,lec_2a96290c,cv101,1,0.95,engaged,51.61,0.0008,0.0003,-0.004,0.0093,-0.0057,-0.0044,141.88,24.38,76.92,-561.24,-2870.62,-159.7,29.4,-169.95,3.77,2.88,1.23,2.53,4.15,2.47,2.68,4.6,2.13,1.49,2.87,4.51,1.78,1.92,3.08,3.69,0.0,3.14,2.63,0
2025-11-24T18:22:06.677252,174,student_4_lec_2a96290c_700aeb29,lec_2a96290c,cv101,1,0.95,engaged,57.84,0.0029,-0.0016,-0.0043,0.006,-0.0052,-0.0047,136.96,-145.78,88.79,-554.57,-2772.01,-159.89,28.62,-169.63,3.76,2.74,1.24,3.83,4.3,1.17,2.89,4.44,2.23,1.56,2.77,4.42,1.85,2.01,2.99,3.56,0.0,3.26,2.58,0
2025-11-24T18:22:07.705772,175,student_4_lec_2a96290c_700aeb29,lec_2a96290c,cv101,1,0.95,engaged,58.08,0.0039,-0.0002,-0.0041,0.0101,-0.005,-0.0046,125.39,-154.9,-77.11,509.89,2443.59,-169.17,32.18,1.79,3.32,2.35,1.68,3.6,4.72,1.4,3.06,3.51,2.22,1.56,2.78,5.0,1.85,1.78,3.22,3.54,0.0,3.47,2.45,0
2025-11-24T18:22:08.736142,176,student_4_lec_2a96290c_700aeb29,lec_2a96290c,cv101,1,0.95,engaged,52.44,0.0006,-0.0009,-0.0038,0.0043,-0.0036,-0.004,151.85,-152.22,33.68,466.54,2798.29,-175.52,28.54,-2.6,2.53,1.87,2.47,2.63,4.09,2.37,2.59,2.96,2.25,1.57,2.75,5.0,1.87,0.72,4.28,4.39,0.0,3.17,2.29,0
2025-11-24T18:22:09.761063,177,student_4_lec_2a96290c_700aeb29,lec_2a96290c,cv101,0,0.0,no_face,0.0,0.0,0.0,0.0,0.0,0.0,0.0,0.0,0.0,0.0,0.0,0.0,0.0,0.0,0.0,0.0,0.0,0.0,0.0,0.0,0.0,0.0,0.0,0.0,0.0,0.0,0.0,0.0,0.0,0.0,0.0,0.0,0.0,0.0,0.0
2025-11-24T18:22:10.790309,178,student_4_lec_2a96290c_700aeb29,lec_2a96290c,cv101,1,0.95,disengaged,29.54,-0.0061,0.0052,-0.0021,0.005,0.0025,-0.0016,-0.5,116.97,-92.86,-167.31,-107.84,125.01,74.8,-54.71,2.79,2.17,2.21,1.35,2.72,3.65,1.32,2.52,1.07,0.75,3.93,4.73,0.89,2.65,2.35,2.91,5.0,1.9,2.39,7.3
2025-11-24T18:22:11.790410,179,student_4_lec_2a96290c_700aeb29,lec_2a96290c,cv101,0,0.0,no_face,0.0,0.0,0.0,0.0,0.0,0.0,0.0,0.0,0.0,0.0,0.0,0.0,0.0,0.0,0.0,0.0,0.0,0.0,0.0,0.0,0.0,0.0,0.0,0.0,0.0,0.0,0.0,0.0,0.0,0.0,0.0,0.0,0.0,0.0,0.0
2025-11-24T18:22:12.818590,180,student_4_lec_2a96290c_700aeb29,lec_2a96290c,cv101,0,0.0,no_face,0.0,0.0,0.0,0.0,0.0,0.0,0.0,0.0,0.0,0.0,0.0,0.0,0.0,0.0,0.0,0.0,0.0,0.0,0.0,0.0,0.0,0.0,0.0,0.0,0.0,0.0,0.0,0.0,0.0,0.0,0.0,0.0,0.0,0.0,0.0
2025-11-24T18:22:13.860648,181,student_4_lec_2a96290c_700aeb29,lec_2a96290c,cv101,0,0.0,no_face,0.0,0.0,0.0,0.0,0.0,0.0,0.0,0.0,0.0,0.0,0.0,0.0,0.0,0.0,0.0,0.0,0.0,0.0,0.0,0.0,0.0,0.0,0.0,0.0,0.0,0.0,0.0,0.0,0.0,0.0,0.0,0.0,0.0,0.0,0.0
2025-11-24T18:22:14.878495,182,student_4_lec_2a96290c_700aeb29,lec_2a96290c,cv101,0,0.0,no_face,0.0,0.0,0.0,0.0,0.0,0.0,0.0,0.0,0.0,0.0,0.0,0.0,0.0,0.0,0.0,0.0,0.0,0.0,0.0,0.0,0.0,0.0,0.0,0.0,0.0,0.0,0.0,0.0,0.0,0.0,0.0,0.0,0.0,0.0,0.0
2025-11-24T18:22:15.902502,183,student_4_lec_2a96290c_700aeb29,lec_2a96290c,cv101,0,0.0,no_face,0.0,0.0,0.0,0.0,0.0,0.0,0.0,0.0,0.0,0.0,0.0,0.0,0.0,0.0,0.0,0.0,0.0,0.0,0.0,0.0,0.0,0.0,0.0,0.0,0.0,0.0,0.0,0.0,0.0,0.0,0.0,0.0,0.0,0.0,0.0
2025-11-24T18:22:16.908561,184,student_4_lec_2a96290c_700aeb29,lec_2a96290c,cv101,0,0.0,no_face,0.0,0.0,0.0,0.0,0.0,0.0,0.0,0.0,0.0,0.0,0.0,0.0,0.0,0.0,0.0,0.0,0.0,0.0,0.0,0.0,0.0,0.0,0.0,0.0,0.0,0.0,0.0,0.0,0.0,0.0,0.0,0.0,0.0,0.0,0.0
2025-11-24T18:22:17.932646,185,student_4_lec_2a96290c_700aeb29,lec_2a96290c,cv101,0,0.0,no_face,0.0,0.0,0.0,0.0,0.0,0.0,0.0,0.0,0.0,0.0,0.0,0.0,0.0,0.0,0.0,0.0,0.0,0.0,0.0,0.0,0.0,0.0,0.0,0.0,0.0,0.0,0.0,0.0,0.0,0.0,0.0,0.0,0.0,0.0,0.0
2025-11-24T18:22:18.975701,186,student_4_lec_2a96290c_700aeb29,lec_2a96290c,cv101,0,0.0,no_face,0.0,0.0,0.0,0.0,0.0,0.0,0.0,0.0,0.0,0.0,0.0,0.0,0.0,0.0,0.0,0.0,0.0,0.0,0.0,0.0,0.0,0.0,0.0,0.0,0.0,0.0,0.0,0.0,0.0,0.0,0.0,0.0,0.0,0.0,0.0
2025-11-24T18:22:20.000943,187,student_4_lec_2a96290c_700aeb29,lec_2a96290c,cv101,0,0.0,no_face,0.0,0.0,0.0,0.0,0.0,0.0,0.0,0.0,0.0,0.0,0.0,0.0,0.0,0.0,0.0,0.0,0.0,0.0,0.0,0.0,0.0,0.0,0.0,0.0,0.0,0.0,0.0,0.0,0.0,0.0,0.0,0.0,0.0,0.0,0.0
2025-11-24T18:22:21.021717,188,student_4_lec_2a96290c_700aeb29,lec_2a96290c,cv101,0,0.0,no_face,0.0,0.0,0.0,0.0,0.0,0.0,0.0,0.0,0.0,0.0,0.0,0.0,0.0,0.0,0.0,0.0,0.0,0.0,0.0,0.0,0.0,0.0,0.0,0.0,0.0,0.0,0.0,0.0,0.0,0.0,0.0,0.0,0.0,0.0,0.0
2025-11-24T18:22:22.032415,189,student_4_lec_2a96290c_700aeb29,lec_2a96290c,cv101,0,0.0,no_face,0.0,0.0,0.0,0.0,0.0,0.0,0.0,0.0,0.0,0.0,0.0,0.0,0.0,0.0,0.0,0.0,0.0,0.0,0.0,0.0,0.0,0.0,0.0,0.0,0.0,0.0,0.0,0.0,0.0,0.0,0.0,0.0,0.0,0.0,0.0
2025-11-24T18:22:23.053566,190,student_4_lec_2a96290c_700aeb29,lec_2a96290c,cv101,0,0.0,no_face,0.0,0.0,0.0,0.0,0.0,0.0,0.0,0.0,0.0,0.0,0.0,0.0,0.0,0.0,0.0,0.0,0.0,0.0,0.0,0.0,0.0,0.0,0.0,0.0,0.0,0.0,0.0,0.0,0.0,0.0,0.0,0.0,0.0,0.0,0.0
2025-11-24T18:22:24.097092,191,student_4_lec_2a96290c_700aeb29,lec_2a96290c,cv101,0,0.0,no_face,0.0,0.0,0.0,0.0,0.0,0.0,0.0,0.0,0.0,0.0,0.0,0.0,0.0,0.0,0.0,0.0,0.0,0.0,0.0,0.0,0.0,0.0,0.0,0.0,0.0,0.0,0.0,0.0,0.0,0.0,0.0,0.0,0.0,0.0,0.0
2025-11-24T18:22:25.118702,192,student_4_lec_2a96290c_700aeb29,lec_2a96290c,cv101,0,0.0,no_face,0.0,0.0,0.0,0.0,0.0,0.0,0.0,0.0,0.0,0.0,0.0,0.0,0.0,0.0,0.0,0.0,0.0,0.0,0.0,0.0,0.0,0.0,0.0,0.0,0.0,0.0,0.0,0.0,0.0,0.0,0.0,0.0,0.0,0.0,0.0
2025-11-24T18:22:26.141385,193,student_4_lec_2a96290c_700aeb29,lec_2a96290c,cv101,0,0.0,no_face,0.0,0.0,0.0,0.0,0.0,0.0,0.0,0.0,0.0,0.0,0.0,0.0,0.0,0.0,0.0,0.0,0.0,0.0,0.0,0.0,0.0,0.0,0.0,0.0,0.0,0.0,0.0,0.0,0.0,0.0,0.0,0.0,0.0,0.0,0.0
2025-11-24T18:22:27.150129,194,student_4_lec_2a96290c_700aeb29,lec_2a96290c,cv101,0,0.0,no_face,0.0,0.0,0.0,0.0,0.0,0.0,0.0,0.0,0.0,0.0,0.0,0.0,0.0,0.0,0.0,0.0,0.0,0.0,0.0,0.0,0.0,0.0,0.0,0.0,0.0,0.0,0.0,0.0,0.0,0.0,0.0,0.0,0.0,0.0,0.0
2025-11-24T18:22:28.174895,195,student_4_lec_2a96290c_700aeb29,lec_2a96290c,cv101,0,0.0,no_face,0.0,0.0,0.0,0.0,0.0,0.0,0.0,0.0,0.0,0.0,0.0,0.0,0.0,0.0,0.0,0.0,0.0,0.0,0.0,0.0,0.0,0.0,0.0,0.0,0.0,0.0,0.0,0.0,0.0,0.0,0.0,0.0,0.0,0.0,0.0
2025-11-24T18:22:29.193811,196,student_4_lec_2a96290c_700aeb29,lec_2a96290c,cv101,0,0.0,no_face,0.0,0.0,0.0,0.0,0.0,0.0,0.0,0.0,0.0,0.0,0.0,0.0,0.0,0.0,0.0,0.0,0.0,0.0,0.0,0.0,0.0,0.0,0.0,0.0,0.0,0.0,0.0,0.0,0.0,0.0,0.0,0.0,0.0,0.0,0.0
2025-11-24T18:22:30.209291,197,student_4_lec_2a96290c_700aeb29,lec_2a96290c,cv101,0,0.0,no_face,0.0,0.0,0.0,0.0,0.0,0.0,0.0,0.0,0.0,0.0,0.0,0.0,0.0,0.0,0.0,0.0,0.0,0.0,0.0,0.0,0.0,0.0,0.0,0.0,0.0,0.0,0.0,0.0,0.0,0.0,0.0,0.0,0.0,0.0,0.0
2025-11-24T18:22:31.229487,198,student_4_lec_2a96290c_700aeb29,lec_2a96290c,cv101,0,0.0,no_face,0.0,0.0,0.0,0.0,0.0,0.0,0.0,0.0,0.0,0.0,0.0,0.0,0.0,0.0,0.0,0.0,0.0,0.0,0.0,0.0,0.0,0.0,0.0,0.0,0.0,0.0,0.0,0.0,0.0,0.0,0.0,0.0,0.0,0.0,0.0
2025-11-24T18:22:32.236476,199,student_4_lec_2a96290c_700aeb29,lec_2a96290c,cv101,0,0.0,no_face,0.0,0.0,0.0,0.0,0.0,0.0,0.0,0.0,0.0,0.0,0.0,0.0,0.0,0.0,0.0,0.0,0.0,0.0,0.0,0.0,0.0,0.0,0.0,0.0,0.0,0.0,0.0,0.0,0.0,0.0,0.0,0.0,0.0,0.0,0.0
2025-11-24T18:22:33.264646,200,student_4_lec_2a96290c_700aeb29,lec_2a96290c,cv101,0,0.0,no_face,0.0,0.0,0.0,0.0,0.0,0.0,0.0,0.0,0.0,0.0,0.0,0.0,0.0,0.0,0.0,0.0,0.0,0.0,0.0,0.0,0.0,0.0,0.0,0.0,0.0,0.0,0.0,0.0,0.0,0.0,0.0,0.0,0.0,0.0,0.0
2025-11-24T18:22:34.306868,201,student_4_lec_2a96290c_700aeb29,lec_2a96290c,cv101,0,0.0,no_face,0.0,0.0,0.0,0.0,0.0,0.0,0.0,0.0,0.0,0.0,0.0,0.0,0.0,0.0,0.0,0.0,0.0,0.0,0.0,0.0,0.0,0.0,0.0,0.0,0.0,0.0,0.0,0.0,0.0,0.0,0.0,0.0,0.0,0.0,0.0
2025-11-24T18:22:35.327583,202,student_4_lec_2a96290c_700aeb29,lec_2a96290c,cv101,0,0.0,no_face,0.0,0.0,0.0,0.0,0.0,0.0,0.0,0.0,0.0,0.0,0.0,0.0,0.0,0.0,0.0,0.0,0.0,0.0,0.0,0.0,0.0,0.0,0.0,0.0,0.0,0.0,0.0,0.0,0.0,0.0,0.0,0.0,0.0,0.0,0.0
2025-11-24T18:22:36.349556,203,student_4_lec_2a96290c_700aeb29,lec_2a96290c,cv101,0,0.0,no_face,0.0,0.0,0.0,0.0,0.0,0.0,0.0,0.0,0.0,0.0,0.0,0.0,0.0,0.0,0.0,0.0,0.0,0.0,0.0,0.0,0.0,0.0,0.0,0.0,0.0,0.0,0.0,0.0,0.0,0.0,0.0,0.0,0.0,0.0,0.0
2025-11-24T18:22:37.357006,204,student_4_lec_2a96290c_700aeb29,lec_2a96290c,cv101,0,0.0,no_face,0.0,0.0,0.0,0.0,0.0,0.0,0.0,0.0,0.0,0.0,0.0,0.0,0.0,0.0,0.0,0.0,0.0,0.0,0.0,0.0,0.0,0.0,0.0,0.0,0.0,0.0,0.0,0.0,0.0,0.0,0.0,0.0,0.0,0.0,0.0
2025-11-24T18:22:38.383846,205,student_4_lec_2a96290c_700aeb29,lec_2a96290c,cv101,0,0.0,no_face,0.0,0.0,0.0,0.0,0.0,0.0,0.0,0.0,0.0,0.0,0.0,0.0,0.0,0.0,0.0,0.0,0.0,0.0,0.0,0.0,0.0,0.0,0.0,0.0,0.0,0.0,0.0,0.0,0.0,0.0,0.0,0.0,0.0,0.0,0.0
2025-11-24T18:22:39.432325,206,student_4_lec_2a96290c_700aeb29,lec_2a96290c,cv101,0,0.0,no_face,0.0,0.0,0.0,0.0,0.0,0.0,0.0,0.0,0.0,0.0,0.0,0.0,0.0,0.0,0.0,0.0,0.0,0.0,0.0,0.0,0.0,0.0,0.0,0.0,0.0,0.0,0.0,0.0,0.0,0.0,0.0,0.0,0.0,0.0,0.0
2025-11-24T18:22:40.449286,207,student_4_lec_2a96290c_700aeb29,lec_2a96290c,cv101,0,0.0,no_face,0.0,0.0,0.0,0.0,0.0,0.0,0.0,0.0,0.0,0.0,0.0,0.0,0.0,0.0,0.0,0.0,0.0,0.0,0.0,0.0,0.0,0.0,0.0,0.0,0.0,0.0,0.0,0.0,0.0,0.0,0.0,0.0,0.0,0.0,0.0
2025-11-24T18:22:41.470739,208,student_4_lec_2a96290c_700aeb29,lec_2a96290c,cv101,0,0.0,no_face,0.0,0.0,0.0,0.0,0.0,0.0,0.0,0.0,0.0,0.0,0.0,0.0,0.0,0.0,0.0,0.0,0.0,0.0,0.0,0.0,0.0,0.0,0.0,0.0,0.0,0.0,0.0,0.0,0.0,0.0,0.0,0.0,0.0,0.0,0.0
2025-11-24T18:22:42.485170,209,student_4_lec_2a96290c_700aeb29,lec_2a96290c,cv101,0,0.0,no_face,0.0,0.0,0.0,0.0,0.0,0.0,0.0,0.0,0.0,0.0,0.0,0.0,0.0,0.0,0.0,0.0,0.0,0.0,0.0,0.0,0.0,0.0,0.0,0.0,0.0,0.0,0.0,0.0,0.0,0.0,0.0,0.0,0.0,0.0,0.0
2025-11-24T18:22:43.501480,210,student_4_lec_2a96290c_700aeb29,lec_2a96290c,cv101,0,0.0,no_face,0.0,0.0,0.0,0.0,0.0,0.0,0.0,0.0,0.0,0.0,0.0,0.0,0.0,0.0,0.0,0.0,0.0,0.0,0.0,0.0,0.0,0.0,0.0,0.0,0.0,0.0,0.0,0.0,0.0,0.0,0.0,0.0,0.0,0.0,0.0
2025-11-24T18:22:44.544462,211,student_4_lec_2a96290c_700aeb29,lec_2a96290c,cv101,0,0.0,no_face,0.0,0.0,0.0,0.0,0.0,0.0,0.0,0.0,0.0,0.0,0.0,0.0,0.0,0.0,0.0,0.0,0.0,0.0,0.0,0.0,0.0,0.0,0.0,0.0,0.0,0.0,0.0,0.0,0.0,0.0,0.0,0.0,0.0,0.0,0.0
2025-11-24T18:22:45.568334,212,student_4_lec_2a96290c_700aeb29,lec_2a96290c,cv101,0,0.0,no_face,0.0,0.0,0.0,0.0,0.0,0.0,0.0,0.0,0.0,0.0,0.0,0.0,0.0,0.0,0.0,0.0,0.0,0.0,0.0,0.0,0.0,0.0,0.0,0.0,0.0,0.0,0.0,0.0,0.0,0.0,0.0,0.0,0.0,0.0,0.0
2025-11-24T18:22:46.588767,213,student_4_lec_2a96290c_700aeb29,lec_2a96290c,cv101,0,0.0,no_face,0.0,0.0,0.0,0.0,0.0,0.0,0.0,0.0,0.0,0.0,0.0,0.0,0.0,0.0,0.0,0.0,0.0,0.0,0.0,0.0,0.0,0.0,0.0,0.0,0.0,0.0,0.0,0.0,0.0,0.0,0.0,0.0,0.0,0.0,0.0
2025-11-24T18:22:47.597217,214,student_4_lec_2a96290c_700aeb29,lec_2a96290c,cv101,0,0.0,no_face,0.0,0.0,0.0,0.0,0.0,0.0,0.0,0.0,0.0,0.0,0.0,0.0,0.0,0.0,0.0,0.0,0.0,0.0,0.0,0.0,0.0,0.0,0.0,0.0,0.0,0.0,0.0,0.0,0.0,0.0,0.0,0.0,0.0,0.0,0.0
2025-11-24T18:22:48.623872,215,student_4_lec_2a96290c_700aeb29,lec_2a96290c,cv101,0,0.0,no_face,0.0,0.0,0.0,0.0,0.0,0.0,0.0,0.0,0.0,0.0,0.0,0.0,0.0,0.0,0.0,0.0,0.0,0.0,0.0,0.0,0.0,0.0,0.0,0.0,0.0,0.0,0.0,0.0,0.0,0.0,0.0,0.0,0.0,0.0,0.0
2025-11-24T18:22:49.661056,216,student_4_lec_2a96290c_700aeb29,lec_2a96290c,cv101,0,0.0,no_face,0.0,0.0,0.0,0.0,0.0,0.0,0.0,0.0,0.0,0.0,0.0,0.0,0.0,0.0,0.0,0.0,0.0,0.0,0.0,0.0,0.0,0.0,0.0,0.0,0.0,0.0,0.0,0.0,0.0,0.0,0.0,0.0,0.0,0.0,0.0
2025-11-24T18:22:50.687869,217,student_4_lec_2a96290c_700aeb29,lec_2a96290c,cv101,0,0.0,no_face,0.0,0.0,0.0,0.0,0.0,0.0,0.0,0.0,0.0,0.0,0.0,0.0,0.0,0.0,0.0,0.0,0.0,0.0,0.0,0.0,0.0,0.0,0.0,0.0,0.0,0.0,0.0,0.0,0.0,0.0,0.0,0.0,0.0,0.0,0.0
2025-11-24T18:22:51.712604,218,student_4_lec_2a96290c_700aeb29,lec_2a96290c,cv101,0,0.0,no_face,0.0,0.0,0.0,0.0,0.0,0.0,0.0,0.0,0.0,0.0,0.0,0.0,0.0,0.0,0.0,0.0,0.0,0.0,0.0,0.0,0.0,0.0,0.0,0.0,0.0,0.0,0.0,0.0,0.0,0.0,0.0,0.0,0.0,0.0,0.0
2025-11-24T18:22:52.718364,219,student_4_lec_2a96290c_700aeb29,lec_2a96290c,cv101,0,0.0,no_face,0.0,0.0,0.0,0.0,0.0,0.0,0.0,0.0,0.0,0.0,0.0,0.0,0.0,0.0,0.0,0.0,0.0,0.0,0.0,0.0,0.0,0.0,0.0,0.0,0.0,0.0,0.0,0.0,0.0,0.0,0.0,0.0,0.0,0.0,0.0
2025-11-24T18:22:53.744435,220,student_4_lec_2a96290c_700aeb29,lec_2a96290c,cv101,0,0.0,no_face,0.0,0.0,0.0,0.0,0.0,0.0,0.0,0.0,0.0,0.0,0.0,0.0,0.0,0.0,0.0,0.0,0.0,0.0,0.0,0.0,0.0,0.0,0.0,0.0,0.0,0.0,0.0,0.0,0.0,0.0,0.0,0.0,0.0,0.0,0.0
2025-11-24T18:22:54.789425,221,student_4_lec_2a96290c_700aeb29,lec_2a96290c,cv101,0,0.0,no_face,0.0,0.0,0.0,0.0,0.0,0.0,0.0,0.0,0.0,0.0,0.0,0.0,0.0,0.0,0.0,0.0,0.0,0.0,0.0,0.0,0.0,0.0,0.0,0.0,0.0,0.0,0.0,0.0,0.0,0.0,0.0,0.0,0.0,0.0,0.0
2025-11-24T18:22:55.805047,222,student_4_lec_2a96290c_700aeb29,lec_2a96290c,cv101,0,0.0,no_face,0.0,0.0,0.0,0.0,0.0,0.0,0.0,0.0,0.0,0.0,0.0,0.0,0.0,0.0,0.0,0.0,0.0,0.0,0.0,0.0,0.0,0.0,0.0,0.0,0.0,0.0,0.0,0.0,0.0,0.0,0.0,0.0,0.0,0.0,0.0
2025-11-24T18:22:56.831990,223,student_4_lec_2a96290c_700aeb29,lec_2a96290c,cv101,0,0.0,no_face,0.0,0.0,0.0,0.0,0.0,0.0,0.0,0.0,0.0,0.0,0.0,0.0,0.0,0.0,0.0,0.0,0.0,0.0,0.0,0.0,0.0,0.0,0.0,0.0,0.0,0.0,0.0,0.0,0.0,0.0,0.0,0.0,0.0,0.0,0.0
2025-11-24T18:22:57.836662,224,student_4_lec_2a96290c_700aeb29,lec_2a96290c,cv101,0,0.0,no_face,0.0,0.0,0.0,0.0,0.0,0.0,0.0,0.0,0.0,0.0,0.0,0.0,0.0,0.0,0.0,0.0,0.0,0.0,0.0,0.0,0.0,0.0,0.0,0.0,0.0,0.0,0.0,0.0,0.0,0.0,0.0,0.0,0.0,0.0,0.0
2025-11-24T18:22:58.865459,225,student_4_lec_2a96290c_700aeb29,lec_2a96290c,cv101,0,0.0,no_face,0.0,0.0,0.0,0.0,0.0,0.0,0.0,0.0,0.0,0.0,0.0,0.0,0.0,0.0,0.0,0.0,0.0,0.0,0.0,0.0,0.0,0.0,0.0,0.0,0.0,0.0,0.0,0.0,0.0,0.0,0.0,0.0,0.0,0.0,0.0
2025-11-24T18:22:59.911639,226,student_4_lec_2a96290c_700aeb29,lec_2a96290c,cv101,0,0.0,no_face,0.0,0.0,0.0,0.0,0.0,0.0,0.0,0.0,0.0,0.0,0.0,0.0,0.0,0.0,0.0,0.0,0.0,0.0,0.0,0.0,0.0,0.0,0.0,0.0,0.0,0.0,0.0,0.0,0.0,0.0,0.0,0.0,0.0,0.0,0.0
2025-11-24T18:23:00.927153,227,student_4_lec_2a96290c_700aeb29,lec_2a96290c,cv101,0,0.0,no_face,0.0,0.0,0.0,0.0,0.0,0.0,0.0,0.0,0.0,0.0,0.0,0.0,0.0,0.0,0.0,0.0,0.0,0.0,0.0,0.0,0.0,0.0,0.0,0.0,0.0,0.0,0.0,0.0,0.0,0.0,0.0,0.0,0.0,0.0,0.0
2025-11-24T18:23:01.950300,228,student_4_lec_2a96290c_700aeb29,lec_2a96290c,cv101,0,0.0,no_face,0.0,0.0,0.0,0.0,0.0,0.0,0.0,0.0,0.0,0.0,0.0,0.0,0.0,0.0,0.0,0.0,0.0,0.0,0.0,0.0,0.0,0.0,0.0,0.0,0.0,0.0,0.0,0.0,0.0,0.0,0.0,0.0,0.0,0.0,0.0
2025-11-24T18:23:02.959838,229,student_4_lec_2a96290c_700aeb29,lec_2a96290c,cv101,0,0.0,no_face,0.0,0.0,0.0,0.0,0.0,0.0,0.0,0.0,0.0,0.0,0.0,0.0,0.0,0.0,0.0,0.0,0.0,0.0,0.0,0.0,0.0,0.0,0.0,0.0,0.0,0.0,0.0,0.0,0.0,0.0,0.0,0.0,0.0,0.0,0.0
2025-11-24T18:23:03.981023,230,student_4_lec_2a96290c_700aeb29,lec_2a96290c,cv101,0,0.0,no_face,0.0,0.0,0.0,0.0,0.0,0.0,0.0,0.0,0.0,0.0,0.0,0.0,0.0,0.0,0.0,0.0,0.0,0.0,0.0,0.0,0.0,0.0,0.0,0.0,0.0,0.0,0.0,0.0,0.0,0.0,0.0,0.0,0.0,0.0,0.0
2025-11-24T18:23:05.024702,231,student_4_lec_2a96290c_700aeb29,lec_2a96290c,cv101,0,0.0,no_face,0.0,0.0,0.0,0.0,0.0,0.0,0.0,0.0,0.0,0.0,0.0,0.0,0.0,0.0,0.0,0.0,0.0,0.0,0.0,0.0,0.0,0.0,0.0,0.0,0.0,0.0,0.0,0.0,0.0,0.0,0.0,0.0,0.0,0.0,0.0
2025-11-24T18:23:06.047394,232,student_4_lec_2a96290c_700aeb29,lec_2a96290c,cv101,0,0.0,no_face,0.0,0.0,0.0,0.0,0.0,0.0,0.0,0.0,0.0,0.0,0.0,0.0,0.0,0.0,0.0,0.0,0.0,0.0,0.0,0.0,0.0,0.0,0.0,0.0,0.0,0.0,0.0,0.0,0.0,0.0,0.0,0.0,0.0,0.0,0.0
2025-11-24T18:23:07.070222,233,student_4_lec_2a96290c_700aeb29,lec_2a96290c,cv101,0,0.0,no_face,0.0,0.0,0.0,0.0,0.0,0.0,0.0,0.0,0.0,0.0,0.0,0.0,0.0,0.0,0.0,0.0,0.0,0.0,0.0,0.0,0.0,0.0,0.0,0.0,0.0,0.0,0.0,0.0,0.0,0.0,0.0,0.0,0.0,0.0,0.0
2025-11-24T18:23:08.081189,234,student_4_lec_2a96290c_700aeb29,lec_2a96290c,cv101,0,0.0,no_face,0.0,0.0,0.0,0.0,0.0,0.0,0.0,0.0,0.0,0.0,0.0,0.0,0.0,0.0,0.0,0.0,0.0,0.0,0.0,0.0,0.0,0.0,0.0,0.0,0.0,0.0,0.0,0.0,0.0,0.0,0.0,0.0,0.0,0.0,0.0
2025-11-24T18:23:09.101156,235,student_4_lec_2a96290c_700aeb29,lec_2a96290c,cv101,0,0.0,no_face,0.0,0.0,0.0,0.0,0.0,0.0,0.0,0.0,0.0,0.0,0.0,0.0,0.0,0.0,0.0,0.0,0.0,0.0,0.0,0.0,0.0,0.0,0.0,0.0,0.0,0.0,0.0,0.0,0.0,0.0,0.0,0.0,0.0,0.0,0.0
2025-11-24T18:23:10.149387,236,student_4_lec_2a96290c_700aeb29,lec_2a96290c,cv101,0,0.0,no_face,0.0,0.0,0.0,0.0,0.0,0.0,0.0,0.0,0.0,0.0,0.0,0.0,0.0,0.0,0.0,0.0,0.0,0.0,0.0,0.0,0.0,0.0,0.0,0.0,0.0,0.0,0.0,0.0,0.0,0.0,0.0,0.0,0.0,0.0,0.0
2025-11-24T18:23:11.167665,237,student_4_lec_2a96290c_700aeb29,lec_2a96290c,cv101,0,0.0,no_face,0.0,0.0,0.0,0.0,0.0,0.0,0.0,0.0,0.0,0.0,0.0,0.0,0.0,0.0,0.0,0.0,0.0,0.0,0.0,0.0,0.0,0.0,0.0,0.0,0.0,0.0,0.0,0.0,0.0,0.0,0.0,0.0,0.0,0.0,0.0
2025-11-24T18:23:12.193698,238,student_4_lec_2a96290c_700aeb29,lec_2a96290c,cv101,0,0.0,no_face,0.0,0.0,0.0,0.0,0.0,0.0,0.0,0.0,0.0,0.0,0.0,0.0,0.0,0.0,0.0,0.0,0.0,0.0,0.0,0.0,0.0,0.0,0.0,0.0,0.0,0.0,0.0,0.0,0.0,0.0,0.0,0.0,0.0,0.0,0.0
2025-11-24T18:23:13.205485,239,student_4_lec_2a96290c_700aeb29,lec_2a96290c,cv101,0,0.0,no_face,0.0,0.0,0.0,0.0,0.0,0.0,0.0,0.0,0.0,0.0,0.0,0.0,0.0,0.0,0.0,0.0,0.0,0.0,0.0,0.0,0.0,0.0,0.0,0.0,0.0,0.0,0.0,0.0,0.0,0.0,0.0,0.0,0.0,0.0,0.0
2025-11-24T18:23:14.222488,240,student_4_lec_2a96290c_700aeb29,lec_2a96290c,cv101,0,0.0,no_face,0.0,0.0,0.0,0.0,0.0,0.0,0.0,0.0,0.0,0.0,0.0,0.0,0.0,0.0,0.0,0.0,0.0,0.0,0.0,0.0,0.0,0.0,0.0,0.0,0.0,0.0,0.0,0.0,0.0,0.0,0.0,0.0,0.0,0.0,0.0
2025-11-24T18:23:15.262593,241,student_4_lec_2a96290c_700aeb29,lec_2a96290c,cv101,0,0.0,no_face,0.0,0.0,0.0,0.0,0.0,0.0,0.0,0.0,0.0,0.0,0.0,0.0,0.0,0.0,0.0,0.0,0.0,0.0,0.0,0.0,0.0,0.0,0.0,0.0,0.0,0.0,0.0,0.0,0.0,0.0,0.0,0.0,0.0,0.0,0.0
2025-11-24T18:23:16.287120,242,student_4_lec_2a96290c_700aeb29,lec_2a96290c,cv101,0,0.0,no_face,0.0,0.0,0.0,0.0,0.0,0.0,0.0,0.0,0.0,0.0,0.0,0.0,0.0,0.0,0.0,0.0,0.0,0.0,0.0,0.0,0.0,0.0,0.0,0.0,0.0,0.0,0.0,0.0,0.0,0.0,0.0,0.0,0.0,0.0,0.0
2025-11-24T18:23:17.311748,243,student_4_lec_2a96290c_700aeb29,lec_2a96290c,cv101,0,0.0,no_face,0.0,0.0,0.0,0.0,0.0,0.0,0.0,0.0,0.0,0.0,0.0,0.0,0.0,0.0,0.0,0.0,0.0,0.0,0.0,0.0,0.0,0.0,0.0,0.0,0.0,0.0,0.0,0.0,0.0,0.0,0.0,0.0,0.0,0.0,0.0
2025-11-24T18:23:18.317712,244,student_4_lec_2a96290c_700aeb29,lec_2a96290c,cv101,0,0.0,no_face,0.0,0.0,0.0,0.0,0.0,0.0,0.0,0.0,0.0,0.0,0.0,0.0,0.0,0.0,0.0,0.0,0.0,0.0,0.0,0.0,0.0,0.0,0.0,0.0,0.0,0.0,0.0,0.0,0.0,0.0,0.0,0.0,0.0,0.0,0.0
2025-11-24T18:23:19.344853,245,student_4_lec_2a96290c_700aeb29,lec_2a96290c,cv101,0,0.0,no_face,0.0,0.0,0.0,0.0,0.0,0.0,0.0,0.0,0.0,0.0,0.0,0.0,0.0,0.0,0.0,0.0,0.0,0.0,0.0,0.0,0.0,0.0,0.0,0.0,0.0,0.0,0.0,0.0,0.0,0.0,0.0,0.0,0.0,0.0,0.0
2025-11-24T18:23:20.387322,246,student_4_lec_2a96290c_700aeb29,lec_2a96290c,cv101,0,0.0,no_face,0.0,0.0,0.0,0.0,0.0,0.0,0.0,0.0,0.0,0.0,0.0,0.0,0.0,0.0,0.0,0.0,0.0,0.0,0.0,0.0,0.0,0.0,0.0,0.0,0.0,0.0,0.0,0.0,0.0,0.0,0.0,0.0,0.0,0.0,0.0
2025-11-24T18:23:21.405956,247,student_4_lec_2a96290c_700aeb29,lec_2a96290c,cv101,0,0.0,no_face,0.0,0.0,0.0,0.0,0.0,0.0,0.0,0.0,0.0,0.0,0.0,0.0,0.0,0.0,0.0,0.0,0.0,0.0,0.0,0.0,0.0,0.0,0.0,0.0,0.0,0.0,0.0,0.0,0.0,0.0,0.0,0.0,0.0,0.0,0.0
2025-11-24T18:23:22.429963,248,student_4_lec_2a96290c_700aeb29,lec_2a96290c,cv101,0,0.0,no_face,0.0,0.0,0.0,0.0,0.0,0.0,0.0,0.0,0.0,0.0,0.0,0.0,0.0,0.0,0.0,0.0,0.0,0.0,0.0,0.0,0.0,0.0,0.0,0.0,0.0,0.0,0.0,0.0,0.0,0.0,0.0,0.0,0.0,0.0,0.0
2025-11-24T18:23:23.438023,249,student_4_lec_2a96290c_700aeb29,lec_2a96290c,cv101,0,0.0,no_face,0.0,0.0,0.0,0.0,0.0,0.0,0.0,0.0,0.0,0.0,0.0,0.0,0.0,0.0,0.0,0.0,0.0,0.0,0.0,0.0,0.0,0.0,0.0,0.0,0.0,0.0,0.0,0.0,0.0,0.0,0.0,0.0,0.0,0.0,0.0
2025-11-24T18:23:24.465485,250,student_4_lec_2a96290c_700aeb29,lec_2a96290c,cv101,0,0.0,no_face,0.0,0.0,0.0,0.0,0.0,0.0,0.0,0.0,0.0,0.0,0.0,0.0,0.0,0.0,0.0,0.0,0.0,0.0,0.0,0.0,0.0,0.0,0.0,0.0,0.0,0.0,0.0,0.0,0.0,0.0,0.0,0.0,0.0,0.0,0.0
2025-11-24T18:23:25.509143,251,student_4_lec_2a96290c_700aeb29,lec_2a96290c,cv101,0,0.0,no_face,0.0,0.0,0.0,0.0,0.0,0.0,0.0,0.0,0.0,0.0,0.0,0.0,0.0,0.0,0.0,0.0,0.0,0.0,0.0,0.0,0.0,0.0,0.0,0.0,0.0,0.0,0.0,0.0,0.0,0.0,0.0,0.0,0.0,0.0,0.0
2025-11-24T18:23:26.531198,252,student_4_lec_2a96290c_700aeb29,lec_2a96290c,cv101,0,0.0,no_face,0.0,0.0,0.0,0.0,0.0,0.0,0.0,0.0,0.0,0.0,0.0,0.0,0.0,0.0,0.0,0.0,0.0,0.0,0.0,0.0,0.0,0.0,0.0,0.0,0.0,0.0,0.0,0.0,0.0,0.0,0.0,0.0,0.0,0.0,0.0
2025-11-24T18:23:27.550348,253,student_4_lec_2a96290c_700aeb29,lec_2a96290c,cv101,0,0.0,no_face,0.0,0.0,0.0,0.0,0.0,0.0,0.0,0.0,0.0,0.0,0.0,0.0,0.0,0.0,0.0,0.0,0.0,0.0,0.0,0.0,0.0,0.0,0.0,0.0,0.0,0.0,0.0,0.0,0.0,0.0,0.0,0.0,0.0,0.0,0.0
2025-11-24T18:23:28.559765,254,student_4_lec_2a96290c_700aeb29,lec_2a96290c,cv101,0,0.0,no_face,0.0,0.0,0.0,0.0,0.0,0.0,0.0,0.0,0.0,0.0,0.0,0.0,0.0,0.0,0.0,0.0,0.0,0.0,0.0,0.0,0.0,0.0,0.0,0.0,0.0,0.0,0.0,0.0,0.0,0.0,0.0,0.0,0.0,0.0,0.0
2025-11-24T18:23:29.586077,255,student_4_lec_2a96290c_700aeb29,lec_2a96290c,cv101,0,0.0,no_face,0.0,0.0,0.0,0.0,0.0,0.0,0.0,0.0,0.0,0.0,0.0,0.0,0.0,0.0,0.0,0.0,0.0,0.0,0.0,0.0,0.0,0.0,0.0,0.0,0.0,0.0,0.0,0.0,0.0,0.0,0.0,0.0,0.0,0.0,0.0
2025-11-24T18:23:30.626811,256,student_4_lec_2a96290c_700aeb29,lec_2a96290c,cv101,0,0.0,no_face,0.0,0.0,0.0,0.0,0.0,0.0,0.0,0.0,0.0,0.0,0.0,0.0,0.0,0.0,0.0,0.0,0.0,0.0,0.0,0.0,0.0,0.0,0.0,0.0,0.0,0.0,0.0,0.0,0.0,0.0,0.0,0.0,0.0,0.0,0.0
2025-11-24T18:23:31.646330,257,student_4_lec_2a96290c_700aeb29,lec_2a96290c,cv101,0,0.0,no_face,0.0,0.0,0.0,0.0,0.0,0.0,0.0,0.0,0.0,0.0,0.0,0.0,0.0,0.0,0.0,0.0,0.0,0.0,0.0,0.0,0.0,0.0,0.0,0.0,0.0,0.0,0.0,0.0,0.0,0.0,0.0,0.0,0.0,0.0,0.0
2025-11-24T18:23:32.671214,258,student_4_lec_2a96290c_700aeb29,lec_2a96290c,cv101,0,0.0,no_face,0.0,0.0,0.0,0.0,0.0,0.0,0.0,0.0,0.0,0.0,0.0,0.0,0.0,0.0,0.0,0.0,0.0,0.0,0.0,0.0,0.0,0.0,0.0,0.0,0.0,0.0,0.0,0.0,0.0,0.0,0.0,0.0,0.0,0.0,0.0
2025-11-24T18:23:33.681705,259,student_4_lec_2a96290c_700aeb29,lec_2a96290c,cv101,0,0.0,no_face,0.0,0.0,0.0,0.0,0.0,0.0,0.0,0.0,0.0,0.0,0.0,0.0,0.0,0.0,0.0,0.0,0.0,0.0,0.0,0.0,0.0,0.0,0.0,0.0,0.0,0.0,0.0,0.0,0.0,0.0,0.0,0.0,0.0,0.0,0.0
2025-11-24T18:23:34.702013,260,student_4_lec_2a96290c_700aeb29,lec_2a96290c,cv101,0,0.0,no_face,0.0,0.0,0.0,0.0,0.0,0.0,0.0,0.0,0.0,0.0,0.0,0.0,0.0,0.0,0.0,0.0,0.0,0.0,0.0,0.0,0.0,0.0,0.0,0.0,0.0,0.0,0.0,0.0,0.0,0.0,0.0,0.0,0.0,0.0,0.0
2025-11-24T18:23:35.748146,261,student_4_lec_2a96290c_700aeb29,lec_2a96290c,cv101,0,0.0,no_face,0.0,0.0,0.0,0.0,0.0,0.0,0.0,0.0,0.0,0.0,0.0,0.0,0.0,0.0,0.0,0.0,0.0,0.0,0.0,0.0,0.0,0.0,0.0,0.0,0.0,0.0,0.0,0.0,0.0,0.0,0.0,0.0,0.0,0.0,0.0
2025-11-24T18:23:36.767010,262,student_4_lec_2a96290c_700aeb29,lec_2a96290c,cv101,0,0.0,no_face,0.0,0.0,0.0,0.0,0.0,0.0,0.0,0.0,0.0,0.0,0.0,0.0,0.0,0.0,0.0,0.0,0.0,0.0,0.0,0.0,0.0,0.0,0.0,0.0,0.0,0.0,0.0,0.0,0.0,0.0,0.0,0.0,0.0,0.0,0.0
2025-11-24T18:23:37.788090,263,student_4_lec_2a96290c_700aeb29,lec_2a96290c,cv101,0,0.0,no_face,0.0,0.0,0.0,0.0,0.0,0.0,0.0,0.0,0.0,0.0,0.0,0.0,0.0,0.0,0.0,0.0,0.0,0.0,0.0,0.0,0.0,0.0,0.0,0.0,0.0,0.0,0.0,0.0,0.0,0.0,0.0,0.0,0.0,0.0,0.0
2025-11-24T18:23:38.798167,264,student_4_lec_2a96290c_700aeb29,lec_2a96290c,cv101,0,0.0,no_face,0.0,0.0,0.0,0.0,0.0,0.0,0.0,0.0,0.0,0.0,0.0,0.0,0.0,0.0,0.0,0.0,0.0,0.0,0.0,0.0,0.0,0.0,0.0,0.0,0.0,0.0,0.0,0.0,0.0,0.0,0.0,0.0,0.0,0.0,0.0
2025-11-24T18:23:39.822907,265,student_4_lec_2a96290c_700aeb29,lec_2a96290c,cv101,0,0.0,no_face,0.0,0.0,0.0,0.0,0.0,0.0,0.0,0.0,0.0,0.0,0.0,0.0,0.0,0.0,0.0,0.0,0.0,0.0,0.0,0.0,0.0,0.0,0.0,0.0,0.0,0.0,0.0,0.0,0.0,0.0,0.0,0.0,0.0,0.0,0.0
2025-11-24T18:23:40.862624,266,student_4_lec_2a96290c_700aeb29,lec_2a96290c,cv101,0,0.0,no_face,0.0,0.0,0.0,0.0,0.0,0.0,0.0,0.0,0.0,0.0,0.0,0.0,0.0,0.0,0.0,0.0,0.0,0.0,0.0,0.0,0.0,0.0,0.0,0.0,0.0,0.0,0.0,0.0,0.0,0.0,0.0,0.0,0.0,0.0,0.0
2025-11-24T18:23:41.885543,267,student_4_lec_2a96290c_700aeb29,lec_2a96290c,cv101,0,0.0,no_face,0.0,0.0,0.0,0.0,0.0,0.0,0.0,0.0,0.0,0.0,0.0,0.0,0.0,0.0,0.0,0.0,0.0,0.0,0.0,0.0,0.0,0.0,0.0,0.0,0.0,0.0,0.0,0.0,0.0,0.0,0.0,0.0,0.0,0.0,0.0
2025-11-24T18:23:42.911970,268,student_4_lec_2a96290c_700aeb29,lec_2a96290c,cv101,0,0.0,no_face,0.0,0.0,0.0,0.0,0.0,0.0,0.0,0.0,0.0,0.0,0.0,0.0,0.0,0.0,0.0,0.0,0.0,0.0,0.0,0.0,0.0,0.0,0.0,0.0,0.0,0.0,0.0,0.0,0.0,0.0,0.0,0.0,0.0,0.0,0.0
2025-11-24T18:23:43.919632,269,student_4_lec_2a96290c_700aeb29,lec_2a96290c,cv101,0,0.0,no_face,0.0,0.0,0.0,0.0,0.0,0.0,0.0,0.0,0.0,0.0,0.0,0.0,0.0,0.0,0.0,0.0,0.0,0.0,0.0,0.0,0.0,0.0,0.0,0.0,0.0,0.0,0.0,0.0,0.0,0.0,0.0,0.0,0.0,0.0,0.0
2025-11-24T18:23:44.944663,270,student_4_lec_2a96290c_700aeb29,lec_2a96290c,cv101,0,0.0,no_face,0.0,0.0,0.0,0.0,0.0,0.0,0.0,0.0,0.0,0.0,0.0,0.0,0.0,0.0,0.0,0.0,0.0,0.0,0.0,0.0,0.0,0.0,0.0,0.0,0.0,0.0,0.0,0.0,0.0,0.0,0.0,0.0,0.0,0.0,0.0
2025-11-24T18:23:45.988514,271,student_4_lec_2a96290c_700aeb29,lec_2a96290c,cv101,0,0.0,no_face,0.0,0.0,0.0,0.0,0.0,0.0,0.0,0.0,0.0,0.0,0.0,0.0,0.0,0.0,0.0,0.0,0.0,0.0,0.0,0.0,0.0,0.0,0.0,0.0,0.0,0.0,0.0,0.0,0.0,0.0,0.0,0.0,0.0,0.0,0.0
2025-11-24T18:23:46.994272,272,student_4_lec_2a96290c_700aeb29,lec_2a96290c,cv101,0,0.0,no_face,0.0,0.0,0.0,0.0,0.0,0.0,0.0,0.0,0.0,0.0,0.0,0.0,0.0,0.0,0.0,0.0,0.0,0.0,0.0,0.0,0.0,0.0,0.0,0.0,0.0,0.0,0.0,0.0,0.0,0.0,0.0,0.0,0.0,0.0,0.0
2025-11-24T18:23:47.997420,273,student_4_lec_2a96290c_700aeb29,lec_2a96290c,cv101,0,0.0,no_face,0.0,0.0,0.0,0.0,0.0,0.0,0.0,0.0,0.0,0.0,0.0,0.0,0.0,0.0,0.0,0.0,0.0,0.0,0.0,0.0,0.0,0.0,0.0,0.0,0.0,0.0,0.0,0.0,0.0,0.0,0.0,0.0,0.0,0.0,0.0
2025-11-24T18:23:49.009949,274,student_4_lec_2a96290c_700aeb29,lec_2a96290c,cv101,0,0.0,no_face,0.0,0.0,0.0,0.0,0.0,0.0,0.0,0.0,0.0,0.0,0.0,0.0,0.0,0.0,0.0,0.0,0.0,0.0,0.0,0.0,0.0,0.0,0.0,0.0,0.0,0.0,0.0,0.0,0.0,0.0,0.0,0.0,0.0,0.0,0.0
2025-11-24T18:23:50.029358,275,student_4_lec_2a96290c_700aeb29,lec_2a96290c,cv101,0,0.0,no_face,0.0,0.0,0.0,0.0,0.0,0.0,0.0,0.0,0.0,0.0,0.0,0.0,0.0,0.0,0.0,0.0,0.0,0.0,0.0,0.0,0.0,0.0,0.0,0.0,0.0,0.0,0.0,0.0,0.0,0.0,0.0,0.0,0.0,0.0,0.0
2025-11-24T18:23:51.073459,276,student_4_lec_2a96290c_700aeb29,lec_2a96290c,cv101,0,0.0,no_face,0.0,0.0,0.0,0.0,0.0,0.0,0.0,0.0,0.0,0.0,0.0,0.0,0.0,0.0,0.0,0.0,0.0,0.0,0.0,0.0,0.0,0.0,0.0,0.0,0.0,0.0,0.0,0.0,0.0,0.0,0.0,0.0,0.0,0.0,0.0
2025-11-24T18:23:52.096069,277,student_4_lec_2a96290c_700aeb29,lec_2a96290c,cv101,0,0.0,no_face,0.0,0.0,0.0,0.0,0.0,0.0,0.0,0.0,0.0,0.0,0.0,0.0,0.0,0.0,0.0,0.0,0.0,0.0,0.0,0.0,0.0,0.0,0.0,0.0,0.0,0.0,0.0,0.0,0.0,0.0,0.0,0.0,0.0,0.0,0.0
2025-11-24T18:23:53.119135,278,student_4_lec_2a96290c_700aeb29,lec_2a96290c,cv101,0,0.0,no_face,0.0,0.0,0.0,0.0,0.0,0.0,0.0,0.0,0.0,0.0,0.0,0.0,0.0,0.0,0.0,0.0,0.0,0.0,0.0,0.0,0.0,0.0,0.0,0.0,0.0,0.0,0.0,0.0,0.0,0.0,0.0,0.0,0.0,0.0,0.0
2025-11-24T18:23:54.128356,279,student_4_lec_2a96290c_700aeb29,lec_2a96290c,cv101,0,0.0,no_face,0.0,0.0,0.0,0.0,0.0,0.0,0.0,0.0,0.0,0.0,0.0,0.0,0.0,0.0,0.0,0.0,0.0,0.0,0.0,0.0,0.0,0.0,0.0,0.0,0.0,0.0,0.0,0.0,0.0,0.0,0.0,0.0,0.0,0.0,0.0
2025-11-24T18:23:55.149545,280,student_4_lec_2a96290c_700aeb29,lec_2a96290c,cv101,0,0.0,no_face,0.0,0.0,0.0,0.0,0.0,0.0,0.0,0.0,0.0,0.0,0.0,0.0,0.0,0.0,0.0,0.0,0.0,0.0,0.0,0.0,0.0,0.0,0.0,0.0,0.0,0.0,0.0,0.0,0.0,0.0,0.0,0.0,0.0,0.0,0.0
2025-11-24T18:23:56.193246,281,student_4_lec_2a96290c_700aeb29,lec_2a96290c,cv101,0,0.0,no_face,0.0,0.0,0.0,0.0,0.0,0.0,0.0,0.0,0.0,0.0,0.0,0.0,0.0,0.0,0.0,0.0,0.0,0.0,0.0,0.0,0.0,0.0,0.0,0.0,0.0,0.0,0.0,0.0,0.0,0.0,0.0,0.0,0.0,0.0,0.0
2025-11-24T18:23:57.215399,282,student_4_lec_2a96290c_700aeb29,lec_2a96290c,cv101,0,0.0,no_face,0.0,0.0,0.0,0.0,0.0,0.0,0.0,0.0,0.0,0.0,0.0,0.0,0.0,0.0,0.0,0.0,0.0,0.0,0.0,0.0,0.0,0.0,0.0,0.0,0.0,0.0,0.0,0.0,0.0,0.0,0.0,0.0,0.0,0.0,0.0
2025-11-24T18:23:58.237437,283,student_4_lec_2a96290c_700aeb29,lec_2a96290c,cv101,0,0.0,no_face,0.0,0.0,0.0,0.0,0.0,0.0,0.0,0.0,0.0,0.0,0.0,0.0,0.0,0.0,0.0,0.0,0.0,0.0,0.0,0.0,0.0,0.0,0.0,0.0,0.0,0.0,0.0,0.0,0.0,0.0,0.0,0.0,0.0,0.0,0.0
2025-11-24T18:23:59.249917,284,student_4_lec_2a96290c_700aeb29,lec_2a96290c,cv101,0,0.0,no_face,0.0,0.0,0.0,0.0,0.0,0.0,0.0,0.0,0.0,0.0,0.0,0.0,0.0,0.0,0.0,0.0,0.0,0.0,0.0,0.0,0.0,0.0,0.0,0.0,0.0,0.0,0.0,0.0,0.0,0.0,0.0,0.0,0.0,0.0,0.0
2025-11-24T18:24:00.270179,285,student_4_lec_2a96290c_700aeb29,lec_2a96290c,cv101,0,0.0,no_face,0.0,0.0,0.0,0.0,0.0,0.0,0.0,0.0,0.0,0.0,0.0,0.0,0.0,0.0,0.0,0.0,0.0,0.0,0.0,0.0,0.0,0.0,0.0,0.0,0.0,0.0,0.0,0.0,0.0,0.0,0.0,0.0,0.0,0.0,0.0
2025-11-24T18:24:01.311422,286,student_4_lec_2a96290c_700aeb29,lec_2a96290c,cv101,0,0.0,no_face,0.0,0.0,0.0,0.0,0.0,0.0,0.0,0.0,0.0,0.0,0.0,0.0,0.0,0.0,0.0,0.0,0.0,0.0,0.0,0.0,0.0,0.0,0.0,0.0,0.0,0.0,0.0,0.0,0.0,0.0,0.0,0.0,0.0,0.0,0.0
2025-11-24T18:24:02.333312,287,student_4_lec_2a96290c_700aeb29,lec_2a96290c,cv101,0,0.0,no_face,0.0,0.0,0.0,0.0,0.0,0.0,0.0,0.0,0.0,0.0,0.0,0.0,0.0,0.0,0.0,0.0,0.0,0.0,0.0,0.0,0.0,0.0,0.0,0.0,0.0,0.0,0.0,0.0,0.0,0.0,0.0,0.0,0.0,0.0,0.0
2025-11-24T18:24:03.360133,288,student_4_lec_2a96290c_700aeb29,lec_2a96290c,cv101,0,0.0,no_face,0.0,0.0,0.0,0.0,0.0,0.0,0.0,0.0,0.0,0.0,0.0,0.0,0.0,0.0,0.0,0.0,0.0,0.0,0.0,0.0,0.0,0.0,0.0,0.0,0.0,0.0,0.0,0.0,0.0,0.0,0.0,0.0,0.0,0.0,0.0
2025-11-24T18:24:04.365300,289,student_4_lec_2a96290c_700aeb29,lec_2a96290c,cv101,0,0.0,no_face,0.0,0.0,0.0,0.0,0.0,0.0,0.0,0.0,0.0,0.0,0.0,0.0,0.0,0.0,0.0,0.0,0.0,0.0,0.0,0.0,0.0,0.0,0.0,0.0,0.0,0.0,0.0,0.0,0.0,0.0,0.0,0.0,0.0,0.0,0.0
2025-11-24T18:24:05.391048,290,student_4_lec_2a96290c_700aeb29,lec_2a96290c,cv101,0,0.0,no_face,0.0,0.0,0.0,0.0,0.0,0.0,0.0,0.0,0.0,0.0,0.0,0.0,0.0,0.0,0.0,0.0,0.0,0.0,0.0,0.0,0.0,0.0,0.0,0.0,0.0,0.0,0.0,0.0,0.0,0.0,0.0,0.0,0.0,0.0,0.0
2025-11-24T18:24:06.437666,291,student_4_lec_2a96290c_700aeb29,lec_2a96290c,cv101,0,0.0,no_face,0.0,0.0,0.0,0.0,0.0,0.0,0.0,0.0,0.0,0.0,0.0,0.0,0.0,0.0,0.0,0.0,0.0,0.0,0.0,0.0,0.0,0.0,0.0,0.0,0.0,0.0,0.0,0.0,0.0,0.0,0.0,0.0,0.0,0.0,0.0
2025-11-24T18:24:07.453806,292,student_4_lec_2a96290c_700aeb29,lec_2a96290c,cv101,0,0.0,no_face,0.0,0.0,0.0,0.0,0.0,0.0,0.0,0.0,0.0,0.0,0.0,0.0,0.0,0.0,0.0,0.0,0.0,0.0,0.0,0.0,0.0,0.0,0.0,0.0,0.0,0.0,0.0,0.0,0.0,0.0,0.0,0.0,0.0,0.0,0.0
2025-11-24T18:24:08.457432,293,student_4_lec_2a96290c_700aeb29,lec_2a96290c,cv101,0,0.0,no_face,0.0,0.0,0.0,0.0,0.0,0.0,0.0,0.0,0.0,0.0,0.0,0.0,0.0,0.0,0.0,0.0,0.0,0.0,0.0,0.0,0.0,0.0,0.0,0.0,0.0,0.0,0.0,0.0,0.0,0.0,0.0,0.0,0.0,0.0,0.0
2025-11-24T18:24:09.484264,294,student_4_lec_2a96290c_700aeb29,lec_2a96290c,cv101,0,0.0,no_face,0.0,0.0,0.0,0.0,0.0,0.0,0.0,0.0,0.0,0.0,0.0,0.0,0.0,0.0,0.0,0.0,0.0,0.0,0.0,0.0,0.0,0.0,0.0,0.0,0.0,0.0,0.0,0.0,0.0,0.0,0.0,0.0,0.0,0.0,0.0
2025-11-24T18:24:10.516093,295,student_4_lec_2a96290c_700aeb29,lec_2a96290c,cv101,0,0.0,no_face,0.0,0.0,0.0,0.0,0.0,0.0,0.0,0.0,0.0,0.0,0.0,0.0,0.0,0.0,0.0,0.0,0.0,0.0,0.0,0.0,0.0,0.0,0.0,0.0,0.0,0.0,0.0,0.0,0.0,0.0,0.0,0.0,0.0,0.0,0.0
2025-11-24T18:24:11.549441,296,student_4_lec_2a96290c_700aeb29,lec_2a96290c,cv101,0,0.0,no_face,0.0,0.0,0.0,0.0,0.0,0.0,0.0,0.0,0.0,0.0,0.0,0.0,0.0,0.0,0.0,0.0,0.0,0.0,0.0,0.0,0.0,0.0,0.0,0.0,0.0,0.0,0.0,0.0,0.0,0.0,0.0,0.0,0.0,0.0,0.0
2025-11-24T18:24:12.576924,297,student_4_lec_2a96290c_700aeb29,lec_2a96290c,cv101,0,0.0,no_face,0.0,0.0,0.0,0.0,0.0,0.0,0.0,0.0,0.0,0.0,0.0,0.0,0.0,0.0,0.0,0.0,0.0,0.0,0.0,0.0,0.0,0.0,0.0,0.0,0.0,0.0,0.0,0.0,0.0,0.0,0.0,0.0,0.0,0.0,0.0
2025-11-24T18:24:13.596359,298,student_4_lec_2a96290c_700aeb29,lec_2a96290c,cv101,0,0.0,no_face,0.0,0.0,0.0,0.0,0.0,0.0,0.0,0.0,0.0,0.0,0.0,0.0,0.0,0.0,0.0,0.0,0.0,0.0,0.0,0.0,0.0,0.0,0.0,0.0,0.0,0.0,0.0,0.0,0.0,0.0,0.0,0.0,0.0,0.0,0.0
2025-11-24T18:24:14.607495,299,student_4_lec_2a96290c_700aeb29,lec_2a96290c,cv101,0,0.0,no_face,0.0,0.0,0.0,0.0,0.0,0.0,0.0,0.0,0.0,0.0,0.0,0.0,0.0,0.0,0.0,0.0,0.0,0.0,0.0,0.0,0.0,0.0,0.0,0.0,0.0,0.0,0.0,0.0,0.0,0.0,0.0,0.0,0.0,0.0,0.0
2025-11-24T18:24:15.633689,300,student_4_lec_2a96290c_700aeb29,lec_2a96290c,cv101,0,0.0,no_face,0.0,0.0,0.0,0.0,0.0,0.0,0.0,0.0,0.0,0.0,0.0,0.0,0.0,0.0,0.0,0.0,0.0,0.0,0.0,0.0,0.0,0.0,0.0,0.0,0.0,0.0,0.0,0.0,0.0,0.0,0.0,0.0,0.0,0.0,0.0
2025-11-24T18:24:16.680522,301,student_4_lec_2a96290c_700aeb29,lec_2a96290c,cv101,0,0.0,no_face,0.0,0.0,0.0,0.0,0.0,0.0,0.0,0.0,0.0,0.0,0.0,0.0,0.0,0.0,0.0,0.0,0.0,0.0,0.0,0.0,0.0,0.0,0.0,0.0,0.0,0.0,0.0,0.0,0.0,0.0,0.0,0.0,0.0,0.0,0.0
2025-11-24T18:24:17.693993,302,student_4_lec_2a96290c_700aeb29,lec_2a96290c,cv101,0,0.0,no_face,0.0,0.0,0.0,0.0,0.0,0.0,0.0,0.0,0.0,0.0,0.0,0.0,0.0,0.0,0.0,0.0,0.0,0.0,0.0,0.0,0.0,0.0,0.0,0.0,0.0,0.0,0.0,0.0,0.0,0.0,0.0,0.0,0.0,0.0,0.0
2025-11-24T18:24:18.720795,303,student_4_lec_2a96290c_700aeb29,lec_2a96290c,cv101,0,0.0,no_face,0.0,0.0,0.0,0.0,0.0,0.0,0.0,0.0,0.0,0.0,0.0,0.0,0.0,0.0,0.0,0.0,0.0,0.0,0.0,0.0,0.0,0.0,0.0,0.0,0.0,0.0,0.0,0.0,0.0,0.0,0.0,0.0,0.0,0.0,0.0
2025-11-24T18:24:19.727079,304,student_4_lec_2a96290c_700aeb29,lec_2a96290c,cv101,0,0.0,no_face,0.0,0.0,0.0,0.0,0.0,0.0,0.0,0.0,0.0,0.0,0.0,0.0,0.0,0.0,0.0,0.0,0.0,0.0,0.0,0.0,0.0,0.0,0.0,0.0,0.0,0.0,0.0,0.0,0.0,0.0,0.0,0.0,0.0,0.0,0.0
2025-11-24T18:24:20.749424,305,student_4_lec_2a96290c_700aeb29,lec_2a96290c,cv101,0,0.0,no_face,0.0,0.0,0.0,0.0,0.0,0.0,0.0,0.0,0.0,0.0,0.0,0.0,0.0,0.0,0.0,0.0,0.0,0.0,0.0,0.0,0.0,0.0,0.0,0.0,0.0,0.0,0.0,0.0,0.0,0.0,0.0,0.0,0.0,0.0,0.0
2025-11-24T18:24:21.791775,306,student_4_lec_2a96290c_700aeb29,lec_2a96290c,cv101,0,0.0,no_face,0.0,0.0,0.0,0.0,0.0,0.0,0.0,0.0,0.0,0.0,0.0,0.0,0.0,0.0,0.0,0.0,0.0,0.0,0.0,0.0,0.0,0.0,0.0,0.0,0.0,0.0,0.0,0.0,0.0,0.0,0.0,0.0,0.0,0.0,0.0
2025-11-24T18:24:22.815855,307,student_4_lec_2a96290c_700aeb29,lec_2a96290c,cv101,0,0.0,no_face,0.0,0.0,0.0,0.0,0.0,0.0,0.0,0.0,0.0,0.0,0.0,0.0,0.0,0.0,0.0,0.0,0.0,0.0,0.0,0.0,0.0,0.0,0.0,0.0,0.0,0.0,0.0,0.0,0.0,0.0,0.0,0.0,0.0,0.0,0.0
2025-11-24T18:24:23.839193,308,student_4_lec_2a96290c_700aeb29,lec_2a96290c,cv101,0,0.0,no_face,0.0,0.0,0.0,0.0,0.0,0.0,0.0,0.0,0.0,0.0,0.0,0.0,0.0,0.0,0.0,0.0,0.0,0.0,0.0,0.0,0.0,0.0,0.0,0.0,0.0,0.0,0.0,0.0,0.0,0.0,0.0,0.0,0.0,0.0,0.0
2025-11-24T18:24:24.848514,309,student_4_lec_2a96290c_700aeb29,lec_2a96290c,cv101,0,0.0,no_face,0.0,0.0,0.0,0.0,0.0,0.0,0.0,0.0,0.0,0.0,0.0,0.0,0.0,0.0,0.0,0.0,0.0,0.0,0.0,0.0,0.0,0.0,0.0,0.0,0.0,0.0,0.0,0.0,0.0,0.0,0.0,0.0,0.0,0.0,0.0
2025-11-24T18:24:25.872190,310,student_4_lec_2a96290c_700aeb29,lec_2a96290c,cv101,0,0.0,no_face,0.0,0.0,0.0,0.0,0.0,0.0,0.0,0.0,0.0,0.0,0.0,0.0,0.0,0.0,0.0,0.0,0.0,0.0,0.0,0.0,0.0,0.0,0.0,0.0,0.0,0.0,0.0,0.0,0.0,0.0,0.0,0.0,0.0,0.0,0.0
2025-11-24T18:24:26.877861,311,student_4_lec_2a96290c_700aeb29,lec_2a96290c,cv101,0,0.0,no_face,0.0,0.0,0.0,0.0,0.0,0.0,0.0,0.0,0.0,0.0,0.0,0.0,0.0,0.0,0.0,0.0,0.0,0.0,0.0,0.0,0.0,0.0,0.0,0.0,0.0,0.0,0.0,0.0,0.0,0.0,0.0,0.0,0.0,0.0,0.0
2025-11-24T18:24:27.901856,312,student_4_lec_2a96290c_700aeb29,lec_2a96290c,cv101,0,0.0,no_face,0.0,0.0,0.0,0.0,0.0,0.0,0.0,0.0,0.0,0.0,0.0,0.0,0.0,0.0,0.0,0.0,0.0,0.0,0.0,0.0,0.0,0.0,0.0,0.0,0.0,0.0,0.0,0.0,0.0,0.0,0.0,0.0,0.0,0.0,0.0
2025-11-24T18:24:28.927622,313,student_4_lec_2a96290c_700aeb29,lec_2a96290c,cv101,0,0.0,no_face,0.0,0.0,0.0,0.0,0.0,0.0,0.0,0.0,0.0,0.0,0.0,0.0,0.0,0.0,0.0,0.0,0.0,0.0,0.0,0.0,0.0,0.0,0.0,0.0,0.0,0.0,0.0,0.0,0.0,0.0,0.0,0.0,0.0,0.0,0.0
2025-11-24T18:24:29.934351,314,student_4_lec_2a96290c_700aeb29,lec_2a96290c,cv101,0,0.0,no_face,0.0,0.0,0.0,0.0,0.0,0.0,0.0,0.0,0.0,0.0,0.0,0.0,0.0,0.0,0.0,0.0,0.0,0.0,0.0,0.0,0.0,0.0,0.0,0.0,0.0,0.0,0.0,0.0,0.0,0.0,0.0,0.0,0.0,0.0,0.0
2025-11-24T18:24:30.959517,315,student_4_lec_2a96290c_700aeb29,lec_2a96290c,cv101,0,0.0,no_face,0.0,0.0,0.0,0.0,0.0,0.0,0.0,0.0,0.0,0.0,0.0,0.0,0.0,0.0,0.0,0.0,0.0,0.0,0.0,0.0,0.0,0.0,0.0,0.0,0.0,0.0,0.0,0.0,0.0,0.0,0.0,0.0,0.0,0.0,0.0
2025-11-24T18:24:31.980606,316,student_4_lec_2a96290c_700aeb29,lec_2a96290c,cv101,0,0.0,no_face,0.0,0.0,0.0,0.0,0.0,0.0,0.0,0.0,0.0,0.0,0.0,0.0,0.0,0.0,0.0,0.0,0.0,0.0,0.0,0.0,0.0,0.0,0.0,0.0,0.0,0.0,0.0,0.0,0.0,0.0,0.0,0.0,0.0,0.0,0.0
2025-11-24T18:24:32.992802,317,student_4_lec_2a96290c_700aeb29,lec_2a96290c,cv101,0,0.0,no_face,0.0,0.0,0.0,0.0,0.0,0.0,0.0,0.0,0.0,0.0,0.0,0.0,0.0,0.0,0.0,0.0,0.0,0.0,0.0,0.0,0.0,0.0,0.0,0.0,0.0,0.0,0.0,0.0,0.0,0.0,0.0,0.0,0.0,0.0,0.0
2025-11-24T18:24:34.016832,318,student_4_lec_2a96290c_700aeb29,lec_2a96290c,cv101,0,0.0,no_face,0.0,0.0,0.0,0.0,0.0,0.0,0.0,0.0,0.0,0.0,0.0,0.0,0.0,0.0,0.0,0.0,0.0,0.0,0.0,0.0,0.0,0.0,0.0,0.0,0.0,0.0,0.0,0.0,0.0,0.0,0.0,0.0,0.0,0.0,0.0
2025-11-24T18:24:35.030470,319,student_4_lec_2a96290c_700aeb29,lec_2a96290c,cv101,0,0.0,no_face,0.0,0.0,0.0,0.0,0.0,0.0,0.0,0.0,0.0,0.0,0.0,0.0,0.0,0.0,0.0,0.0,0.0,0.0,0.0,0.0,0.0,0.0,0.0,0.0,0.0,0.0,0.0,0.0,0.0,0.0,0.0,0.0,0.0,0.0,0.0
2025-11-24T18:24:36.045564,320,student_4_lec_2a96290c_700aeb29,lec_2a96290c,cv101,0,0.0,no_face,0.0,0.0,0.0,0.0,0.0,0.0,0.0,0.0,0.0,0.0,0.0,0.0,0.0,0.0,0.0,0.0,0.0,0.0,0.0,0.0,0.0,0.0,0.0,0.0,0.0,0.0,0.0,0.0,0.0,0.0,0.0,0.0,0.0,0.0,0.0
2025-11-24T18:24:37.072127,321,student_4_lec_2a96290c_700aeb29,lec_2a96290c,cv101,0,0.0,no_face,0.0,0.0,0.0,0.0,0.0,0.0,0.0,0.0,0.0,0.0,0.0,0.0,0.0,0.0,0.0,0.0,0.0,0.0,0.0,0.0,0.0,0.0,0.0,0.0,0.0,0.0,0.0,0.0,0.0,0.0,0.0,0.0,0.0,0.0,0.0
2025-11-24T18:24:38.078955,322,student_4_lec_2a96290c_700aeb29,lec_2a96290c,cv101,0,0.0,no_face,0.0,0.0,0.0,0.0,0.0,0.0,0.0,0.0,0.0,0.0,0.0,0.0,0.0,0.0,0.0,0.0,0.0,0.0,0.0,0.0,0.0,0.0,0.0,0.0,0.0,0.0,0.0,0.0,0.0,0.0,0.0,0.0,0.0,0.0,0.0
2025-11-24T18:24:39.102563,323,student_4_lec_2a96290c_700aeb29,lec_2a96290c,cv101,0,0.0,no_face,0.0,0.0,0.0,0.0,0.0,0.0,0.0,0.0,0.0,0.0,0.0,0.0,0.0,0.0,0.0,0.0,0.0,0.0,0.0,0.0,0.0,0.0,0.0,0.0,0.0,0.0,0.0,0.0,0.0,0.0,0.0,0.0,0.0,0.0,0.0
2025-11-24T18:24:40.145619,324,student_4_lec_2a96290c_700aeb29,lec_2a96290c,cv101,0,0.0,no_face,0.0,0.0,0.0,0.0,0.0,0.0,0.0,0.0,0.0,0.0,0.0,0.0,0.0,0.0,0.0,0.0,0.0,0.0,0.0,0.0,0.0,0.0,0.0,0.0,0.0,0.0,0.0,0.0,0.0,0.0,0.0,0.0,0.0,0.0,0.0
2025-11-24T18:24:41.166234,325,student_4_lec_2a96290c_700aeb29,lec_2a96290c,cv101,0,0.0,no_face,0.0,0.0,0.0,0.0,0.0,0.0,0.0,0.0,0.0,0.0,0.0,0.0,0.0,0.0,0.0,0.0,0.0,0.0,0.0,0.0,0.0,0.0,0.0,0.0,0.0,0.0,0.0,0.0,0.0,0.0,0.0,0.0,0.0,0.0,0.0
2025-11-24T18:24:42.191081,326,student_4_lec_2a96290c_700aeb29,lec_2a96290c,cv101,0,0.0,no_face,0.0,0.0,0.0,0.0,0.0,0.0,0.0,0.0,0.0,0.0,0.0,0.0,0.0,0.0,0.0,0.0,0.0,0.0,0.0,0.0,0.0,0.0,0.0,0.0,0.0,0.0,0.0,0.0,0.0,0.0,0.0,0.0,0.0,0.0,0.0
2025-11-24T18:24:43.200145,327,student_4_lec_2a96290c_700aeb29,lec_2a96290c,cv101,0,0.0,no_face,0.0,0.0,0.0,0.0,0.0,0.0,0.0,0.0,0.0,0.0,0.0,0.0,0.0,0.0,0.0,0.0,0.0,0.0,0.0,0.0,0.0,0.0,0.0,0.0,0.0,0.0,0.0,0.0,0.0,0.0,0.0,0.0,0.0,0.0,0.0
2025-11-24T18:24:44.223511,328,student_4_lec_2a96290c_700aeb29,lec_2a96290c,cv101,0,0.0,no_face,0.0,0.0,0.0,0.0,0.0,0.0,0.0,0.0,0.0,0.0,0.0,0.0,0.0,0.0,0.0,0.0,0.0,0.0,0.0,0.0,0.0,0.0,0.0,0.0,0.0,0.0,0.0,0.0,0.0,0.0,0.0,0.0,0.0,0.0,0.0
2025-11-24T18:24:45.267894,329,student_4_lec_2a96290c_700aeb29,lec_2a96290c,cv101,0,0.0,no_face,0.0,0.0,0.0,0.0,0.0,0.0,0.0,0.0,0.0,0.0,0.0,0.0,0.0,0.0,0.0,0.0,0.0,0.0,0.0,0.0,0.0,0.0,0.0,0.0,0.0,0.0,0.0,0.0,0.0,0.0,0.0,0.0,0.0,0.0,0.0
2025-11-24T18:24:46.284727,330,student_4_lec_2a96290c_700aeb29,lec_2a96290c,cv101,0,0.0,no_face,0.0,0.0,0.0,0.0,0.0,0.0,0.0,0.0,0.0,0.0,0.0,0.0,0.0,0.0,0.0,0.0,0.0,0.0,0.0,0.0,0.0,0.0,0.0,0.0,0.0,0.0,0.0,0.0,0.0,0.0,0.0,0.0,0.0,0.0,0.0
2025-11-24T18:24:47.315399,331,student_4_lec_2a96290c_700aeb29,lec_2a96290c,cv101,0,0.0,no_face,0.0,0.0,0.0,0.0,0.0,0.0,0.0,0.0,0.0,0.0,0.0,0.0,0.0,0.0,0.0,0.0,0.0,0.0,0.0,0.0,0.0,0.0,0.0,0.0,0.0,0.0,0.0,0.0,0.0,0.0,0.0,0.0,0.0,0.0,0.0
2025-11-24T18:24:48.320916,332,student_4_lec_2a96290c_700aeb29,lec_2a96290c,cv101,0,0.0,no_face,0.0,0.0,0.0,0.0,0.0,0.0,0.0,0.0,0.0,0.0,0.0,0.0,0.0,0.0,0.0,0.0,0.0,0.0,0.0,0.0,0.0,0.0,0.0,0.0,0.0,0.0,0.0,0.0,0.0,0.0,0.0,0.0,0.0,0.0,0.0
2025-11-24T18:24:49.342657,333,student_4_lec_2a96290c_700aeb29,lec_2a96290c,cv101,0,0.0,no_face,0.0,0.0,0.0,0.0,0.0,0.0,0.0,0.0,0.0,0.0,0.0,0.0,0.0,0.0,0.0,0.0,0.0,0.0,0.0,0.0,0.0,0.0,0.0,0.0,0.0,0.0,0.0,0.0,0.0,0.0,0.0,0.0,0.0,0.0,0.0
2025-11-24T18:24:50.387164,334,student_4_lec_2a96290c_700aeb29,lec_2a96290c,cv101,1,0.95,partially_engaged,45.9,-0.0013,0.0004,-0.0032,-0.0007,-0.0013,-0.0034,-162.84,6.95,-131.17,640.15,3765.13,166.69,23.08,-12.59,1.33,0.95,3.67,2.01,2.81,2.99,1.78,2.77,1.82,1.27,3.18,5.0,1.52,2.23,2.77,3.29,0.0,2.31,1.98,0.98
2025-11-24T18:24:51.410319,335,student_4_lec_2a96290c_700aeb29,lec_2a96290c,cv101,0,0.0,no_face,0.0,0.0,0.0,0.0,0.0,0.0,0.0,0.0,0.0,0.0,0.0,0.0,0.0,0.0,0.0,0.0,0.0,0.0,0.0,0.0,0.0,0.0,0.0,0.0,0.0,0.0,0.0,0.0,0.0,0.0,0.0,0.0,0.0,0.0,0.0
2025-11-24T18:24:52.432517,336,student_4_lec_2a96290c_700aeb29,lec_2a96290c,cv101,1,0.95,partially_engaged,47.22,-0.001,-0.0022,-0.0034,-0.0017,-0.0025,-0.0031,-157.33,-144.28,317.77,714.7,3594.59,-172.79,-24.2,1.49,2.34,1.68,2.66,2.13,3.18,2.87,2.05,2.36,1.85,1.29,3.15,5.0,1.54,2.66,2.34,2.95,0.0,2.52,2.23,0.74
2025-11-24T18:24:53.444053,337,student_4_lec_2a96290c_700aeb29,lec_2a96290c,cv101,1,0.95,partially_engaged,48.78,-0.0015,-0.0029,-0.0037,-0.0034,-0.0015,-0.0033,-146.32,-148.11,384.71,704.84,3339.79,-168.92,-23.6,4.46,2.92,2.13,2.08,2.37,3.34,2.63,2.21,2.48,1.99,1.4,3.01,4.9,1.66,2.22,2.78,2.94,0.0,2.67,2.38,0.26
2025-11-24T18:24:54.465327,338,student_4_lec_2a96290c_700aeb29,lec_2a96290c,cv101,1,0.95,engaged,70.99,-0.0016,-0.0004,-0.0036,0.0021,0.0015,-0.0035,-3.53,-8.6,268.76,589.58,3421.69,179.48,-12.04,4.41,2.44,1.8,2.56,1.8,3.47,3.2,1.94,2.78,2.11,1.48,2.89,5.0,1.76,1.87,3.13,3.73,0.0,2.79,2.27,1.4
2025-11-24T18:24:55.471626,339,student_4_lec_2a96290c_700aeb29,lec_2a96290c,cv101,0,0.0,no_face,0.0,0.0,0.0,0.0,0.0,0.0,0.0,0.0,0.0,0.0,0.0,0.0,0.0,0.0,0.0,0.0,0.0,0.0,0.0,0.0,0.0,0.0,0.0,0.0,0.0,0.0,0.0,0.0,0.0,0.0,0.0,0.0,0.0,0.0,0.0
2025-11-24T18:24:56.504092,340,student_4_lec_2a96290c_700aeb29,lec_2a96290c,cv101,1,0.95,engaged,72.16,-0.0018,0.001,-0.0035,0.0014,-0.0027,-0.0036,2.98,10.84,34.39,480.61,3447.29,-179.84,12.54,-5.4,2.01,1.53,2.99,2.19,3.26,2.81,2.06,3.05,2.09,1.47,2.91,5.0,1.75,2.24,2.76,3.66,0.0,2.67,2.18,0.62
2025-11-24T18:24:57.520168,341,student_4_lec_2a96290c_700aeb29,lec_2a96290c,cv101,1,0.95,partially_engaged,48.23,-0.0012,-0.0012,-0.0036,0.0009,-0.0052,-0.0036,2.21,-143.37,121.22,465.38,3379.39,-176.67,-14.38,-3.81,1.92,1.4,3.08,2.17,3.39,2.83,2.1,2.89,1.96,1.37,3.04,5.0,1.64,2.29,2.71,3.81,0.0,2.67,2.13,0.66
2025-11-24T18:24:58.529538,342,student_4_lec_2a96290c_700aeb29,lec_2a96290c,cv101,1,0.95,partially_engaged,49.53,-0.001,-0.0006,-0.0037,-0.0002,-0.0021,-0.0037,-170.52,-160.27,98.47,456.33,3415.58,-179.83,-2.27,-3.42,1.74,1.28,3.26,2.43,3.31,2.57,2.01,2.93,2.15,1.5,2.85,5.0,1.79,1.99,3.01,3.89,0.0,2.73,2.09,0.14
2025-11-24T18:24:59.557001,343,student_4_lec_2a96290c_700aeb29,lec_2a96290c,cv101,1,0.95,partially_engaged,47.44,-0.0011,-0.0007,-0.0038,-0.0009,-0.0042,-0.0038,-164.83,-151.06,9.42,451.11,3415.31,-179.23,12.04,-4.55,1.65,1.21,3.35,1.9,3.49,3.1,2.04,2.84,1.98,1.38,3.02,5.0,1.65,2.51,2.49,3.85,0.0,2.74,2.07,1.2
2025-11-24T18:25:00.561120,344,student_4_lec_2a96290c_700aeb29,lec_2a96290c,cv101,1,0.95,engaged,60.17,-0.0024,0.0022,-0.0036,0.0006,-0.0007,-0.0038,12.58,-10.21,-29.19,490.71,3487.55,177.14,14.04,-7.32,1.74,1.3,3.26,2.28,3.14,2.72,1.99,2.99,2.01,1.41,2.99,5.0,1.68,2.39,2.61,3.74,0.0,2.58,2.1,0.44
2025-11-24T18:25:01.583945,345,student_4_lec_2a96290c_700aeb29,lec_2a96290c,cv101,1,0.95,engaged,61.28,-0.0031,0.0008,-0.0038,0.0009,-0.0031,-0.0039,13.4,13.51,-30.71,470.53,3355.19,-178.89,14.81,-6.82,1.31,0.85,3.69,2.21,3.58,2.79,2.06,2.91,2.06,1.44,2.94,5.0,1.71,2.22,2.78,3.78,0.0,2.82,1.95,0.58
2025-11-24T18:25:02.606889,346,student_4_lec_2a96290c_700aeb29,lec_2a96290c,cv101,1,0.95,partially_engaged,48.11,-0.0015,0.0019,-0.0037,-0.0025,-0.0036,-0.0039,-152.97,8.31,-53.43,457.79,3278.45,-178.58,16.45,-6.84,1.52,1.05,3.48,1.91,3.64,3.09,2.09,2.93,2.08,1.46,2.92,5.0,1.73,2.18,2.82,3.79,0.0,2.86,2.02,1.18
2025-11-24T18:25:03.615400,347,student_4_lec_2a96290c_700aeb29,lec_2a96290c,cv101,1,0.95,partially_engaged,49.41,-0.0019,-0.0009,-0.0038,-0.0016,-0.002,-0.004,-156.06,-160.22,-55.06,466.03,3295.01,-179.12,14.82,-6.28,1.49,1.04,3.51,2.29,3.51,2.71,2.13,3.05,2.08,1.46,2.92,5.0,1.74,2.13,2.87,3.8,0.0,2.79,2.01,0.42
2025-11-24T18:25:04.644804,348,student_4_lec_2a96290c_700aeb29,lec_2a96290c,cv101,1,0.95,engaged,50.36,-0.0016,-0.001,-0.0037,0.0021,-0.0041,-0.0038,-2.46,-149.05,-69.24,468.09,3262.75,-178.63,18.2,-6.6,1.38,0.94,3.62,2.48,3.56,2.52,2.14,2.84,2.06,1.44,2.94,5.0,1.72,2.12,2.88,3.8,0.0,2.81,1.98,0.04
2025-11-24T18:25:05.662616,349,student_4_lec_2a96290c_700aeb29,lec_2a96290c,cv101,1,0.95,partially_engaged,49.02,-0.0021,-0.0005,-0.0037,-0.0015,-0.0035,-0.004,-155.19,-155.1,-95.27,470.52,3276.76,178.86,21.25,-7.96,1.57,1.14,3.43,2.26,3.46,2.74,2.11,2.94,2.03,1.42,2.97,5.0,1.69,2.37,2.63,3.82,0.0,2.75,2.05,0.48
2025-11-24T18:25:06.673360,350,student_4_lec_2a96290c_700aeb29,lec_2a96290c,cv101,1,0.95,partially_engaged,49.88,-0.0026,-0.0006,-0.0038,-0.0036,-0.0046,-0.004,-142.3,-151.47,-80.1,470.29,3257.99,-179.02,19.63,-6.31,1.6,1.07,3.4,2.44,3.43,2.56,2.11,2.99,2.1,1.47,2.9,5.0,1.75,1.86,3.14,3.75,0.0,2.77,2.02,0.12
2025-11-24T18:25:07.702062,351,student_4_lec_2a96290c_700aeb29,lec_2a96290c,cv101,1,0.95,engaged,50.07,-0.0008,-0.0021,-0.0038,0.0002,-0.0025,-0.004,4.23,-149.25,-76.94,473.33,3256.97,-179.26,20.14,-6.42,1.64,1.14,3.36,2.5,3.39,2.5,2.08,2.91,2.14,1.49,2.86,5.0,1.78,2.22,2.78,3.76,0.0,2.77,2.05,0
2025-11-24T18:25:08.704764,352,student_4_lec_2a96290c_700aeb29,lec_2a96290c,cv101,1,0.95,partially_engaged,49.35,-0.0014,-0.0021,-0.0039,0.0016,-0.0021,-0.004,-0.49,-151.49,-26.46,467.05,3227.22,-179.61,16.04,-5.52,1.84,1.27,3.16,2.27,3.45,2.73,2.19,3.36,2.23,1.56,2.77,5.0,1.86,2.37,2.63,3.71,0.0,2.84,2.09,0.46
2025-11-24T18:25:09.727933,353,student_4_lec_2a96290c_700aeb29,lec_2a96290c,cv101,1,0.95,partially_engaged,49.82,-0.0038,-0.0013,-0.0039,-0.0007,-0.0017,-0.004,-153.04,-159.49,32.01,410.71,3239.05,-179.6,11.89,-4.24,1.81,1.29,3.19,2.36,3.61,2.64,2.19,3.27,2.04,1.43,2.96,5.0,1.7,2.14,2.86,3.98,0.0,2.83,2.1,0.28
2025-11-24T18:25:10.758742,354,student_4_lec_2a96290c_700aeb29,lec_2a96290c,cv101,1,0.95,engaged,51.22,-0.0017,-0.0006,-0.0038,0.0006,-0.0032,-0.0036,6.84,-154.64,163.23,387.61,3219.11,-178.35,-23.43,-0.77,1.7,1.17,3.3,2.78,3.49,2.22,2.04,3.17,1.97,1.38,3.03,5.0,1.64,1.95,3.05,4.01,0.0,2.73,2.06,0
2025-11-24T18:25:11.765344,355,student_4_lec_2a96290c_700aeb29,lec_2a96290c,cv101,1,0.95,partially_engaged,47.8,-0.004,0.0023,-0.0036,0.0004,0.0001,-0.0037,20.69,163.04,-7.62,444.95,3389.76,-179.47,8.67,-6.0,1.63,1.17,3.37,2.0,3.46,3.0,2.03,3.06,1.98,1.39,3.02,5.0,1.65,2.23,2.77,3.86,0.0,2.72,2.06,1.0
2025-11-24T18:25:12.785939,356,student_4_lec_2a96290c_700aeb29,lec_2a96290c,cv101,1,0.95,partially_engaged,48.29,-0.0007,-0.0006,-0.0039,-0.0028,-0.007,-0.0041,-157.95,-145.72,-107.62,442.22,3228.77,-179.02,16.13,-7.5,1.2,0.77,3.8,2.02,3.49,2.98,2.05,3.16,2.08,1.45,2.92,5.0,1.73,2.14,2.86,3.8,0.0,2.79,1.92,0.96
2025-11-24T18:25:13.825347,357,student_4_lec_2a96290c_700aeb29,lec_2a96290c,cv101,1,0.95,partially_engaged,49.58,-0.0023,-0.0009,-0.0038,-0.0021,-0.0054,-0.004,-149.95,-146.69,-106.38,453.52,3262.94,177.79,21.77,-8.4,1.47,0.99,3.53,2.43,3.41,2.57,2.05,3.23,1.98,1.38,3.02,5.0,1.65,2.31,2.69,3.9,0.0,2.7,2.0,0.14
2025-11-24T18:25:14.828696,358,student_4_lec_2a96290c_700aeb29,lec_2a96290c,cv101,1,0.95,partially_engaged,49.61,-0.0034,-0.0003,-0.0039,-0.0007,-0.0014,-0.004,-154.18,-168.02,-28.93,438.85,3278.22,177.93,17.04,-6.23,1.25,0.84,3.75,2.3,3.55,2.7,2.02,3.26,2.08,1.46,2.92,5.0,1.73,2.18,2.82,3.98,0.0,2.81,1.95,0.4
2025-11-24T18:25:15.839907,359,student_4_lec_2a96290c_700aeb29,lec_2a96290c,cv101,1,0.95,partially_engaged,48.54,-0.0012,-0.001,-0.0038,-0.0019,-0.006,-0.004,-158.07,-144.1,-50.63,468.32,3244.56,177.45,17.67,-6.74,1.55,1.17,3.45,2.14,3.37,2.86,2.05,3.09,2.19,1.53,2.81,5.0,1.83,1.06,3.94,3.94,0.0,2.78,2.06,0.72
2025-11-24T18:25:16.864596,360,student_4_lec_2a96290c_700aeb29,lec_2a96290c,cv101,1,0.95,engaged,50.03,-0.0023,-0.0008,-0.0038,0.0015,-0.0048,-0.0039,5.08,-148.79,-48.52,467.94,3306.55,177.92,18.94,-6.11,1.55,1.08,3.45,2.53,3.36,2.47,2.07,3.14,2.08,1.46,2.92,5.0,1.73,2.1,2.9,3.87,0.0,2.72,2.03,0
2025-11-24T18:25:17.872585,361,student_4_lec_2a96290c_700aeb29,lec_2a96290c,cv101,1,0.95,partially_engaged,49.92,-0.0038,-0.001,-0.0038,0.0017,-0.0032,-0.0039,10.6,-153.07,1.46,507.36,3331.07,179.76,14.34,-5.49,1.77,1.26,3.23,2.52,3.33,2.48,2.11,3.09,2.12,1.48,2.88,5.0,1.76,2.27,2.73,3.79,0.0,2.73,2.09,0
2025-11-24T18:25:18.896366,362,student_4_lec_2a96290c_700aeb29,lec_2a96290c,cv101,1,0.95,engaged,63.51,-0.0021,0.0001,-0.0038,0.0012,-0.0027,-0.0039,6.31,16.22,20.4,494.44,3291.7,-179.62,10.23,-4.55,1.57,1.04,3.43,2.74,3.51,2.26,2.12,3.37,2.17,1.52,2.83,5.0,1.81,1.74,3.26,3.86,0.0,2.84,2.01,0
2025-11-24T18:25:19.902958,363,student_4_lec_2a96290c_700aeb29,lec_2a96290c,cv101,1,0.95,engaged,50.31,-0.0027,-0.0012,-0.0036,0.0009,-0.0032,-0.0036,11.25,-150.06,54.52,481.19,3339.09,-178.71,2.62,-4.12,1.46,1.01,3.54,2.42,3.65,2.58,2.14,3.08,2.06,1.44,2.94,5.0,1.71,2.02,2.98,3.89,0.0,2.85,2.0,0.16
2025-11-24T18:25:20.926982,364,student_4_lec_2a96290c_700aeb29,lec_2a96290c,cv101,1,0.95,engaged,50.24,-0.0032,-0.0012,-0.0036,0.0008,-0.0028,-0.0037,14.34,-152.33,56.74,481.25,3365.9,-179.02,0.01,-3.57,1.64,1.21,3.36,2.5,3.51,2.5,2.07,3.13,2.07,1.45,2.93,5.0,1.72,2.0,3.0,3.92,0.0,2.79,2.07,0
2025-11-24T18:25:21.935029,365,student_4_lec_2a96290c_700aeb29,lec_2a96290c,cv101,1,0.95,engaged,50.37,-0.0021,-0.001,-0.0036,0.0001,-0.0021,-0.0036,14.51,-157.27,91.9,475.96,3334.47,-179.0,-11.12,-2.2,1.69,1.17,3.31,2.51,3.52,2.49,2.11,3.14,2.1,1.47,2.9,5.0,1.75,2.4,2.6,3.91,0.0,2.81,2.06,0
2025-11-24T18:25:22.962039,366,student_4_lec_2a96290c_700aeb29,lec_2a96290c,cv101,1,0.95,engaged,73.97,-0.003,-0.0021,-0.004,0.0013,0.0009,-0.0037,8.94,6.99,310.05,413.05,3097.75,-175.16,-18.19,0.09,2.57,1.95,2.43,2.31,3.53,2.69,2.1,3.2,2.49,1.74,2.51,5.0,2.07,1.74,3.26,3.94,0.0,3.01,2.32,0.38
2025-11-24T18:25:23.981182,367,student_4_lec_2a96290c_700aeb29,lec_2a96290c,cv101,1,0.95,engaged,50.56,-0.0044,-0.0013,-0.004,-0.0007,-0.0017,-0.0039,-151.38,-159.67,288.07,411.82,3245.42,-178.03,-15.39,0.61,2.11,1.62,2.89,2.49,3.6,2.51,2.09,2.89,2.22,1.55,2.78,5.0,1.85,1.89,3.11,3.86,0.0,2.91,2.21,0.02
2025-11-24T18:25:24.999498,368,student_4_lec_2a96290c_700aeb29,lec_2a96290c,cv101,1,0.95,engaged,50.72,-0.0033,-0.0024,-0.0038,0.0007,-0.0021,-0.0037,14.77,-148.84,246.46,429.95,3253.66,-177.53,-16.09,-0.6,2.13,1.56,2.87,2.57,3.49,2.43,2.09,2.87,2.27,1.59,2.73,5.0,1.89,2.19,2.81,3.82,0.0,2.88,2.19,0
2025-11-24T18:25:26.013318,369,student_4_lec_2a96290c_700aeb29,lec_2a96290c,cv101,1,0.95,engaged,50.56,-0.0024,-0.0007,-0.0038,0.0009,-0.0019,-0.0037,9.86,-161.43,223.12,456.57,3266.33,-178.0,-19.13,-1.15,1.92,1.4,3.08,2.6,3.49,2.4,2.14,2.98,2.07,1.45,2.93,5.0,1.73,2.13,2.87,3.85,0.0,2.78,2.13,0
2025-11-24T18:25:27.053254,370,student_4_lec_2a96290c_700aeb29,lec_2a96290c,cv101,1,0.95,engaged,51.53,-0.0017,-0.0005,-0.0041,0.0005,-0.0051,-0.004,8.16,-150.27,226.26,481.03,3104.12,-174.43,-9.15,-0.03,2.4,1.64,2.6,2.52,3.77,2.48,2.3,3.17,2.44,1.71,2.56,5.0,2.03,2.39,2.61,3.74,0.0,3.1,2.21,0
2025-11-24T18:25:28.095176,371,student_4_lec_2a96290c_700aeb29,lec_2a96290c,cv101,1,0.95,engaged,52.35,-0.0029,-0.0018,-0.0041,-0.0001,-0.0049,-0.0039,-161.65,-142.06,292.98,473.32,3114.29,-173.3,-18.05,0.08,2.03,1.38,2.97,2.83,3.72,2.17,2.26,3.15,2.18,1.52,2.82,5.0,1.81,1.99,3.01,3.64,0.0,2.95,2.13,0
2025-11-24T18:25:29.101030,372,student_4_lec_2a96290c_700aeb29,lec_2a96290c,cv101,1,0.95,engaged,52.47,-0.0032,-0.0018,-0.0038,-0.0001,-0.0045,-0.0038,-159.48,-141.81,194.28,522.25,3119.32,-169.19,-4.85,-1.54,2.26,1.58,2.74,2.95,3.61,2.05,2.4,2.64,2.15,1.5,2.85,5.0,1.79,2.37,2.63,3.41,0.0,2.88,2.19,0
2025-11-24T18:25:30.115074,373,student_4_lec_2a96290c_700aeb29,lec_2a96290c,cv101,1,0.95,engaged,52.59,0.0002,-0.0022,-0.0042,-0.0026,-0.0018,-0.004,15.11,-153.99,264.17,539.43,2980.75,-165.98,-13.59,-0.83,2.57,1.75,2.43,2.75,3.93,2.25,2.5,2.44,2.26,1.58,2.74,5.0,1.89,2.44,2.56,3.14,0.0,3.09,2.25,0
2025-11-24T18:25:31.132611,374,student_4_lec_2a96290c_700aeb29,lec_2a96290c,cv101,1,0.95,engaged,52.15,-0.0021,-0.0021,-0.0042,-0.0038,-0.0037,-0.0043,-146.1,-146.13,126.88,509.56,2965.53,-167.24,7.11,-2.14,2.09,1.37,2.91,2.59,3.88,2.41,2.5,2.88,2.4,1.68,2.6,5.0,2.0,1.82,3.18,3.33,0.0,3.14,2.12,0
2025-11-24T18:25:32.174538,375,student_4_lec_2a96290c_700aeb29,lec_2a96290c,cv101,1,0.95,engaged,50.6,0.0002,-0.0008,-0.0042,-0.0051,-0.0034,-0.0045,22.78,-156.07,7.0,485.02,3014.63,-172.81,18.07,-5.96,1.96,1.36,3.04,2.37,3.68,2.63,2.34,3.3,2.36,1.65,2.64,5.0,1.97,2.23,2.77,3.56,0.0,3.02,2.12,0.26
2025-11-24T18:25:33.201466,376,student_4_lec_2a96290c_700aeb29,lec_2a96290c,cv101,1,0.95,engaged,50.04,0.0003,-0.0003,-0.0041,-0.001,-0.0097,-0.0043,4.2,-144.79,-109.05,471.02,2952.8,-173.65,19.87,-9.12,1.66,1.07,3.34,2.2,3.73,2.8,2.37,2.8,2.33,1.63,2.67,5.0,1.94,2.14,2.86,3.68,0.0,3.03,2.02,0.6
2025-11-24T18:25:34.221891,377,student_4_lec_2a96290c_700aeb29,lec_2a96290c,cv101,1,0.95,partially_engaged,49.98,-0.0017,-0.0001,-0.0037,0.001,-0.0055,-0.004,5.66,-152.27,-109.98,483.19,3048.34,-175.59,22.65,-10.32,1.76,1.14,3.24,2.3,3.69,2.7,2.35,2.98,2.13,1.49,2.87,5.0,1.77,2.09,2.91,3.65,0.0,2.91,2.05,0.4
2025-11-24T18:25:35.230305,378,student_4_lec_2a96290c_700aeb29,lec_2a96290c,cv101,1,0.95,partially_engaged,49.93,-0.0008,-0.0019,-0.0039,0.0014,-0.0036,-0.004,-4.24,-145.83,-56.41,598.64,3229.09,-173.84,13.21,-3.95,2.14,1.47,2.86,2.32,3.62,2.68,2.33,2.85,2.22,1.55,2.78,5.0,1.85,2.49,2.51,3.37,0.0,2.92,2.16,0.36
2025-11-24T18:25:36.256849,379,student_4_lec_2a96290c_700aeb29,lec_2a96290c,cv101,1,0.95,partially_engaged,48.77,-0.0008,-0.0011,-0.0036,0.0006,-0.0032,-0.0038,1.32,-151.33,-66.9,607.41,3345.94,-174.32,15.87,-3.83,1.91,1.33,3.09,2.28,3.39,2.72,2.23,2.55,1.98,1.38,3.02,5.0,1.65,2.93,2.07,3.22,0.0,2.69,2.11,0.44
2025-11-24T18:25:37.293697,380,student_4_lec_2a96290c_700aeb29,lec_2a96290c,cv101,0,0.0,no_face,0.0,0.0,0.0,0.0,0.0,0.0,0.0,0.0,0.0,0.0,0.0,0.0,0.0,0.0,0.0,0.0,0.0,0.0,0.0,0.0,0.0,0.0,0.0,0.0,0.0,0.0,0.0,0.0,0.0,0.0,0.0,0.0,0.0,0.0,0.0
2025-11-24T18:25:38.318461,381,student_4_lec_2a96290c_700aeb29,lec_2a96290c,cv101,1,0.95,engaged,52.36,-0.0012,-0.0022,-0.0038,0.0043,-0.0044,-0.004,-14.88,-140.87,-88.43,557.88,3002.35,-172.79,17.11,-1.7,1.99,1.28,3.01,2.75,3.93,2.25,2.49,3.17,2.04,1.43,2.96,5.0,1.7,1.68,3.32,3.28,0.0,2.99,2.09,0
2025-11-24T18:25:39.343103,382,student_4_lec_2a96290c_700aeb29,lec_2a96290c,cv101,1,0.95,partially_engaged,45.96,0.0001,-0.0019,-0.0037,-0.0072,-0.0013,-0.0034,31.39,-155.98,-231.78,-592.02,-3594.41,-159.52,-33.17,165.24,2.52,2.03,2.48,1.82,3.29,3.18,1.92,2.86,1.8,1.26,3.2,5.0,1.5,1.84,3.16,3.7,0.0,2.54,2.34,1.36
2025-11-24T18:25:40.347214,383,student_4_lec_2a96290c_700aeb29,lec_2a96290c,cv101,1,0.95,engaged,50.02,-0.0013,-0.0006,-0.0038,0.0004,-0.0026,-0.0038,7.09,-158.57,-52.77,567.38,3334.06,-175.67,10.72,-2.51,1.89,1.32,3.11,2.45,3.46,2.55,2.16,2.74,2.17,1.52,2.83,5.0,1.81,2.34,2.66,3.59,0.0,2.81,2.11,0.1
2025-11-24T18:25:41.376304,384,student_4_lec_2a96290c_700aeb29,lec_2a96290c,cv101,1,0.95,engaged,50.28,-0.0072,-0.003,-0.0035,0.0007,-0.0013,-0.0032,25.91,-149.01,-297.7,-650.84,-3603.53,-159.52,-30.83,171.75,1.6,1.06,3.4,2.39,3.8,2.61,2.06,2.25,1.9,1.33,3.1,5.0,1.59,1.06,3.94,3.24,0.0,2.85,2.02,0.22
2025-11-24T18:25:42.414364,385,student_4_lec_2a96290c_700aeb29,lec_2a96290c,cv101,1,0.95,partially_engaged,47.56,-0.0024,-0.0022,-0.0035,-0.0018,-0.0026,-0.003,-147.27,-143.31,-309.05,-649.24,-3675.0,-161.04,-42.41,178.94,3.2,2.52,1.8,2.42,3.01,2.58,1.93,2.63,1.76,1.24,3.24,5.0,1.47,2.18,2.82,3.42,0.0,2.38,2.51,0.16
2025-11-24T18:25:43.441310,386,student_4_lec_2a96290c_700aeb29,lec_2a96290c,cv101,1,0.95,partially_engaged,45.91,-0.0031,-0.0022,-0.0038,-0.0042,-0.0049,-0.0036,-135.69,-137.97,288.57,630.49,3452.23,-174.5,-17.59,10.59,3.05,2.39,1.95,1.92,3.05,3.08,1.9,2.8,1.95,1.37,3.05,5.0,1.63,2.3,2.7,3.4,0.0,2.5,2.46,1.16
2025-11-24T18:25:44.463546,387,student_4_lec_2a96290c_700aeb29,lec_2a96290c,cv101,1,0.95,partially_engaged,46.18,-0.006,-0.0016,-0.0038,-0.006,0.0015,-0.004,-123.05,1.01,51.82,-550.25,-3430.06,-164.15,18.83,-168.78,2.77,2.15,2.23,1.62,3.3,3.38,1.78,3.69,2.41,1.68,2.59,5.0,2.01,2.34,2.66,4.02,0.0,2.85,2.38,1.76
2025-11-24T18:25:45.476677,388,student_4_lec_2a96290c_700aeb29,lec_2a96290c,cv101,1,0.95,partially_engaged,49.52,-0.0002,0.0001,-0.0037,0.0025,-0.0038,-0.0039,-15.29,21.14,-99.96,507.22,3158.0,-177.22,23.85,3.49,2.67,1.98,2.33,2.5,3.37,2.5,2.18,3.15,2.02,1.42,2.98,5.0,1.69,2.38,2.62,3.66,0.0,2.7,2.33,0
2025-11-24T18:25:46.497029,389,student_4_lec_2a96290c_700aeb29,lec_2a96290c,cv101,1,0.95,engaged,51.5,-0.0012,-0.0005,-0.0035,0.001,-0.0009,-0.0037,2.03,-169.72,-90.42,515.63,3172.64,-177.47,21.91,3.41,2.36,1.68,2.64,2.88,3.41,2.12,2.24,3.05,2.1,1.47,2.9,5.0,1.75,2.23,2.77,3.67,0.0,2.75,2.23,0
2025-11-24T18:25:47.500884,390,student_4_lec_2a96290c_700aeb29,lec_2a96290c,cv101,1,0.95,engaged,52.79,-0.0028,-0.0014,-0.0036,0.0023,-0.0015,-0.0038,3.41,-159.12,-64.64,519.0,3147.41,-174.93,20.98,4.65,2.16,1.43,2.84,3.1,3.5,1.9,2.28,2.96,2.11,1.48,2.89,5.0,1.76,2.67,2.33,3.56,0.0,2.8,2.14,0
2025-11-24T18:25:48.509646,391,student_4_lec_2a96290c_700aeb29,lec_2a96290c,cv101,1,0.95,engaged,52.77,-0.0025,-0.0015,-0.0036,0.0002,-0.0014,-0.0038,15.63,-158.05,-79.28,524.73,3151.62,-175.59,22.83,4.61,2.2,1.49,2.8,3.15,3.48,1.85,2.27,3.04,2.01,1.41,2.99,5.0,1.67,2.5,2.5,3.58,0.0,2.75,2.16,0
2025-11-24T18:25:49.519202,392,student_4_lec_2a96290c_700aeb29,lec_2a96290c,cv101,1,0.95,engaged,51.26,-0.0019,-0.0015,-0.0035,-0.0003,-0.0007,-0.0037,-163.66,-162.93,-85.1,548.79,3241.49,-177.08,22.64,4.25,2.21,1.57,2.79,2.83,3.39,2.17,2.18,3.09,2.09,1.47,2.91,5.0,1.74,2.12,2.88,3.62,0.0,2.74,2.19,0
2025-11-24T18:25:50.525187,393,student_4_lec_2a96290c_700aeb29,lec_2a96290c,cv101,1,0.95,engaged,50.87,-0.0013,-0.0016,-0.0035,0.003,-0.0023,-0.0037,-9.25,-151.62,-82.59,553.65,3227.72,-176.44,22.83,3.52,2.27,1.6,2.73,2.72,3.46,2.28,2.23,2.99,2.04,1.43,2.96,5.0,1.7,2.36,2.64,3.57,0.0,2.75,2.2,0
2025-11-24T18:25:51.547951,394,student_4_lec_2a96290c_700aeb29,lec_2a96290c,cv101,1,0.95,engaged,51.78,-0.0023,-0.0008,-0.0034,0.0031,-0.0031,-0.0036,-3.37,-152.45,-96.08,569.74,3278.01,-176.3,21.9,3.7,2.19,1.45,2.81,3.0,3.45,2.0,2.25,2.96,1.86,1.3,3.14,5.0,1.55,2.19,2.81,3.39,0.0,2.66,2.15,0
2025-11-24T18:25:52.576827,395,student_4_lec_2a96290c_700aeb29,lec_2a96290c,cv101,1,0.95,partially_engaged,49.73,0.0008,-0.0021,-0.0034,0.0039,-0.0049,-0.0036,149.74,-137.8,-139.97,566.75,3176.26,-174.2,23.27,2.91,2.4,1.69,2.6,2.42,3.57,2.58,2.27,3.05,1.98,1.38,3.02,5.0,1.65,2.46,2.54,3.29,0.0,2.77,2.23,0.16
2025-11-24T18:25:53.588279,396,student_4_lec_2a96290c_700aeb29,lec_2a96290c,cv101,1,0.95,engaged,51.7,-0.0014,-0.0014,-0.0036,0.0028,-0.0043,-0.0038,-7.51,-145.0,-97.7,574.34,3192.35,-173.92,19.8,3.36,2.3,1.59,2.7,2.87,3.59,2.13,2.27,2.93,1.95,1.37,3.05,5.0,1.63,2.47,2.53,3.42,0.0,2.77,2.2,0
2025-11-24T18:25:54.614793,397,student_4_lec_2a96290c_700aeb29,lec_2a96290c,cv101,1,0.95,engaged,51.63,-0.0014,-0.0039,-0.0036,0.0011,-0.0081,-0.0038,2.78,-124.21,-79.41,566.68,3136.29,-172.66,20.25,3.24,2.32,1.55,2.68,2.71,3.66,2.29,2.32,2.89,2.18,1.53,2.82,5.0,1.82,2.6,2.4,3.37,0.0,2.92,2.18,0
2025-11-24T18:25:55.616534,398,student_4_lec_2a96290c_700aeb29,lec_2a96290c,cv101,1,0.95,engaged,51.27,-0.0011,-0.0027,-0.0035,0.0044,-0.0059,-0.0037,-16.53,-132.03,-85.0,570.72,3185.02,-173.67,18.54,2.07,2.08,1.4,2.92,2.73,3.53,2.27,2.32,3.06,2.1,1.47,2.9,5.0,1.75,2.44,2.56,3.27,0.0,2.81,2.13,0
2025-11-24T18:25:56.641527,399,student_4_lec_2a96290c_700aeb29,lec_2a96290c,cv101,1,0.95,engaged,52.24,-0.0012,-0.0017,-0.0036,0.0037,-0.0041,-0.0037,-13.47,-143.04,-54.51,545.12,3216.06,-175.0,20.03,3.04,2.07,1.35,2.93,2.98,3.64,2.02,2.36,2.95,1.87,1.31,3.13,5.0,1.56,2.61,2.39,3.34,0.0,2.75,2.12,0
2025-11-24T18:25:57.673554,400,student_4_lec_2a96290c_700aeb29,lec_2a96290c,cv101,1,0.95,engaged,51.99,-0.0026,-0.0021,-0.0036,0.0029,-0.0028,-0.0036,-1.2,-146.08,-25.44,533.16,3225.16,-177.58,16.66,2.29,2.05,1.38,2.95,2.93,3.56,2.07,2.28,3.13,1.97,1.38,3.03,5.0,1.64,2.56,2.44,3.61,0.0,2.77,2.13,0
2025-11-24T18:25:58.678092,401,student_4_lec_2a96290c_700aeb29,lec_2a96290c,cv101,1,0.95,engaged,52.59,-0.003,-0.0028,-0.0036,0.0023,-0.0041,-0.0036,3.74,-136.87,-29.35,528.36,3235.03,-176.18,18.0,1.63,1.9,1.21,3.1,3.02,3.7,1.98,2.3,3.02,1.85,1.3,3.15,5.0,1.54,2.62,2.38,3.58,0.0,2.78,2.07,0
2025-11-24T18:25:59.715640,402,student_4_lec_2a96290c_700aeb29,lec_2a96290c,cv101,1,0.95,engaged,51.69,-0.0027,-0.0016,-0.0036,0.0023,-0.0023,-0.0037,2.7,-151.83,-43.95,542.44,3218.89,-178.07,17.52,0.55,2.12,1.45,2.88,2.86,3.56,2.14,2.23,2.96,1.99,1.39,3.01,5.0,1.66,2.26,2.74,3.77,0.0,2.77,2.15,0
2025-11-24T18:26:00.736563,403,student_4_lec_2a96290c_700aeb29,lec_2a96290c,cv101,1,0.95,engaged,52.15,-0.0027,-0.001,-0.0041,0.003,-0.003,-0.0041,-1.6,-155.16,115.03,544.99,3143.05,-175.4,-2.25,5.09,2.25,1.55,2.75,2.95,3.4,2.05,2.22,3.28,2.28,1.6,2.72,5.0,1.9,2.18,2.82,3.86,0.0,2.84,2.18,0
2025-11-24T18:26:01.762349,404,student_4_lec_2a96290c_700aeb29,lec_2a96290c,cv101,1,0.95,engaged,50.68,-0.0029,-0.0019,-0.0041,-0.0001,-0.0029,-0.004,-161.34,-149.53,190.45,550.25,3122.33,-173.84,-9.3,5.03,2.85,2.2,2.15,2.67,3.49,2.33,2.26,3.1,2.12,1.49,2.88,5.0,1.77,2.03,2.97,3.69,0.0,2.81,2.4,0
2025-11-24T18:26:02.785862,405,student_4_lec_2a96290c_700aeb29,lec_2a96290c,cv101,1,0.95,engaged,50.62,-0.0037,-0.0013,-0.0041,0.0007,-0.005,-0.004,15.92,-145.59,189.0,576.27,3207.5,-170.97,-3.9,6.18,2.84,2.15,2.16,2.7,3.41,2.3,2.29,2.84,2.12,1.48,2.88,5.0,1.76,2.78,2.22,3.42,0.0,2.77,2.38,0
2025-11-24T18:26:03.793451,406,student_4_lec_2a96290c_700aeb29,lec_2a96290c,cv101,1,0.95,engaged,53.17,-0.0037,-0.0021,-0.0039,0.0005,-0.0049,-0.0039,18.31,-140.3,152.81,569.9,3121.53,-170.3,0.14,4.71,2.38,1.64,2.62,3.11,3.57,1.89,2.35,2.6,2.23,1.56,2.77,5.0,1.86,2.55,2.45,3.47,0.0,2.9,2.21,0
2025-11-24T18:26:04.814151,407,student_4_lec_2a96290c_700aeb29,lec_2a96290c,cv101,1,0.95,engaged,51.17,-0.0016,-0.0037,-0.0038,-0.0024,-0.0023,-0.0038,-152.54,-142.13,120.76,594.34,3239.97,-169.06,4.62,4.67,2.4,1.73,2.6,2.66,3.5,2.34,2.29,2.44,2.31,1.61,2.69,5.0,1.92,2.87,2.13,3.27,0.0,2.91,2.24,0
2025-11-24T18:26:05.879534,408,student_4_lec_2a96290c_700aeb29,lec_2a96290c,cv101,1,0.95,partially_engaged,50.0,-0.005,-0.0015,-0.0037,0.0001,-0.0024,-0.0038,25.49,-152.69,122.61,596.93,3288.09,-171.22,-2.76,3.71,2.41,1.75,2.59,2.49,3.41,2.51,2.25,2.77,2.21,1.55,2.79,5.0,1.84,2.09,2.91,3.31,0.0,2.81,2.25,0.02
2025-11-24T18:26:06.882785,409,student_4_lec_2a96290c_700aeb29,lec_2a96290c,cv101,1,0.95,partially_engaged,49.31,-0.0012,-0.0002,-0.0037,0.0011,-0.0019,-0.0037,0.7,-165.07,120.69,603.16,3341.25,-172.81,0.92,3.96,2.62,1.95,2.38,2.45,3.35,2.55,2.21,2.88,2.05,1.44,2.95,5.0,1.71,2.27,2.73,3.41,0.0,2.7,2.32,0.1
2025-11-24T18:26:07.901085,410,student_4_lec_2a96290c_700aeb29,lec_2a96290c,cv101,1,0.95,partially_engaged,48.33,-0.0019,-0.0022,-0.0038,-0.0024,-0.0027,-0.0037,-149.94,-146.94,206.21,593.98,3390.07,-176.89,-11.21,9.77,2.65,2.01,2.35,2.34,3.22,2.66,2.07,2.87,1.97,1.38,3.03,5.0,1.64,2.46,2.54,3.64,0.0,2.6,2.34,0.32
2025-11-24T18:26:08.907440,411,student_4_lec_2a96290c_700aeb29,lec_2a96290c,cv101,1,0.95,partially_engaged,49.45,-0.0036,-0.0012,-0.0038,-0.0019,0.0021,-0.0037,-144.33,-6.52,236.78,563.1,3342.34,-176.65,-10.77,8.43,2.48,1.87,2.52,2.47,3.38,2.53,2.1,2.83,2.02,1.41,2.98,5.0,1.68,2.4,2.6,3.62,0.0,2.7,2.29,0.06
2025-11-24T18:26:09.934738,412,student_4_lec_2a96290c_700aeb29,lec_2a96290c,cv101,1,0.95,partially_engaged,49.51,-0.0034,-0.0007,-0.0036,0.002,-0.0024,-0.0037,7.06,-158.29,128.31,559.26,3368.18,-177.39,10.96,3.67,2.14,1.61,2.86,2.45,3.4,2.55,2.09,2.9,2.02,1.42,2.98,5.0,1.69,2.07,2.93,3.67,0.0,2.71,2.2,0.1
2025-11-24T18:26:10.977268,413,student_4_lec_2a96290c_700aeb29,lec_2a96290c,cv101,1,0.95,engaged,73.83,-0.0022,0.0003,-0.0036,0.001,-0.0017,-0.0036,8.06,9.82,120.48,566.4,3335.92,-177.5,15.41,2.72,2.47,1.82,2.53,2.48,3.44,2.52,2.13,2.9,2.11,1.47,2.89,5.0,1.76,2.04,2.96,3.7,0.0,2.77,2.27,0.04
2025-11-24T18:26:12.008117,414,student_4_lec_2a96290c_700aeb29,lec_2a96290c,cv101,1,0.95,partially_engaged,46.27,-0.0006,0.0004,-0.0037,0.0008,-0.0075,-0.0036,-1.62,28.96,270.72,590.43,3329.59,-176.23,-10.15,5.42,2.89,2.28,2.11,1.8,3.17,3.2,2.16,3.1,2.24,1.57,2.76,5.0,1.87,2.33,2.67,3.62,0.0,2.71,2.43,1.4
2025-11-24T18:26:13.031249,415,student_4_lec_2a96290c_700aeb29,lec_2a96290c,cv101,1,0.95,partially_engaged,48.1,-0.0008,-0.0006,-0.0036,-0.0023,-0.0043,-0.0036,-157.58,-150.34,143.11,574.48,3376.24,-178.57,7.46,5.31,2.41,1.8,2.59,2.13,3.51,2.87,2.07,2.88,1.88,1.32,3.12,5.0,1.57,2.13,2.87,3.73,0.0,2.69,2.27,0.74
2025-11-24T18:26:14.038991,416,student_4_lec_2a96290c_700aeb29,lec_2a96290c,cv101,1,0.95,engaged,50.42,-0.003,-0.001,-0.0036,0.0004,-0.0014,-0.0036,16.36,-161.83,150.77,529.73,3381.27,-178.29,1.17,2.46,2.04,1.44,2.96,2.56,3.67,2.44,2.16,3.01,1.84,1.28,3.16,5.0,1.53,2.13,2.87,3.76,0.0,2.75,2.15,0
2025-11-24T18:26:15.052357,417,student_4_lec_2a96290c_700aeb29,lec_2a96290c,cv101,1,0.95,engaged,71.55,-0.0031,-0.0011,-0.0036,0.002,0.0006,-0.0032,4.52,2.78,434.42,475.63,3384.14,174.9,-23.51,7.04,2.52,2.02,2.48,2.27,3.05,2.73,1.8,3.07,1.96,1.37,3.04,5.0,1.63,1.88,3.12,4.06,0.0,2.5,2.34,0.46
2025-11-24T18:26:16.099209,418,student_4_lec_2a96290c_700aeb29,lec_2a96290c,cv101,1,0.95,partially_engaged,46.48,-0.0027,0.0001,-0.0037,-0.0022,-0.0023,-0.0038,-147.01,14.92,158.64,504.3,3417.58,176.19,14.8,-1.38,2.04,1.63,2.96,1.91,3.14,3.09,1.93,3.13,2.02,1.42,2.98,5.0,1.68,1.71,3.29,4.04,0.0,2.58,2.21,1.18
2025-11-24T18:26:17.131222,419,student_4_lec_2a96290c_700aeb29,lec_2a96290c,cv101,1,0.95,partially_engaged,48.29,-0.0035,-0.0013,-0.0037,-0.0003,-0.0024,-0.0038,-156.04,-154.01,146.05,532.06,3486.3,178.12,11.64,-1.88,1.81,1.37,3.19,2.23,3.31,2.77,2.0,2.95,1.96,1.37,3.04,5.0,1.64,1.81,3.19,3.87,0.0,2.63,2.12,0.54
2025-11-24T18:26:18.147716,420,student_4_lec_2a96290c_700aeb29,lec_2a96290c,cv101,1,0.95,partially_engaged,48.73,-0.0014,-0.0007,-0.0037,0.0022,-0.0076,-0.004,-4.52,-143.58,6.71,557.71,3228.62,-179.61,22.57,-3.47,1.87,1.32,3.13,2.22,3.43,2.78,2.17,2.85,2.04,1.43,2.96,5.0,1.7,2.19,2.81,3.55,0.0,2.74,2.11,0.56
2025-11-24T18:26:19.147985,421,student_4_lec_2a96290c_700aeb29,lec_2a96290c,cv101,1,0.95,engaged,50.25,-0.0011,-0.0018,-0.0034,0.0015,-0.0033,-0.0036,-2.67,-144.68,-25.75,617.35,3306.03,-177.97,24.19,-1.97,2.25,1.54,2.75,2.6,3.48,2.4,2.21,2.64,1.94,1.36,3.06,5.0,1.62,2.05,2.95,3.43,0.0,2.71,2.18,0
2025-11-24T18:26:20.181023,422,student_4_lec_2a96290c_700aeb29,lec_2a96290c,cv101,1,0.95,engaged,50.4,-0.0019,-0.0013,-0.0036,0.0025,-0.0064,-0.0037,-2.77,-140.25,28.6,608.67,3360.18,-177.77,20.97,-0.62,2.04,1.34,2.96,2.64,3.48,2.36,2.19,3.13,1.89,1.32,3.11,5.0,1.58,2.56,2.44,3.38,0.0,2.69,2.11,0
2025-11-24T18:26:21.218999,423,student_4_lec_2a96290c_700aeb29,lec_2a96290c,cv101,1,0.95,partially_engaged,49.66,-0.0032,-0.0008,-0.0035,0.0015,-0.0047,-0.0036,10.23,-147.0,41.26,594.84,3336.25,-179.05,22.14,0.29,2.0,1.4,3.0,2.51,3.4,2.49,2.13,3.15,1.92,1.35,3.08,5.0,1.6,2.18,2.82,3.57,0.0,2.66,2.13,0
2025-11-24T18:26:22.243347,424,student_4_lec_2a96290c_700aeb29,lec_2a96290c,cv101,1,0.95,partially_engaged,49.0,-0.0018,-0.0015,-0.0035,0.0031,-0.002,-0.0036,-6.92,-154.16,108.75,590.6,3447.94,-179.86,17.96,0.67,1.89,1.33,3.11,2.38,3.41,2.62,2.1,3.14,1.84,1.29,3.16,5.0,1.53,2.32,2.68,3.6,0.0,2.62,2.11,0.24
2025-11-24T18:26:23.262484,425,student_4_lec_2a96290c_700aeb29,lec_2a96290c,cv101,1,0.95,partially_engaged,48.62,-0.0015,-0.0019,-0.0034,0.0008,-0.0037,-0.0035,5.91,-142.24,64.46,590.89,3373.69,-178.37,21.31,-1.04,2.11,1.52,2.89,2.33,3.42,2.67,2.16,2.78,1.77,1.24,3.23,5.0,1.48,2.55,2.45,3.48,0.0,2.59,2.17,0.34
2025-11-24T18:26:24.274100,426,student_4_lec_2a96290c_700aeb29,lec_2a96290c,cv101,1,0.95,engaged,50.13,-0.0009,-0.0031,-0.0035,0.0008,-0.0006,-0.0036,0.87,-154.61,85.24,597.08,3404.61,-178.77,19.04,1.21,2.33,1.66,2.67,2.69,3.3,2.31,2.1,3.02,1.95,1.37,3.05,5.0,1.63,2.2,2.8,3.57,0.0,2.62,2.22,0
2025-11-24T18:26:25.299032,427,student_4_lec_2a96290c_700aeb29,lec_2a96290c,cv101,1,0.95,engaged,50.25,-0.0003,-0.0052,-0.0037,0.0002,-0.0019,-0.0039,1.28,-139.45,38.36,586.42,3274.37,-174.49,16.6,0.47,2.06,1.43,2.94,2.51,3.54,2.49,2.17,3.0,2.05,1.43,2.95,5.0,1.71,2.38,2.62,3.41,0.0,2.79,2.14,0
2025-11-24T18:26:26.332222,428,student_4_lec_2a96290c_700aeb29,lec_2a96290c,cv101,1,0.95,engaged,50.03,-0.0017,-0.0013,-0.0036,0.0019,-0.0,-0.0037,-0.71,-169.67,12.55,600.83,3294.4,-174.79,19.62,-0.47,2.12,1.45,2.88,2.49,3.54,2.51,2.24,2.78,1.98,1.39,3.02,5.0,1.65,2.29,2.71,3.38,0.0,2.76,2.15,0.02
2025-11-24T18:26:27.344751,429,student_4_lec_2a96290c_700aeb29,lec_2a96290c,cv101,1,0.95,engaged,50.28,-0.0024,-0.0006,-0.0035,0.0025,-0.0027,-0.0037,0.12,-157.46,1.84,605.45,3266.46,-174.56,21.22,-0.53,2.08,1.39,2.92,2.56,3.58,2.44,2.29,2.63,1.88,1.32,3.12,5.0,1.57,2.57,2.43,3.27,0.0,2.73,2.13,0
2025-11-24T18:26:28.350199,430,student_4_lec_2a96290c_700aeb29,lec_2a96290c,cv101,1,0.95,engaged,50.22,-0.002,-0.0008,-0.0038,-0.0029,-0.0035,-0.0039,-147.69,-153.23,65.18,629.96,3245.18,-172.53,13.34,4.16,2.58,1.84,2.42,2.63,3.33,2.37,2.21,3.01,2.13,1.49,2.87,5.0,1.78,2.21,2.79,3.31,0.0,2.73,2.28,0
2025-11-24T18:26:29.367020,431,student_4_lec_2a96290c_700aeb29,lec_2a96290c,cv101,1,0.95,engaged,51.64,-0.003,-0.0013,-0.0037,0.0004,-0.0032,-0.0038,17.05,-150.23,57.96,615.81,3273.02,-173.93,19.82,2.08,2.05,1.34,2.95,2.85,3.62,2.15,2.26,2.85,1.87,1.31,3.13,5.0,1.56,2.49,2.51,3.35,0.0,2.75,2.11,0
2025-11-24T18:26:30.378981,432,student_4_lec_2a96290c_700aeb29,lec_2a96290c,cv101,1,0.95,engaged,50.22,-0.0021,-0.0024,-0.0035,0.001,-0.0033,-0.0036,7.61,-141.49,51.24,616.26,3324.68,-175.05,17.47,2.28,2.24,1.53,2.76,2.58,3.51,2.42,2.25,2.81,1.93,1.35,3.07,5.0,1.61,2.46,2.54,3.35,0.0,2.72,2.18,0
2025-11-24T18:26:31.406129,433,student_4_lec_2a96290c_700aeb29,lec_2a96290c,cv101,1,0.95,engaged,50.09,-0.0029,-0.0005,-0.0034,0.001,-0.0003,-0.0035,11.56,-173.71,43.82,610.06,3277.25,-175.72,16.58,1.64,2.2,1.54,2.8,2.48,3.51,2.52,2.21,2.92,2.1,1.47,2.9,5.0,1.75,2.36,2.64,3.47,0.0,2.8,2.18,0.04
2025-11-24T18:26:32.412048,434,student_4_lec_2a96290c_700aeb29,lec_2a96290c,cv101,1,0.95,engaged,50.21,-0.0022,-0.001,-0.0035,0.0009,-0.0036,-0.0036,8.79,-149.67,40.06,616.01,3339.84,-176.71,16.47,1.09,2.2,1.52,2.8,2.6,3.5,2.4,2.23,2.86,1.89,1.32,3.11,5.0,1.58,2.36,2.64,3.41,0.0,2.69,2.17,0
2025-11-24T18:26:33.438952,435,student_4_lec_2a96290c_700aeb29,lec_2a96290c,cv101,1,0.95,partially_engaged,49.36,-0.0021,-0.0007,-0.0035,0.001,-0.0033,-0.0036,7.45,-153.17,32.7,621.38,3369.23,-175.29,15.99,1.85,2.35,1.68,2.65,2.48,3.38,2.52,2.21,2.85,1.91,1.33,3.09,5.0,1.59,2.38,2.62,3.34,0.0,2.65,2.23,0.04
2025-11-24T18:26:34.446183,436,student_4_lec_2a96290c_700aeb29,lec_2a96290c,cv101,1,0.95,partially_engaged,49.33,-0.0034,-0.0016,-0.0035,0.0004,-0.0028,-0.0036,18.6,-148.88,46.07,618.74,3375.14,-177.02,15.62,1.66,2.34,1.65,2.66,2.44,3.42,2.56,2.15,3.03,1.93,1.35,3.07,5.0,1.61,2.69,2.31,3.48,0.0,2.67,2.22,0.12
2025-11-24T18:26:35.448560,437,student_4_lec_2a96290c_700aeb29,lec_2a96290c,cv101,1,0.95,engaged,51.01,-0.0026,-0.0013,-0.0036,-0.0008,-0.0037,-0.0037,-156.44,-147.68,39.47,605.92,3306.42,-176.4,19.71,1.27,2.08,1.4,2.92,2.78,3.45,2.22,2.19,3.02,1.95,1.36,3.05,5.0,1.62,2.51,2.49,3.47,0.0,2.7,2.13,0
2025-11-24T18:26:36.461027,438,student_4_lec_2a96290c_700aeb29,lec_2a96290c,cv101,1,0.95,partially_engaged,49.92,-0.0031,-0.0021,-0.0036,-0.0014,-0.0034,-0.0037,-149.56,-143.45,45.99,615.63,3324.77,-174.47,14.25,1.18,2.21,1.57,2.79,2.49,3.5,2.51,2.24,2.7,2.0,1.4,3.0,5.0,1.67,2.39,2.61,3.41,0.0,2.75,2.19,0.02
2025-11-24T18:26:37.470392,439,student_4_lec_2a96290c_700aeb29,lec_2a96290c,cv101,1,0.95,partially_engaged,49.2,-0.0022,-0.0021,-0.0036,-0.0015,-0.0038,-0.0036,-152.99,-141.85,-4.72,605.58,3277.75,-175.99,19.04,1.31,2.35,1.72,2.65,2.46,3.22,2.54,2.22,2.84,2.11,1.48,2.89,5.0,1.76,2.58,2.42,3.43,0.0,2.67,2.24,0.08
2025-11-24T18:26:38.494485,440,student_4_lec_2a96290c_700aeb29,lec_2a96290c,cv101,1,0.95,engaged,50.51,-0.0025,-0.0018,-0.0036,0.0004,-0.0003,-0.0037,14.24,-164.55,15.67,609.71,3286.78,-175.79,16.77,2.16,2.29,1.57,2.71,2.63,3.4,2.37,2.21,3.02,2.14,1.5,2.86,5.0,1.79,2.5,2.5,3.5,0.0,2.77,2.19,0
2025-11-24T18:26:39.535570,441,student_4_lec_2a96290c_700aeb29,lec_2a96290c,cv101,1,0.95,engaged,50.02,-0.0034,-0.001,-0.0035,-0.0009,-0.0031,-0.0036,-150.95,-151.52,7.03,608.13,3321.63,-177.11,21.29,-0.18,1.94,1.32,3.06,2.56,3.5,2.44,2.2,2.99,1.84,1.28,3.16,5.0,1.53,2.58,2.42,3.5,0.0,2.67,2.11,0
2025-11-24T18:26:40.556361,442,student_4_lec_2a96290c_700aeb29,lec_2a96290c,cv101,1,0.95,partially_engaged,48.68,-0.002,-0.0008,-0.0037,0.0007,-0.0038,-0.0039,8.67,-152.07,-3.4,603.92,3294.78,-175.64,17.48,-0.05,2.35,1.72,2.65,2.21,3.46,2.79,2.19,2.79,2.07,1.45,2.93,5.0,1.73,2.16,2.84,3.46,0.0,2.76,2.24,0.58
2025-11-24T18:26:41.580278,443,student_4_lec_2a96290c_700aeb29,lec_2a96290c,cv101,1,0.95,partially_engaged,48.73,-0.0018,-0.0009,-0.0037,0.0013,-0.004,-0.0037,2.91,-149.39,104.63,629.8,3421.02,-177.05,7.8,2.64,2.4,1.76,2.6,2.31,3.3,2.69,2.11,2.99,2.1,1.47,2.9,5.0,1.75,2.13,2.87,3.53,0.0,2.7,2.25,0.38
2025-11-24T18:26:42.588693,444,student_4_lec_2a96290c_700aeb29,lec_2a96290c,cv101,1,0.95,partially_engaged,49.27,0.0,-0.0028,-0.0035,0.0008,-0.0059,-0.0035,173.29,-130.95,26.96,630.65,3398.26,-176.43,16.66,2.36,2.21,1.61,2.79,2.37,3.52,2.63,2.16,2.84,1.9,1.33,3.1,5.0,1.58,2.6,2.4,3.44,0.0,2.71,2.2,0.26
2025-11-24T18:26:43.615101,445,student_4_lec_2a96290c_700aeb29,lec_2a96290c,cv101,1,0.95,partially_engaged,49.49,-0.0023,-0.0013,-0.0038,0.0016,-0.0029,-0.0037,4.28,-151.85,203.69,638.04,3383.36,-175.43,-8.22,6.39,2.55,1.83,2.45,2.5,3.34,2.5,2.17,2.96,2.02,1.42,2.98,5.0,1.68,2.36,2.64,3.51,0.0,2.68,2.28,0
2025-11-24T18:26:44.664992,446,student_4_lec_2a96290c_700aeb29,lec_2a96290c,cv101,1,0.95,partially_engaged,49.48,-0.002,-0.0006,-0.0038,-0.0011,-0.0016,-0.0037,-157.51,-164.48,144.12,626.59,3304.97,-171.75,0.46,5.77,2.47,1.79,2.53,2.39,3.39,2.61,2.22,2.89,2.2,1.54,2.8,5.0,1.83,2.58,2.42,3.34,0.0,2.79,2.26,0.22
2025-11-24T18:26:45.676005,447,student_4_lec_2a96290c_700aeb29,lec_2a96290c,cv101,1,0.95,partially_engaged,48.9,-0.0016,0.001,-0.0037,-0.0006,-0.0041,-0.0037,-163.47,16.43,44.52,608.7,3264.88,-175.57,12.63,2.52,2.56,1.88,2.44,2.26,3.48,2.74,2.19,2.95,2.07,1.45,2.93,5.0,1.73,2.37,2.63,3.49,0.0,2.77,2.29,0.48
2025-11-24T18:26:46.704995,448,student_4_lec_2a96290c_700aeb29,lec_2a96290c,cv101,1,0.95,engaged,51.53,-0.0028,-0.0023,-0.0038,0.0013,-0.0063,-0.0039,8.72,-135.5,59.17,590.28,3214.4,-176.62,13.18,3.04,2.2,1.45,2.8,2.79,3.6,2.21,2.19,3.09,2.01,1.41,2.99,5.0,1.68,2.09,2.91,3.57,0.0,2.8,2.15,0
2025-11-24T18:26:47.709495,449,student_4_lec_2a96290c_700aeb29,lec_2a96290c,cv101,0,0.0,no_face,0.0,0.0,0.0,0.0,0.0,0.0,0.0,0.0,0.0,0.0,0.0,0.0,0.0,0.0,0.0,0.0,0.0,0.0,0.0,0.0,0.0,0.0,0.0,0.0,0.0,0.0,0.0,0.0,0.0,0.0,0.0,0.0,0.0,0.0,0.0
2025-11-24T18:26:48.734608,450,student_4_lec_2a96290c_700aeb29,lec_2a96290c,cv101,1,0.95,engaged,50.56,-0.0001,-0.0001,-0.0036,0.0004,-0.0046,-0.004,-1.93,-154.75,85.45,-595.13,-3293.64,-158.29,24.11,-174.32,2.41,1.68,2.59,2.46,3.77,2.54,2.42,3.07,2.05,1.44,2.95,4.75,1.71,2.39,2.61,3.1,0.0,2.91,2.23,0.08
