timestamp,frame,session_id,lecture_id,course_id,face_detected,confidence,status,engagement_score,gaze_0_x,gaze_0_y,gaze_0_z,gaze_1_x,gaze_1_y,gaze_1_z,gaze_angle_x,gaze_angle_y,pose_Tx,pose_Ty,pose_Tz,pose_Rx,pose_Ry,pose_Rz,AU01_r,AU02_r,AU04_r,AU05_r,AU06_r,AU07_r,AU09_r,AU10_r,AU12_r,AU14_r,AU15_r,AU17_r,AU20_r,AU23_r,AU25_r,AU26_r,AU45_r,smile_intensity,confusion_level,drowsiness_level
2026-01-30T12:26:04.142369,1,student_4_youtube_wjFILuh9u_4_6f4020b2_05273f46,youtube_wjFILuh9u_4_6f4020b2,jpn5,0,0.0,no_face,0.0,0.0,0.0,0.0,0.0,0.0,0.0,0.0,0.0,0.0,0.0,0.0,0.0,0.0,0.0,0.0,0.0,0.0,0.0,0.0,0.0,0.0,0.0,0.0,0.0,0.0,0.0,0.0,0.0,0.0,0.0,0.0,0.0,0.0,0.0
2026-01-30T12:26:05.181790,2,student_4_youtube_wjFILuh9u_4_6f4020b2_05273f46,youtube_wjFILuh9u_4_6f4020b2,jpn5,0,0.0,no_face,0.0,0.0,0.0,0.0,0.0,0.0,0.0,0.0,0.0,0.0,0.0,0.0,0.0,0.0,0.0,0.0,0.0,0.0,0.0,0.0,0.0,0.0,0.0,0.0,0.0,0.0,0.0,0.0,0.0,0.0,0.0,0.0,0.0,0.0,0.0
2026-01-30T12:26:06.273595,3,student_4_youtube_wjFILuh9u_4_6f4020b2_05273f46,youtube_wjFILuh9u_4_6f4020b2,jpn5,0,0.0,no_face,0.0,0.0,0.0,0.0,0.0,0.0,0.0,0.0,0.0,0.0,0.0,0.0,0.0,0.0,0.0,0.0,0.0,0.0,0.0,0.0,0.0,0.0,0.0,0.0,0.0,0.0,0.0,0.0,0.0,0.0,0.0,0.0,0.0,0.0,0.0
2026-01-30T12:26:07.360077,4,student_4_youtube_wjFILuh9u_4_6f4020b2_05273f46,youtube_wjFILuh9u_4_6f4020b2,jpn5,0,0.0,no_face,0.0,0.0,0.0,0.0,0.0,0.0,0.0,0.0,0.0,0.0,0.0,0.0,0.0,0.0,0.0,0.0,0.0,0.0,0.0,0.0,0.0,0.0,0.0,0.0,0.0,0.0,0.0,0.0,0.0,0.0,0.0,0.0,0.0,0.0,0.0
2026-01-30T12:26:08.451740,5,student_4_youtube_wjFILuh9u_4_6f4020b2_05273f46,youtube_wjFILuh9u_4_6f4020b2,jpn5,0,0.0,no_face,0.0,0.0,0.0,0.0,0.0,0.0,0.0,0.0,0.0,0.0,0.0,0.0,0.0,0.0,0.0,0.0,0.0,0.0,0.0,0.0,0.0,0.0,0.0,0.0,0.0,0.0,0.0,0.0,0.0,0.0,0.0,0.0,0.0,0.0,0.0
2026-01-30T12:26:09.539291,6,student_4_youtube_wjFILuh9u_4_6f4020b2_05273f46,youtube_wjFILuh9u_4_6f4020b2,jpn5,0,0.0,no_face,0.0,0.0,0.0,0.0,0.0,0.0,0.0,0.0,0.0,0.0,0.0,0.0,0.0,0.0,0.0,0.0,0.0,0.0,0.0,0.0,0.0,0.0,0.0,0.0,0.0,0.0,0.0,0.0,0.0,0.0,0.0,0.0,0.0,0.0,0.0
2026-01-30T12:26:10.621210,7,student_4_youtube_wjFILuh9u_4_6f4020b2_05273f46,youtube_wjFILuh9u_4_6f4020b2,jpn5,0,0.0,no_face,0.0,0.0,0.0,0.0,0.0,0.0,0.0,0.0,0.0,0.0,0.0,0.0,0.0,0.0,0.0,0.0,0.0,0.0,0.0,0.0,0.0,0.0,0.0,0.0,0.0,0.0,0.0,0.0,0.0,0.0,0.0,0.0,0.0,0.0,0.0
2026-01-30T12:26:11.717100,8,student_4_youtube_wjFILuh9u_4_6f4020b2_05273f46,youtube_wjFILuh9u_4_6f4020b2,jpn5,0,0.0,no_face,0.0,0.0,0.0,0.0,0.0,0.0,0.0,0.0,0.0,0.0,0.0,0.0,0.0,0.0,0.0,0.0,0.0,0.0,0.0,0.0,0.0,0.0,0.0,0.0,0.0,0.0,0.0,0.0,0.0,0.0,0.0,0.0,0.0,0.0,0.0
2026-01-30T12:26:12.789104,9,student_4_youtube_wjFILuh9u_4_6f4020b2_05273f46,youtube_wjFILuh9u_4_6f4020b2,jpn5,0,0.0,no_face,0.0,0.0,0.0,0.0,0.0,0.0,0.0,0.0,0.0,0.0,0.0,0.0,0.0,0.0,0.0,0.0,0.0,0.0,0.0,0.0,0.0,0.0,0.0,0.0,0.0,0.0,0.0,0.0,0.0,0.0,0.0,0.0,0.0,0.0,0.0
2026-01-30T12:26:13.820861,10,student_4_youtube_wjFILuh9u_4_6f4020b2_05273f46,youtube_wjFILuh9u_4_6f4020b2,jpn5,0,0.0,no_face,0.0,0.0,0.0,0.0,0.0,0.0,0.0,0.0,0.0,0.0,0.0,0.0,0.0,0.0,0.0,0.0,0.0,0.0,0.0,0.0,0.0,0.0,0.0,0.0,0.0,0.0,0.0,0.0,0.0,0.0,0.0,0.0,0.0,0.0,0.0
2026-01-30T12:26:14.847879,11,student_4_youtube_wjFILuh9u_4_6f4020b2_05273f46,youtube_wjFILuh9u_4_6f4020b2,jpn5,0,0.0,no_face,0.0,0.0,0.0,0.0,0.0,0.0,0.0,0.0,0.0,0.0,0.0,0.0,0.0,0.0,0.0,0.0,0.0,0.0,0.0,0.0,0.0,0.0,0.0,0.0,0.0,0.0,0.0,0.0,0.0,0.0,0.0,0.0,0.0,0.0,0.0
2026-01-30T12:26:15.846042,12,student_4_youtube_wjFILuh9u_4_6f4020b2_05273f46,youtube_wjFILuh9u_4_6f4020b2,jpn5,0,0.0,no_face,0.0,0.0,0.0,0.0,0.0,0.0,0.0,0.0,0.0,0.0,0.0,0.0,0.0,0.0,0.0,0.0,0.0,0.0,0.0,0.0,0.0,0.0,0.0,0.0,0.0,0.0,0.0,0.0,0.0,0.0,0.0,0.0,0.0,0.0,0.0
2026-01-30T12:26:16.870225,13,student_4_youtube_wjFILuh9u_4_6f4020b2_05273f46,youtube_wjFILuh9u_4_6f4020b2,jpn5,0,0.0,no_face,0.0,0.0,0.0,0.0,0.0,0.0,0.0,0.0,0.0,0.0,0.0,0.0,0.0,0.0,0.0,0.0,0.0,0.0,0.0,0.0,0.0,0.0,0.0,0.0,0.0,0.0,0.0,0.0,0.0,0.0,0.0,0.0,0.0,0.0,0.0
2026-01-30T12:26:17.902047,14,student_4_youtube_wjFILuh9u_4_6f4020b2_05273f46,youtube_wjFILuh9u_4_6f4020b2,jpn5,1,0.95,partially_engaged,30.17,0.0028,-0.0032,-0.0028,0.0002,0.0002,-0.0029,154.87,22.56,1263.45,-1065.96,4468.91,-167.24,47.18,-22.92,0.15,0.21,4.85,1.2,2.72,3.8,1.43,1.94,1.33,0.93,3.67,4.3,1.11,2.72,2.28,2.49,5.0,2.03,1.74,7.6
2026-01-30T12:26:18.906536,15,student_4_youtube_wjFILuh9u_4_6f4020b2_05273f46,youtube_wjFILuh9u_4_6f4020b2,jpn5,0,0.0,no_face,0.0,0.0,0.0,0.0,0.0,0.0,0.0,0.0,0.0,0.0,0.0,0.0,0.0,0.0,0.0,0.0,0.0,0.0,0.0,0.0,0.0,0.0,0.0,0.0,0.0,0.0,0.0,0.0,0.0,0.0,0.0,0.0,0.0,0.0,0.0
2026-01-30T12:26:19.929382,16,student_4_youtube_wjFILuh9u_4_6f4020b2_05273f46,youtube_wjFILuh9u_4_6f4020b2,jpn5,1,0.95,partially_engaged,45.33,0.0003,-0.0004,-0.0031,0.0015,0.0,-0.0032,163.99,4.07,-321.28,68.86,3760.61,-178.12,14.24,-9.73,1.04,0.84,3.96,1.72,3.03,3.28,1.64,2.4,1.85,1.3,3.15,5.0,1.54,2.01,2.99,3.73,0.0,2.44,1.95,1.56
2026-01-30T12:26:20.935142,17,student_4_youtube_wjFILuh9u_4_6f4020b2_05273f46,youtube_wjFILuh9u_4_6f4020b2,jpn5,0,0.0,no_face,0.0,0.0,0.0,0.0,0.0,0.0,0.0,0.0,0.0,0.0,0.0,0.0,0.0,0.0,0.0,0.0,0.0,0.0,0.0,0.0,0.0,0.0,0.0,0.0,0.0,0.0,0.0,0.0,0.0,0.0,0.0,0.0,0.0,0.0,0.0
2026-01-30T12:26:21.968690,18,student_4_youtube_wjFILuh9u_4_6f4020b2_05273f46,youtube_wjFILuh9u_4_6f4020b2,jpn5,1,0.95,engaged,66.22,-0.0052,-0.0057,-0.0064,0.002,-0.0035,-0.007,11.5,-145.62,-333.07,369.77,1643.92,-165.28,18.73,-3.75,3.84,2.57,1.16,4.85,5.0,0.15,4.61,4.74,3.38,2.37,1.62,5.0,2.82,1.29,3.71,4.82,0.0,4.19,2.52,0
2026-01-30T12:26:22.986244,19,student_4_youtube_wjFILuh9u_4_6f4020b2_05273f46,youtube_wjFILuh9u_4_6f4020b2,jpn5,0,0.0,no_face,0.0,0.0,0.0,0.0,0.0,0.0,0.0,0.0,0.0,0.0,0.0,0.0,0.0,0.0,0.0,0.0,0.0,0.0,0.0,0.0,0.0,0.0,0.0,0.0,0.0,0.0,0.0,0.0,0.0,0.0,0.0,0.0,0.0,0.0,0.0
2026-01-30T12:26:23.996281,20,student_4_youtube_wjFILuh9u_4_6f4020b2_05273f46,youtube_wjFILuh9u_4_6f4020b2,jpn5,1,0.95,engaged,59.87,0.0075,-0.0044,-0.0059,-0.0016,-0.0024,-0.0066,-18.78,-151.73,336.92,-354.23,-1902.06,-156.54,38.62,-173.02,5.0,3.83,0.0,3.46,5.0,1.54,4.41,5.0,3.41,2.39,1.59,5.0,2.84,0.0,5.0,5.0,0.0,4.21,2.94,0
2026-01-30T12:26:25.020142,21,student_4_youtube_wjFILuh9u_4_6f4020b2_05273f46,youtube_wjFILuh9u_4_6f4020b2,jpn5,1,0.95,engaged,63.61,-0.0052,-0.0032,-0.0067,0.0044,-0.0042,-0.0072,3.31,-152.11,-241.46,242.0,1732.61,-175.06,21.93,-4.88,3.64,2.52,1.36,4.17,5.0,0.83,3.92,5.0,3.55,2.49,1.45,5.0,2.96,0.0,5.0,5.0,0.0,4.28,2.51,0
2026-01-30T12:26:26.056026,22,student_4_youtube_wjFILuh9u_4_6f4020b2_05273f46,youtube_wjFILuh9u_4_6f4020b2,jpn5,1,0.95,engaged,67.53,-0.0045,-0.0024,-0.0078,0.0017,-0.0036,-0.0076,8.89,-158.67,13.03,288.81,1717.64,-170.77,-10.54,-0.5,4.55,3.17,0.45,5.0,5.0,0.0,4.01,5.0,3.86,2.7,1.14,5.0,3.22,0.0,5.0,5.0,0.0,4.43,2.72,0
2026-01-30T12:26:27.081999,23,student_4_youtube_wjFILuh9u_4_6f4020b2_05273f46,youtube_wjFILuh9u_4_6f4020b2,jpn5,1,0.95,engaged,65.43,-0.0045,-0.0014,-0.007,0.0028,-0.007,-0.0076,6.44,-153.13,-196.55,293.64,1688.81,-166.5,20.07,0.35,4.22,2.98,0.78,4.5,5.0,0.5,4.17,5.0,3.86,2.7,1.14,5.0,3.22,0.07,4.93,5.0,0.0,4.43,2.66,0
2026-01-30T12:26:28.106670,24,student_4_youtube_wjFILuh9u_4_6f4020b2_05273f46,youtube_wjFILuh9u_4_6f4020b2,jpn5,1,0.95,engaged,65.43,-0.0034,-0.0037,-0.0066,0.0024,-0.0044,-0.0073,4.53,-149.88,-231.5,299.73,1711.9,-169.27,23.01,-1.08,4.27,2.91,0.73,4.61,5.0,0.39,4.17,5.0,3.58,2.51,1.42,5.0,2.98,0.0,5.0,5.0,0.0,4.29,2.64,0
2026-01-30T12:26:29.114269,25,student_4_youtube_wjFILuh9u_4_6f4020b2_05273f46,youtube_wjFILuh9u_4_6f4020b2,jpn5,1,0.95,engaged,66.19,-0.0045,-0.0043,-0.0066,0.0031,-0.0048,-0.0073,5.31,-146.76,-218.95,294.28,1721.69,-170.14,20.85,-2.38,3.85,2.54,1.15,4.7,5.0,0.3,4.09,5.0,3.72,2.61,1.28,5.0,3.1,0.0,5.0,5.0,0.0,4.36,2.51,0
2026-01-30T12:26:30.119600,26,student_4_youtube_wjFILuh9u_4_6f4020b2_05273f46,youtube_wjFILuh9u_4_6f4020b2,jpn5,1,0.95,engaged,65.08,-0.0054,-0.0036,-0.007,0.0058,-0.0044,-0.0075,-0.34,-151.31,-150.09,275.49,1744.43,-170.37,15.93,-1.85,3.79,2.45,1.21,4.46,5.0,0.54,3.98,5.0,3.66,2.56,1.34,5.0,3.05,0.0,5.0,5.0,0.0,4.33,2.48,0
2026-01-30T12:26:31.136782,27,student_4_youtube_wjFILuh9u_4_6f4020b2_05273f46,youtube_wjFILuh9u_4_6f4020b2,jpn5,1,0.95,engaged,67.05,-0.0039,-0.0055,-0.0076,0.0014,-0.0036,-0.0076,8.5,-149.24,-21.18,303.46,1773.21,-169.47,-4.5,-0.14,4.36,2.94,0.64,5.0,5.0,0.0,4.11,5.0,3.55,2.48,1.45,5.0,2.96,0.0,5.0,5.0,0.0,4.28,2.65,0
2026-01-30T12:26:32.146417,28,student_4_youtube_wjFILuh9u_4_6f4020b2_05273f46,youtube_wjFILuh9u_4_6f4020b2,jpn5,1,0.95,engaged,64.15,-0.0072,-0.0037,-0.0074,0.0018,-0.0042,-0.0075,15.5,-152.34,-87.68,294.66,1772.46,-170.8,8.65,-1.52,4.54,3.36,0.46,4.3,5.0,0.7,4.13,5.0,3.7,2.59,1.3,5.0,3.08,0.0,5.0,5.0,0.0,4.35,2.79,0
2026-01-30T12:26:33.162319,29,student_4_youtube_wjFILuh9u_4_6f4020b2_05273f46,youtube_wjFILuh9u_4_6f4020b2,jpn5,1,0.95,engaged,67.89,-0.0054,-0.003,-0.0083,0.0039,-0.0066,-0.0082,3.82,-150.76,68.0,229.2,1614.61,-171.2,-7.84,-8.6,3.28,2.08,1.72,5.0,5.0,0.0,4.26,5.0,3.86,2.7,1.14,5.0,3.22,0.0,5.0,5.0,0.0,4.43,2.36,0
2026-01-30T12:26:34.175980,30,student_4_youtube_wjFILuh9u_4_6f4020b2_05273f46,youtube_wjFILuh9u_4_6f4020b2,jpn5,1,0.95,engaged,65.73,-0.0116,-0.0026,-0.0076,-0.001,-0.0026,-0.0077,-147.93,-161.41,2.84,308.65,1736.95,-170.31,5.59,-5.85,4.03,2.84,0.97,4.59,5.0,0.41,4.09,5.0,3.78,2.65,1.22,5.0,3.15,0.09,4.91,5.0,0.0,4.39,2.61,0
2026-01-30T12:26:35.199470,31,student_4_youtube_wjFILuh9u_4_6f4020b2_05273f46,youtube_wjFILuh9u_4_6f4020b2,jpn5,1,0.95,engaged,66.57,-0.0059,-0.0024,-0.0077,0.0051,-0.0049,-0.0078,2.32,-155.1,-30.66,295.74,1686.69,-168.1,9.82,-7.13,3.88,2.65,1.12,4.75,5.0,0.25,4.24,5.0,3.83,2.68,1.17,5.0,3.19,0.0,5.0,5.0,0.0,4.42,2.55,0
2026-01-30T12:26:36.217741,32,student_4_youtube_wjFILuh9u_4_6f4020b2_05273f46,youtube_wjFILuh9u_4_6f4020b2,jpn5,1,0.95,engaged,62.12,-0.0062,-0.0055,-0.0058,-0.0035,-0.0063,-0.0066,-142.75,-136.45,-275.24,321.43,1710.13,-169.57,31.82,-7.75,3.4,2.22,1.6,3.89,5.0,1.11,4.08,4.91,3.34,2.34,1.66,5.0,2.78,0.0,5.0,5.0,0.0,4.17,2.41,0
2026-01-30T12:26:37.225507,33,student_4_youtube_wjFILuh9u_4_6f4020b2_05273f46,youtube_wjFILuh9u_4_6f4020b2,jpn5,1,0.95,engaged,64.24,-0.0112,-0.005,-0.0078,-0.0009,-0.0034,-0.0082,-149.34,-152.49,-219.9,281.85,1662.87,-169.97,11.66,2.95,5.0,3.8,0.0,4.32,5.0,0.68,4.19,5.0,3.78,2.65,1.22,5.0,3.15,0.0,5.0,5.0,0.0,4.39,2.93,0
2026-01-30T12:26:38.248809,34,student_4_youtube_wjFILuh9u_4_6f4020b2_05273f46,youtube_wjFILuh9u_4_6f4020b2,jpn5,1,0.95,engaged,68.23,0.0025,-0.0072,-0.0073,0.0194,-0.0072,-0.0068,135.23,-134.38,-154.67,-283.06,-1916.52,-165.81,-23.5,177.29,4.25,2.96,0.75,5.0,5.0,0.0,3.85,5.0,4.21,2.95,0.79,5.0,3.51,0.0,5.0,5.0,0.0,4.61,2.65,0
2026-01-30T12:26:39.287940,35,student_4_youtube_wjFILuh9u_4_6f4020b2_05273f46,youtube_wjFILuh9u_4_6f4020b2,jpn5,1,0.95,engaged,64.08,-0.0082,0.0003,-0.006,0.0,-0.0042,-0.0068,26.71,14.41,237.47,-332.77,-1946.83,-158.76,41.96,-177.5,3.33,2.12,1.67,4.28,5.0,0.72,4.15,5.0,3.47,2.43,1.53,5.0,2.89,0.0,5.0,5.0,0.0,4.24,2.37,0
2026-01-30T12:26:40.318112,36,student_4_youtube_wjFILuh9u_4_6f4020b2_05273f46,youtube_wjFILuh9u_4_6f4020b2,jpn5,1,0.95,engaged,65.2,-0.0082,-0.0001,-0.0072,-0.003,-0.0041,-0.0079,-145.28,-165.82,-170.51,299.6,1635.92,-166.08,23.19,-8.16,3.43,2.31,1.57,4.4,5.0,0.6,4.31,4.97,3.85,2.7,1.15,5.0,3.21,0.0,5.0,5.0,0.0,4.42,2.44,0
2026-01-30T12:26:41.338006,37,student_4_youtube_wjFILuh9u_4_6f4020b2_05273f46,youtube_wjFILuh9u_4_6f4020b2,jpn5,1,0.95,engaged,56.95,-0.0024,-0.0011,-0.0059,0.0009,-0.0067,-0.0068,7.04,-152.42,-312.16,317.27,1701.96,-172.34,30.69,-11.64,3.44,2.29,1.56,2.72,5.0,2.28,3.92,5.0,3.28,2.3,1.72,5.0,2.74,0.0,5.0,5.0,0.0,4.14,2.43,0
2026-01-30T12:26:42.347317,38,student_4_youtube_wjFILuh9u_4_6f4020b2_05273f46,youtube_wjFILuh9u_4_6f4020b2,jpn5,1,0.95,engaged,65.35,-0.01,-0.0031,-0.0066,-0.005,-0.0052,-0.0075,-134.91,-149.83,-260.13,317.64,1726.36,-174.16,27.16,-8.4,2.97,1.77,2.03,4.55,5.0,0.45,3.82,5.0,3.47,2.43,1.53,5.0,2.89,0.0,5.0,5.0,0.0,4.24,2.26,0
2026-01-30T12:26:43.372494,39,student_4_youtube_wjFILuh9u_4_6f4020b2_05273f46,youtube_wjFILuh9u_4_6f4020b2,jpn5,1,0.95,engaged,67.29,-0.0015,-0.0033,-0.0074,0.0061,-0.0052,-0.0079,-13.16,-151.07,-133.75,288.41,1650.27,-167.11,18.75,-4.63,3.63,2.15,1.37,4.84,5.0,0.16,4.34,5.0,3.92,2.74,1.08,5.0,3.26,0.0,5.0,5.0,0.0,4.46,2.38,0
2026-01-30T12:26:44.412460,40,student_4_youtube_wjFILuh9u_4_6f4020b2_05273f46,youtube_wjFILuh9u_4_6f4020b2,jpn5,1,0.95,engaged,64.99,-0.0036,-0.0017,-0.0073,0.0043,-0.0033,-0.0078,-1.36,-161.92,-114.1,314.61,1674.15,-167.96,21.14,-4.04,4.26,2.85,0.74,4.4,5.0,0.6,4.19,5.0,3.83,2.68,1.17,5.0,3.19,0.03,4.97,5.0,0.0,4.42,2.62,0
2026-01-30T12:26:45.435293,41,student_4_youtube_wjFILuh9u_4_6f4020b2_05273f46,youtube_wjFILuh9u_4_6f4020b2,jpn5,1,0.95,engaged,66.08,-0.0067,-0.0026,-0.0071,0.0007,-0.0044,-0.0077,18.94,-155.04,-144.39,315.71,1680.03,-169.26,22.49,-4.0,3.98,2.6,1.02,4.72,5.0,0.28,4.18,5.0,3.62,2.53,1.38,5.0,3.02,0.0,5.0,5.0,0.0,4.31,2.53,0
2026-01-30T12:26:46.466965,42,student_4_youtube_wjFILuh9u_4_6f4020b2_05273f46,youtube_wjFILuh9u_4_6f4020b2,jpn5,1,0.95,engaged,67.47,-0.005,-0.0036,-0.0071,0.003,-0.0049,-0.0077,6.86,-150.41,-128.09,294.09,1650.21,-167.27,22.86,-4.38,3.72,2.25,1.28,5.0,5.0,0.0,4.37,4.94,3.66,2.56,1.34,5.0,3.05,0.0,5.0,5.0,0.0,4.33,2.42,0
2026-01-30T12:26:47.468884,43,student_4_youtube_wjFILuh9u_4_6f4020b2_05273f46,youtube_wjFILuh9u_4_6f4020b2,jpn5,1,0.95,engaged,67.37,-0.0064,-0.005,-0.0068,0.0053,-0.0042,-0.0073,3.58,-147.07,-121.56,313.69,1675.52,-166.86,22.16,-4.16,4.07,2.57,0.93,5.0,5.0,0.0,4.36,4.75,3.66,2.56,1.34,5.0,3.05,0.0,5.0,5.0,0.0,4.33,2.52,0
2026-01-30T12:26:48.491096,44,student_4_youtube_wjFILuh9u_4_6f4020b2_05273f46,youtube_wjFILuh9u_4_6f4020b2,jpn5,1,0.95,engaged,67.83,-0.0056,-0.0055,-0.0073,0.0032,-0.0055,-0.0077,7.36,-143.78,-113.8,304.8,1661.01,-167.44,21.73,-3.54,3.47,1.98,1.53,5.0,5.0,0.0,4.28,4.97,3.81,2.66,1.19,5.0,3.17,0.0,5.0,5.0,0.0,4.41,2.33,0
2026-01-30T12:26:49.530076,45,student_4_youtube_wjFILuh9u_4_6f4020b2_05273f46,youtube_wjFILuh9u_4_6f4020b2,jpn5,1,0.95,engaged,67.38,-0.0048,-0.0042,-0.0072,0.0035,-0.0065,-0.0077,4.7,-144.76,-124.28,296.04,1653.29,-166.28,21.9,-3.78,3.56,2.14,1.44,5.0,5.0,0.0,4.4,4.53,3.59,2.51,1.41,5.0,2.99,0.0,5.0,5.0,0.0,4.29,2.38,0
2026-01-30T12:26:50.558669,46,student_4_youtube_wjFILuh9u_4_6f4020b2_05273f46,youtube_wjFILuh9u_4_6f4020b2,jpn5,1,0.95,engaged,67.43,-0.0027,-0.0049,-0.0074,0.0072,-0.0059,-0.0077,-11.53,-144.54,-87.63,304.86,1695.92,-169.59,19.03,-4.1,3.78,2.26,1.22,5.0,5.0,0.0,4.12,5.0,3.64,2.54,1.36,5.0,3.03,0.0,5.0,5.0,0.0,4.32,2.42,0
2026-01-30T12:26:51.580756,47,student_4_youtube_wjFILuh9u_4_6f4020b2_05273f46,youtube_wjFILuh9u_4_6f4020b2,jpn5,1,0.95,engaged,67.03,-0.0068,-0.005,-0.0072,0.0026,-0.0055,-0.0076,12.34,-144.52,-97.09,302.59,1696.51,-169.41,19.98,-4.42,3.63,2.31,1.37,4.92,5.0,0.08,4.21,5.0,3.62,2.53,1.38,5.0,3.02,0.0,5.0,5.0,0.0,4.31,2.44,0
2026-01-30T12:26:52.591178,48,student_4_youtube_wjFILuh9u_4_6f4020b2_05273f46,youtube_wjFILuh9u_4_6f4020b2,jpn5,1,0.95,engaged,66.99,-0.0064,-0.004,-0.0071,0.0021,-0.0045,-0.0075,13.4,-149.87,-99.11,290.75,1679.48,-168.33,20.2,-4.54,3.76,2.35,1.24,4.88,5.0,0.12,4.24,4.98,3.7,2.59,1.3,5.0,3.08,0.0,5.0,5.0,0.0,4.35,2.45,0
2026-01-30T12:26:53.612240,49,student_4_youtube_wjFILuh9u_4_6f4020b2_05273f46,youtube_wjFILuh9u_4_6f4020b2,jpn5,1,0.95,engaged,66.6,-0.0053,-0.0041,-0.0075,0.0044,-0.0058,-0.0076,2.9,-147.03,-22.54,305.12,1755.06,-169.58,9.44,-4.58,3.48,2.22,1.52,4.87,5.0,0.13,4.11,5.0,3.48,2.44,1.52,5.0,2.9,0.0,5.0,5.0,0.0,4.24,2.41,0
2026-01-30T12:26:54.665620,50,student_4_youtube_wjFILuh9u_4_6f4020b2_05273f46,youtube_wjFILuh9u_4_6f4020b2,jpn5,1,0.95,engaged,66.76,-0.0072,-0.0053,-0.0073,0.0021,-0.0046,-0.0077,14.49,-146.35,-84.23,305.82,1714.75,-169.62,20.07,-5.32,3.68,2.3,1.32,4.87,5.0,0.13,4.19,4.91,3.58,2.51,1.42,5.0,2.98,0.0,5.0,5.0,0.0,4.29,2.43,0
2026-01-30T12:26:55.675618,51,student_4_youtube_wjFILuh9u_4_6f4020b2_05273f46,youtube_wjFILuh9u_4_6f4020b2,jpn5,1,0.95,engaged,67.63,-0.0051,-0.0039,-0.0071,0.0054,-0.0059,-0.0074,-0.16,-146.33,-77.71,286.14,1690.93,-169.33,18.16,-4.91,3.52,2.11,1.48,5.0,5.0,0.0,4.18,4.95,3.72,2.6,1.28,5.0,3.1,0.0,5.0,5.0,0.0,4.36,2.37,0
2026-01-30T12:26:56.707261,52,student_4_youtube_wjFILuh9u_4_6f4020b2_05273f46,youtube_wjFILuh9u_4_6f4020b2,jpn5,1,0.95,engaged,67.56,-0.0057,-0.0053,-0.0072,0.003,-0.0057,-0.0075,8.33,-143.04,-82.45,295.99,1712.1,-168.37,18.3,-5.07,3.62,2.25,1.38,4.97,5.0,0.03,4.2,4.79,3.78,2.65,1.22,5.0,3.15,0.0,5.0,5.0,0.0,4.39,2.42,0
2026-01-30T12:26:57.708460,53,student_4_youtube_wjFILuh9u_4_6f4020b2_05273f46,youtube_wjFILuh9u_4_6f4020b2,jpn5,1,0.95,engaged,65.61,-0.006,-0.0032,-0.007,0.0024,-0.0045,-0.0074,11.34,-151.85,-82.77,316.24,1761.89,-169.65,18.46,-5.21,3.97,2.58,1.03,4.66,5.0,0.34,4.01,5.0,3.5,2.45,1.5,5.0,2.92,0.0,5.0,5.0,0.0,4.25,2.53,0
2026-01-30T12:26:58.729855,54,student_4_youtube_wjFILuh9u_4_6f4020b2_05273f46,youtube_wjFILuh9u_4_6f4020b2,jpn5,1,0.95,engaged,67.53,-0.0038,-0.0037,-0.0071,0.007,-0.0056,-0.0074,-7.57,-147.75,-69.55,292.14,1730.6,-170.03,16.9,-4.28,3.29,1.86,1.71,5.0,5.0,0.0,4.13,5.0,3.62,2.53,1.38,5.0,3.02,0.0,5.0,5.0,0.0,4.31,2.29,0
2026-01-30T12:26:59.772168,55,student_4_youtube_wjFILuh9u_4_6f4020b2_05273f46,youtube_wjFILuh9u_4_6f4020b2,jpn5,1,0.95,engaged,67.39,-0.0061,-0.0044,-0.0072,0.0018,-0.0053,-0.0075,13.4,-146.59,-77.95,287.4,1732.73,-169.93,17.82,-4.58,3.66,2.38,1.34,5.0,5.0,0.0,4.05,5.0,3.64,2.55,1.36,5.0,3.04,0.0,5.0,5.0,0.0,4.32,2.46,0
2026-01-30T12:27:00.793414,56,student_4_youtube_wjFILuh9u_4_6f4020b2_05273f46,youtube_wjFILuh9u_4_6f4020b2,jpn5,1,0.95,engaged,67.15,-0.0057,-0.0041,-0.0071,0.0014,-0.0041,-0.0074,13.84,-150.72,-72.01,314.09,1754.41,-168.68,16.24,-4.86,3.86,2.57,1.14,4.97,5.0,0.03,4.08,5.0,3.61,2.53,1.39,5.0,3.01,0.0,5.0,5.0,0.0,4.3,2.52,0
2026-01-30T12:27:01.824706,57,student_4_youtube_wjFILuh9u_4_6f4020b2_05273f46,youtube_wjFILuh9u_4_6f4020b2,jpn5,1,0.95,engaged,67.46,-0.0058,-0.0034,-0.007,0.0028,-0.0053,-0.0073,9.5,-149.1,-82.86,303.75,1725.23,-169.2,18.9,-4.12,3.52,2.12,1.48,5.0,5.0,0.0,4.1,5.0,3.63,2.54,1.37,5.0,3.03,0.0,5.0,5.0,0.0,4.31,2.37,0
2026-01-30T12:27:02.829009,58,student_4_youtube_wjFILuh9u_4_6f4020b2_05273f46,youtube_wjFILuh9u_4_6f4020b2,jpn5,1,0.95,engaged,67.4,-0.0076,-0.0034,-0.007,0.0025,-0.0055,-0.0074,14.32,-148.64,-83.4,293.21,1721.88,-169.25,18.64,-4.68,3.94,2.59,1.06,5.0,5.0,0.0,4.16,4.84,3.68,2.58,1.32,5.0,3.07,0.0,5.0,5.0,0.0,4.34,2.53,0
2026-01-30T12:27:03.857462,59,student_4_youtube_wjFILuh9u_4_6f4020b2_05273f46,youtube_wjFILuh9u_4_6f4020b2,jpn5,1,0.95,engaged,67.57,-0.0071,-0.0033,-0.007,0.0017,-0.006,-0.0073,16.22,-147.85,-78.03,290.98,1733.8,-169.51,17.19,-4.43,3.64,2.35,1.36,5.0,5.0,0.0,4.1,5.0,3.73,2.61,1.27,5.0,3.11,0.0,5.0,5.0,0.0,4.37,2.45,0
2026-01-30T12:27:04.881838,60,student_4_youtube_wjFILuh9u_4_6f4020b2_05273f46,youtube_wjFILuh9u_4_6f4020b2,jpn5,1,0.95,engaged,66.25,-0.0074,-0.0034,-0.0071,0.0012,-0.0042,-0.0074,18.48,-152.48,-65.95,313.49,1756.95,-169.45,16.63,-4.73,4.02,2.78,0.98,4.77,5.0,0.23,4.01,5.0,3.63,2.54,1.37,5.0,3.03,0.0,5.0,5.0,0.0,4.31,2.59,0
2026-01-30T12:27:05.957459,61,student_4_youtube_wjFILuh9u_4_6f4020b2_05273f46,youtube_wjFILuh9u_4_6f4020b2,jpn5,1,0.95,engaged,67.16,-0.0084,-0.0034,-0.0069,0.0033,-0.0048,-0.0073,12.97,-150.42,-79.37,294.71,1731.12,-170.0,20.15,-4.83,3.9,2.61,1.1,5.0,5.0,0.0,4.04,5.0,3.55,2.48,1.45,5.0,2.96,0.0,5.0,5.0,0.0,4.28,2.54,0
2026-01-30T12:27:06.890980,62,student_4_youtube_wjFILuh9u_4_6f4020b2_05273f46,youtube_wjFILuh9u_4_6f4020b2,jpn5,1,0.95,engaged,67.26,-0.0084,-0.0026,-0.0069,0.0023,-0.0047,-0.0073,16.5,-153.3,-77.95,288.15,1737.0,-170.21,18.42,-4.47,3.83,2.55,1.17,5.0,5.0,0.0,4.09,4.92,3.6,2.52,1.4,5.0,3.0,0.0,5.0,5.0,0.0,4.3,2.52,0
2026-01-30T12:27:07.890752,63,student_4_youtube_wjFILuh9u_4_6f4020b2_05273f46,youtube_wjFILuh9u_4_6f4020b2,jpn5,1,0.95,engaged,66.61,-0.0064,-0.0037,-0.007,0.0027,-0.0041,-0.0073,11.22,-151.08,-78.07,304.63,1757.97,-170.29,19.66,-4.69,4.1,2.78,0.9,4.91,5.0,0.09,4.04,4.93,3.49,2.45,1.51,5.0,2.91,0.0,5.0,5.0,0.0,4.25,2.59,0
2026-01-30T12:27:08.909136,64,student_4_youtube_wjFILuh9u_4_6f4020b2_05273f46,youtube_wjFILuh9u_4_6f4020b2,jpn5,1,0.95,engaged,66.69,-0.0058,-0.0034,-0.0071,0.0022,-0.0039,-0.0074,11.52,-153.31,-70.81,310.65,1757.54,-170.81,17.85,-4.82,4.02,2.69,0.98,4.86,5.0,0.14,3.98,5.0,3.64,2.55,1.36,5.0,3.04,0.0,5.0,5.0,0.0,4.32,2.56,0
2026-01-30T12:27:09.933421,65,student_4_youtube_wjFILuh9u_4_6f4020b2_05273f46,youtube_wjFILuh9u_4_6f4020b2,jpn5,1,0.95,engaged,67.29,-0.007,-0.0031,-0.007,0.0036,-0.005,-0.0073,9.52,-150.74,-75.06,294.24,1743.97,-170.34,18.37,-5.0,3.76,2.42,1.24,5.0,5.0,0.0,4.02,5.0,3.59,2.52,1.41,5.0,3.0,0.0,5.0,5.0,0.0,4.29,2.47,0
2026-01-30T12:27:10.938296,66,student_4_youtube_wjFILuh9u_4_6f4020b2_05273f46,youtube_wjFILuh9u_4_6f4020b2,jpn5,1,0.95,engaged,67.47,-0.0031,-0.0043,-0.0071,0.0051,-0.0062,-0.0074,-5.66,-144.61,-71.15,291.13,1746.35,-170.18,17.36,-3.94,3.81,2.42,1.19,5.0,5.0,0.0,4.06,5.0,3.69,2.58,1.31,5.0,3.08,0.0,5.0,5.0,0.0,4.34,2.47,0
2026-01-30T12:27:11.965203,67,student_4_youtube_wjFILuh9u_4_6f4020b2_05273f46,youtube_wjFILuh9u_4_6f4020b2,jpn5,1,0.95,engaged,67.23,-0.002,-0.0037,-0.007,0.0075,-0.0039,-0.0073,-15.07,-152.06,-58.05,313.48,1775.52,-170.62,16.4,-3.89,3.89,2.57,1.11,5.0,5.0,0.0,3.97,5.0,3.58,2.51,1.42,5.0,2.98,0.0,5.0,5.0,0.0,4.29,2.52,0
2026-01-30T12:27:12.978238,68,student_4_youtube_wjFILuh9u_4_6f4020b2_05273f46,youtube_wjFILuh9u_4_6f4020b2,jpn5,1,0.95,engaged,63.74,-0.0048,-0.0034,-0.007,0.0044,-0.0047,-0.0074,1.82,-150.89,-79.02,297.17,1741.57,-170.88,18.7,-4.69,3.92,2.59,1.08,4.16,5.0,0.84,4.03,5.0,3.66,2.56,1.34,5.0,3.05,0.0,5.0,5.0,0.0,4.33,2.53,0
2026-01-30T12:27:14.008324,69,student_4_youtube_wjFILuh9u_4_6f4020b2_05273f46,youtube_wjFILuh9u_4_6f4020b2,jpn5,1,0.95,engaged,66.19,-0.0063,-0.004,-0.007,0.0048,-0.0055,-0.0074,4.5,-146.68,-80.46,293.34,1751.25,-170.6,17.89,-4.77,3.91,2.63,1.09,4.74,5.0,0.26,4.08,4.89,3.64,2.55,1.36,5.0,3.04,0.0,5.0,5.0,0.0,4.32,2.54,0
2026-01-30T12:27:15.019626,70,student_4_youtube_wjFILuh9u_4_6f4020b2_05273f46,youtube_wjFILuh9u_4_6f4020b2,jpn5,1,0.95,engaged,65.61,-0.0068,-0.0037,-0.007,0.0006,-0.0033,-0.0074,19.79,-154.1,-98.68,305.15,1757.72,-170.53,21.13,-5.66,3.81,2.51,1.19,4.6,5.0,0.4,4.03,4.78,3.63,2.54,1.37,5.0,3.03,0.28,4.72,5.0,0.0,4.31,2.5,0
2026-01-30T12:27:16.031661,71,student_4_youtube_wjFILuh9u_4_6f4020b2_05273f46,youtube_wjFILuh9u_4_6f4020b2,jpn5,1,0.95,engaged,67.39,-0.0043,-0.0051,-0.0075,0.0029,-0.0054,-0.0073,3.8,-144.52,78.93,273.8,1761.22,-172.12,-15.23,-2.85,3.49,2.23,1.51,5.0,5.0,0.0,3.83,5.0,3.61,2.53,1.39,5.0,3.01,0.01,4.99,5.0,0.0,4.3,2.41,0
2026-01-30T12:27:17.057118,72,student_4_youtube_wjFILuh9u_4_6f4020b2_05273f46,youtube_wjFILuh9u_4_6f4020b2,jpn5,1,0.95,engaged,67.07,-0.0037,-0.0043,-0.0074,0.0038,-0.005,-0.0072,-0.59,-147.43,101.17,238.7,1827.27,-174.27,-13.3,-1.46,3.36,2.25,1.64,4.99,5.0,0.01,3.76,5.0,3.46,2.42,1.54,5.0,2.88,0.23,4.77,5.0,0.0,4.23,2.42,0
2026-01-30T12:27:18.091292,73,student_4_youtube_wjFILuh9u_4_6f4020b2_05273f46,youtube_wjFILuh9u_4_6f4020b2,jpn5,1,0.95,engaged,60.79,-0.0091,-0.0029,-0.0071,-0.0011,-0.0025,-0.0073,-149.76,-159.42,-55.01,261.09,1831.1,-173.12,15.28,-3.83,4.15,3.13,0.85,3.52,5.0,1.48,3.78,5.0,3.65,2.56,1.35,5.0,3.04,0.27,4.73,5.0,0.0,4.33,2.71,0
2026-01-30T12:27:19.119625,74,student_4_youtube_wjFILuh9u_4_6f4020b2_05273f46,youtube_wjFILuh9u_4_6f4020b2,jpn5,1,0.95,engaged,61.44,-0.0072,-0.0032,-0.007,-0.0003,-0.0032,-0.0073,-155.95,-156.12,-96.84,267.73,1824.76,-172.4,16.74,-4.28,3.62,2.57,1.38,3.68,5.0,1.32,3.8,4.96,3.53,2.47,1.47,5.0,2.94,0.0,5.0,5.0,0.0,4.26,2.52,0
2026-01-30T12:27:20.151294,75,student_4_youtube_wjFILuh9u_4_6f4020b2_05273f46,youtube_wjFILuh9u_4_6f4020b2,jpn5,1,0.95,engaged,62.37,-0.0069,-0.0028,-0.007,0.001,-0.0031,-0.0074,18.23,-157.68,-108.36,255.73,1817.97,-171.92,17.99,-4.28,3.7,2.65,1.3,3.88,5.0,1.12,3.77,5.0,3.58,2.51,1.42,5.0,2.99,0.0,5.0,5.0,0.0,4.29,2.55,0
2026-01-30T12:27:21.149419,76,student_4_youtube_wjFILuh9u_4_6f4020b2_05273f46,youtube_wjFILuh9u_4_6f4020b2,jpn5,1,0.95,engaged,60.74,-0.0076,-0.0016,-0.0071,0.0005,-0.0029,-0.0074,21.71,-162.56,-109.41,250.41,1818.63,-172.62,18.75,-4.0,3.66,2.65,1.34,3.51,5.0,1.49,3.77,5.0,3.56,2.49,1.44,5.0,2.97,0.0,5.0,5.0,0.0,4.28,2.55,0
2026-01-30T12:27:22.173690,77,student_4_youtube_wjFILuh9u_4_6f4020b2_05273f46,youtube_wjFILuh9u_4_6f4020b2,jpn5,1,0.95,engaged,62.7,-0.0048,-0.0023,-0.0069,-0.0008,-0.004,-0.0073,-159.45,-156.23,-126.21,272.83,1823.74,-171.37,18.86,-3.97,3.93,2.72,1.07,3.97,5.0,1.03,3.8,4.86,3.56,2.49,1.44,5.0,2.97,0.04,4.96,5.0,0.0,4.28,2.57,0
2026-01-30T12:27:23.209739,78,student_4_youtube_wjFILuh9u_4_6f4020b2_05273f46,youtube_wjFILuh9u_4_6f4020b2,jpn5,1,0.95,engaged,61.95,-0.0051,-0.0017,-0.0069,0.0019,-0.004,-0.0073,11.0,-158.46,-123.54,254.7,1812.57,-172.17,19.8,-3.82,3.57,2.46,1.43,3.78,5.0,1.22,3.71,5.0,3.55,2.48,1.45,5.0,2.96,0.0,5.0,5.0,0.0,4.28,2.49,0
2026-01-30T12:27:24.245852,79,student_4_youtube_wjFILuh9u_4_6f4020b2_05273f46,youtube_wjFILuh9u_4_6f4020b2,jpn5,1,0.95,engaged,62.04,-0.0044,-0.0006,-0.0069,0.0017,-0.0047,-0.0073,9.61,-161.28,-121.05,245.59,1797.09,-171.69,19.56,-3.69,3.69,2.56,1.31,3.78,5.0,1.22,3.79,4.91,3.62,2.53,1.38,5.0,3.02,0.0,5.0,5.0,0.0,4.31,2.52,0
2026-01-30T12:27:25.258873,80,student_4_youtube_wjFILuh9u_4_6f4020b2_05273f46,youtube_wjFILuh9u_4_6f4020b2,jpn5,1,0.95,engaged,63.69,-0.0042,-0.0025,-0.0071,0.0032,-0.0039,-0.0071,3.28,-155.97,37.31,257.92,1843.07,-174.11,-8.88,-1.26,4.02,2.91,0.98,4.19,5.0,0.81,3.72,5.0,3.62,2.54,1.38,5.0,3.02,0.15,4.85,5.0,0.0,4.31,2.64,0
2026-01-30T12:27:26.273227,81,student_4_youtube_wjFILuh9u_4_6f4020b2_05273f46,youtube_wjFILuh9u_4_6f4020b2,jpn5,1,0.95,engaged,67.33,-0.0124,-0.0033,-0.0073,-0.001,-0.0025,-0.0072,-146.4,-158.55,51.43,233.69,1828.08,-173.01,-6.6,-3.64,3.44,2.34,1.56,4.94,5.0,0.06,3.72,5.0,3.74,2.62,1.26,5.0,3.11,0.0,5.0,5.0,0.0,4.37,2.45,0
2026-01-30T12:27:27.294654,82,student_4_youtube_wjFILuh9u_4_6f4020b2_05273f46,youtube_wjFILuh9u_4_6f4020b2,jpn5,1,0.95,engaged,63.13,-0.0088,-0.0023,-0.007,-0.0033,-0.0009,-0.0073,-142.1,-167.34,-74.79,249.57,1807.16,-169.85,17.71,-2.28,4.22,3.01,0.78,4.01,5.0,0.99,3.9,4.73,3.76,2.63,1.24,5.0,3.13,0.64,4.36,5.0,0.0,4.38,2.67,0
2026-01-30T12:27:28.329413,83,student_4_youtube_wjFILuh9u_4_6f4020b2_05273f46,youtube_wjFILuh9u_4_6f4020b2,jpn5,1,0.95,engaged,62.59,-0.008,-0.0026,-0.0068,0.0005,-0.0048,-0.0071,22.77,-152.61,-92.02,257.59,1840.88,-171.09,18.06,-2.72,3.88,2.74,1.12,3.96,5.0,1.04,3.82,4.89,3.53,2.47,1.47,5.0,2.94,0.14,4.86,5.0,0.0,4.26,2.58,0
2026-01-30T12:27:29.353860,84,student_4_youtube_wjFILuh9u_4_6f4020b2_05273f46,youtube_wjFILuh9u_4_6f4020b2,jpn5,1,0.95,engaged,64.51,-0.0032,-0.0035,-0.0072,0.0048,-0.0041,-0.0073,-4.8,-152.38,15.9,244.33,1855.32,-173.96,-2.44,-1.89,3.58,2.49,1.42,4.34,5.0,0.66,3.68,5.0,3.64,2.55,1.36,5.0,3.03,0.0,5.0,5.0,0.0,4.32,2.5,0
2026-01-30T12:27:30.363010,85,student_4_youtube_wjFILuh9u_4_6f4020b2_05273f46,youtube_wjFILuh9u_4_6f4020b2,jpn5,1,0.95,engaged,66.29,-0.0043,-0.003,-0.0072,0.0039,-0.0044,-0.0072,1.27,-152.9,58.99,233.36,1848.5,-173.58,-7.89,-1.94,3.47,2.37,1.53,4.76,5.0,0.24,3.73,5.0,3.6,2.52,1.4,5.0,3.0,0.1,4.9,5.0,0.0,4.3,2.46,0
2026-01-30T12:27:31.387685,86,student_4_youtube_wjFILuh9u_4_6f4020b2_05273f46,youtube_wjFILuh9u_4_6f4020b2,jpn5,1,0.95,engaged,63.36,-0.0048,-0.0024,-0.0073,0.0016,-0.0028,-0.0072,10.18,-160.39,98.17,244.24,1866.37,-173.71,-8.75,-1.6,3.97,2.86,1.03,4.1,5.0,0.9,3.67,5.0,3.64,2.55,1.36,5.0,3.04,0.24,4.76,5.0,0.0,4.32,2.62,0
2026-01-30T12:27:32.412086,87,student_4_youtube_wjFILuh9u_4_6f4020b2_05273f46,youtube_wjFILuh9u_4_6f4020b2,jpn5,1,0.95,engaged,66.36,-0.0012,-0.0034,-0.0072,0.0067,-0.0024,-0.007,-17.04,-158.0,120.71,263.03,1865.56,-174.61,-12.7,-1.74,3.74,2.62,1.26,4.77,5.0,0.23,3.61,5.0,3.66,2.56,1.34,5.0,3.05,0.01,4.99,5.0,0.0,4.33,2.54,0
2026-01-30T12:27:33.453339,88,student_4_youtube_wjFILuh9u_4_6f4020b2_05273f46,youtube_wjFILuh9u_4_6f4020b2,jpn5,1,0.95,engaged,64.34,-0.0067,-0.0029,-0.0073,0.0021,-0.0025,-0.007,13.15,-159.1,123.94,245.99,1854.18,-174.37,-14.84,-2.26,3.81,2.7,1.19,4.33,5.0,0.67,3.68,5.0,3.61,2.53,1.39,5.0,3.01,0.0,5.0,5.0,0.0,4.3,2.57,0
2026-01-30T12:27:34.474004,89,student_4_youtube_wjFILuh9u_4_6f4020b2_05273f46,youtube_wjFILuh9u_4_6f4020b2,jpn5,1,0.95,engaged,64.36,-0.0037,-0.0036,-0.0074,0.0046,-0.0023,-0.0072,-3.09,-158.06,100.87,246.23,1863.94,-173.54,-8.91,-1.96,3.74,2.63,1.26,4.32,5.0,0.68,3.71,5.0,3.63,2.54,1.37,5.0,3.02,0.18,4.82,5.0,0.0,4.31,2.54,0
2026-01-30T12:27:35.492492,90,student_4_youtube_wjFILuh9u_4_6f4020b2_05273f46,youtube_wjFILuh9u_4_6f4020b2,jpn5,1,0.95,engaged,62.53,-0.0033,-0.0029,-0.007,0.0042,-0.003,-0.0069,-3.01,-156.97,104.54,265.32,1885.66,-173.58,-10.31,-1.3,4.12,3.03,0.88,3.98,5.0,1.02,3.68,5.0,3.5,2.45,1.5,5.0,2.92,0.0,5.0,5.0,0.0,4.25,2.68,0
2026-01-30T12:27:36.511033,91,student_4_youtube_wjFILuh9u_4_6f4020b2_05273f46,youtube_wjFILuh9u_4_6f4020b2,jpn5,1,0.95,engaged,63.44,-0.0065,-0.0028,-0.0072,0.0027,-0.0028,-0.0071,10.49,-158.93,84.21,251.52,1874.63,-172.91,-6.94,-2.21,3.81,2.72,1.19,4.13,5.0,0.87,3.69,5.0,3.59,2.52,1.41,5.0,3.0,0.0,5.0,5.0,0.0,4.29,2.57,0
2026-01-30T12:27:37.536641,92,student_4_youtube_wjFILuh9u_4_6f4020b2_05273f46,youtube_wjFILuh9u_4_6f4020b2,jpn5,1,0.95,engaged,63.19,-0.0057,-0.0025,-0.0073,0.0028,-0.0026,-0.0072,8.5,-160.64,66.44,251.17,1869.14,-171.91,-4.06,-2.52,3.89,2.81,1.11,4.07,5.0,0.93,3.76,5.0,3.61,2.52,1.39,5.0,3.01,0.05,4.95,5.0,0.0,4.3,2.6,0
2026-01-30T12:27:38.575784,93,student_4_youtube_wjFILuh9u_4_6f4020b2_05273f46,youtube_wjFILuh9u_4_6f4020b2,jpn5,1,0.95,engaged,62.02,-0.0077,-0.003,-0.007,0.0029,-0.0029,-0.007,12.73,-157.03,58.25,270.87,1890.69,-171.08,-1.28,-2.29,4.08,2.95,0.92,3.83,5.0,1.17,3.77,5.0,3.56,2.49,1.44,5.0,2.97,0.12,4.88,5.0,0.0,4.28,2.65,0
2026-01-30T12:27:39.595483,94,student_4_youtube_wjFILuh9u_4_6f4020b2_05273f46,youtube_wjFILuh9u_4_6f4020b2,jpn5,1,0.95,engaged,65.1,-0.0019,-0.0039,-0.0072,0.004,-0.0011,-0.0069,-7.89,-161.31,157.94,246.13,1854.59,-173.37,-19.03,-2.2,3.58,2.48,1.42,4.51,5.0,0.49,3.62,5.0,3.55,2.49,1.45,5.0,2.96,0.0,5.0,5.0,0.0,4.28,2.49,0
2026-01-30T12:27:40.623137,95,student_4_youtube_wjFILuh9u_4_6f4020b2_05273f46,youtube_wjFILuh9u_4_6f4020b2,jpn5,1,0.95,engaged,64.26,-0.0053,-0.0024,-0.0073,0.0008,-0.002,-0.0071,14.64,-162.94,125.92,241.88,1863.7,-174.04,-12.32,-2.05,3.91,2.85,1.09,4.31,5.0,0.69,3.68,5.0,3.64,2.55,1.36,5.0,3.04,0.03,4.97,5.0,0.0,4.32,2.62,0
2026-01-30T12:27:41.633492,96,student_4_youtube_wjFILuh9u_4_6f4020b2_05273f46,youtube_wjFILuh9u_4_6f4020b2,jpn5,1,0.95,engaged,64.68,-0.0022,-0.004,-0.0071,0.0062,-0.0031,-0.0071,-11.98,-153.4,76.71,267.04,1881.51,-172.58,-7.05,-2.41,3.94,2.72,1.06,4.47,5.0,0.53,3.72,5.0,3.46,2.42,1.54,5.0,2.88,0.42,4.58,5.0,0.0,4.23,2.57,0
2026-01-30T12:27:42.657834,97,student_4_youtube_wjFILuh9u_4_6f4020b2_05273f46,youtube_wjFILuh9u_4_6f4020b2,jpn5,1,0.95,engaged,63.27,-0.0128,-0.0021,-0.007,0.0007,-0.0039,-0.007,27.62,-156.92,24.99,252.01,1878.14,-173.67,-2.06,-3.14,3.37,2.39,1.63,4.06,5.0,0.94,3.72,5.0,3.6,2.52,1.4,5.0,3.0,0.02,4.98,5.0,0.0,4.3,2.46,0
2026-01-30T12:27:43.691553,98,student_4_youtube_wjFILuh9u_4_6f4020b2_05273f46,youtube_wjFILuh9u_4_6f4020b2,jpn5,1,0.95,engaged,66.89,-0.0016,-0.0044,-0.0072,0.007,-0.0046,-0.0071,-15.8,-147.67,64.64,237.27,1855.13,-172.01,-7.85,-2.81,3.29,2.19,1.71,4.89,5.0,0.11,3.74,5.0,3.59,2.51,1.41,5.0,2.99,0.0,5.0,5.0,0.0,4.29,2.4,0
2026-01-30T12:27:44.720494,99,student_4_youtube_wjFILuh9u_4_6f4020b2_05273f46,youtube_wjFILuh9u_4_6f4020b2,jpn5,1,0.95,engaged,62.78,-0.0098,-0.0018,-0.0071,-0.0032,-0.0026,-0.0071,-140.97,-162.77,7.91,239.29,1876.33,-173.02,3.9,-3.15,3.85,2.82,1.15,3.98,5.0,1.02,3.68,5.0,3.6,2.52,1.4,5.0,3.0,0.16,4.84,5.0,0.0,4.3,2.61,0
2026-01-30T12:27:45.741393,100,student_4_youtube_wjFILuh9u_4_6f4020b2_05273f46,youtube_wjFILuh9u_4_6f4020b2,jpn5,1,0.95,engaged,64.96,-0.0055,-0.0022,-0.0071,0.0038,-0.0029,-0.0072,4.64,-160.22,32.79,251.89,1873.48,-173.06,-2.39,-3.83,3.38,2.38,1.62,4.46,5.0,0.54,3.66,5.0,3.58,2.5,1.42,5.0,2.98,0.0,5.0,5.0,0.0,4.29,2.46,0
2026-01-30T12:27:46.747306,101,student_4_youtube_wjFILuh9u_4_6f4020b2_05273f46,youtube_wjFILuh9u_4_6f4020b2,jpn5,1,0.95,engaged,64.57,-0.0035,-0.0025,-0.0069,0.0055,-0.0067,-0.0068,-5.94,-147.52,58.31,190.73,1891.64,-179.19,-10.94,-6.33,2.16,1.4,2.84,4.31,5.0,0.69,3.45,5.0,3.54,2.48,1.46,5.0,2.95,0.0,5.0,5.0,0.0,4.27,2.13,0
2026-01-30T12:27:47.768827,102,student_4_youtube_wjFILuh9u_4_6f4020b2_05273f46,youtube_wjFILuh9u_4_6f4020b2,jpn5,1,0.95,engaged,64.1,-0.0041,-0.0035,-0.0069,0.0052,-0.0035,-0.0067,-3.41,-152.8,99.14,189.4,1857.86,179.87,-18.78,-2.86,3.18,2.22,1.82,4.29,5.0,0.71,3.45,5.0,3.48,2.44,1.52,5.0,2.9,0.0,5.0,5.0,0.0,4.24,2.41,0
2026-01-30T12:27:48.810381,103,student_4_youtube_wjFILuh9u_4_6f4020b2_05273f46,youtube_wjFILuh9u_4_6f4020b2,jpn5,1,0.95,engaged,65.31,-0.0034,-0.0037,-0.007,0.0054,-0.005,-0.0068,-6.07,-148.0,91.66,217.07,1908.8,-177.03,-14.95,-4.15,2.68,1.86,2.32,4.58,5.0,0.42,3.5,5.0,3.39,2.37,1.61,5.0,2.83,0.0,5.0,5.0,0.0,4.2,2.29,0
2026-01-30T12:27:49.838536,104,student_4_youtube_wjFILuh9u_4_6f4020b2_05273f46,youtube_wjFILuh9u_4_6f4020b2,jpn5,1,0.95,engaged,65.93,-0.0045,-0.0035,-0.007,0.0047,-0.0054,-0.0068,-0.86,-147.48,91.0,223.28,1919.59,-177.92,-15.08,-4.12,2.74,1.9,2.26,4.74,5.0,0.26,3.4,5.0,3.36,2.35,1.64,5.0,2.8,0.0,5.0,5.0,0.0,4.18,2.3,0
2026-01-30T12:27:50.862389,105,student_4_youtube_wjFILuh9u_4_6f4020b2_05273f46,youtube_wjFILuh9u_4_6f4020b2,jpn5,1,0.95,engaged,63.65,-0.003,-0.0031,-0.007,0.0045,-0.0046,-0.0067,-5.07,-150.58,95.69,207.65,1908.5,-178.89,-16.58,-4.17,2.79,2.07,2.21,4.21,5.0,0.79,3.33,5.0,3.39,2.38,1.61,5.0,2.83,0.0,5.0,5.0,0.0,4.2,2.36,0
2026-01-30T12:27:51.865588,106,student_4_youtube_wjFILuh9u_4_6f4020b2_05273f46,youtube_wjFILuh9u_4_6f4020b2,jpn5,1,0.95,engaged,63.61,-0.0036,-0.0039,-0.0069,0.0054,-0.0041,-0.0066,-5.63,-149.43,106.57,193.71,1891.81,-178.55,-19.49,-4.57,2.49,1.74,2.51,4.2,5.0,0.8,3.29,5.0,3.33,2.33,1.67,5.0,2.77,0.0,5.0,5.0,0.0,4.17,2.25,0
2026-01-30T12:27:52.889166,107,student_4_youtube_wjFILuh9u_4_6f4020b2_05273f46,youtube_wjFILuh9u_4_6f4020b2,jpn5,1,0.95,engaged,65.47,-0.0032,-0.0043,-0.007,0.0036,-0.0043,-0.0067,-2.07,-148.08,125.33,195.64,1876.53,-177.53,-21.06,-5.9,2.46,1.67,2.54,4.61,5.0,0.39,3.37,5.0,3.37,2.36,1.63,5.0,2.81,0.0,5.0,5.0,0.0,4.19,2.22,0
2026-01-30T12:27:53.927758,108,student_4_youtube_wjFILuh9u_4_6f4020b2_05273f46,youtube_wjFILuh9u_4_6f4020b2,jpn5,1,0.95,engaged,63.95,-0.0045,-0.0037,-0.007,0.0034,-0.0046,-0.0068,3.09,-149.14,124.8,215.57,1892.86,-177.5,-19.43,-6.1,2.52,1.68,2.48,4.29,5.0,0.71,3.39,5.0,3.3,2.31,1.7,5.0,2.75,0.0,5.0,5.0,0.0,4.15,2.23,0
2026-01-30T12:27:54.953445,109,student_4_youtube_wjFILuh9u_4_6f4020b2_05273f46,youtube_wjFILuh9u_4_6f4020b2,jpn5,1,0.95,engaged,64.67,-0.0046,-0.003,-0.007,0.005,-0.0052,-0.0067,-1.82,-149.51,122.06,202.78,1885.07,-178.87,-21.72,-5.48,2.5,1.7,2.5,4.47,5.0,0.53,3.34,5.0,3.27,2.29,1.73,5.0,2.72,0.0,5.0,5.0,0.0,4.13,2.23,0
2026-01-30T12:27:55.977426,110,student_4_youtube_wjFILuh9u_4_6f4020b2_05273f46,youtube_wjFILuh9u_4_6f4020b2,jpn5,1,0.95,engaged,62.99,-0.0025,-0.0031,-0.007,0.0044,-0.0045,-0.0067,-6.51,-151.03,113.45,191.19,1898.58,-179.03,-20.11,-5.4,2.59,1.82,2.41,4.05,5.0,0.95,3.28,5.0,3.36,2.35,1.64,5.0,2.8,0.0,5.0,5.0,0.0,4.18,2.27,0
2026-01-30T12:27:56.984819,111,student_4_youtube_wjFILuh9u_4_6f4020b2_05273f46,youtube_wjFILuh9u_4_6f4020b2,jpn5,1,0.95,engaged,64.29,-0.004,-0.0029,-0.0071,0.005,-0.0047,-0.0068,-3.55,-151.51,113.3,187.43,1905.81,-179.47,-19.1,-4.48,2.73,1.92,2.27,4.38,5.0,0.62,3.33,5.0,3.31,2.32,1.69,5.0,2.76,0.0,5.0,5.0,0.0,4.16,2.31,0
2026-01-30T12:27:58.010722,112,student_4_youtube_wjFILuh9u_4_6f4020b2_05273f46,youtube_wjFILuh9u_4_6f4020b2,jpn5,1,0.95,engaged,63.21,-0.0036,-0.0025,-0.0069,0.0038,-0.0037,-0.0067,-1.12,-155.49,116.21,203.51,1918.57,179.62,-20.26,-4.13,2.53,1.78,2.47,4.09,5.0,0.91,3.29,5.0,3.38,2.37,1.62,5.0,2.82,0.0,5.0,5.0,0.0,4.19,2.26,0
2026-01-30T12:27:59.049691,113,student_4_youtube_wjFILuh9u_4_6f4020b2_05273f46,youtube_wjFILuh9u_4_6f4020b2,jpn5,1,0.95,engaged,61.46,-0.004,-0.002,-0.007,0.0045,-0.0041,-0.0067,-2.12,-156.07,112.85,199.42,1914.76,179.59,-21.14,-3.55,2.81,2.04,2.19,3.72,5.0,1.28,3.31,5.0,3.35,2.35,1.65,5.0,2.8,0.0,5.0,5.0,0.0,4.17,2.35,0
2026-01-30T12:28:00.072917,114,student_4_youtube_wjFILuh9u_4_6f4020b2_05273f46,youtube_wjFILuh9u_4_6f4020b2,jpn5,1,0.95,engaged,64.79,-0.0038,-0.0016,-0.0069,0.0054,-0.0034,-0.0066,-5.41,-160.25,112.23,187.83,1893.51,-179.28,-20.28,-3.94,2.52,1.75,2.48,4.43,5.0,0.57,3.35,5.0,3.44,2.41,1.56,5.0,2.87,0.0,5.0,5.0,0.0,4.22,2.25,0
2026-01-30T12:28:01.100162,115,student_4_youtube_wjFILuh9u_4_6f4020b2_05273f46,youtube_wjFILuh9u_4_6f4020b2,jpn5,1,0.95,engaged,63.15,-0.0045,-0.0016,-0.007,0.006,-0.0046,-0.0066,-4.41,-156.25,117.42,179.93,1895.85,-178.69,-21.37,-4.38,2.61,1.91,2.39,4.08,5.0,0.92,3.3,5.0,3.39,2.37,1.61,5.0,2.82,0.0,5.0,5.0,0.0,4.2,2.3,0
2026-01-30T12:28:02.105479,116,student_4_youtube_wjFILuh9u_4_6f4020b2_05273f46,youtube_wjFILuh9u_4_6f4020b2,jpn5,1,0.95,engaged,60.38,-0.0048,-0.0014,-0.007,0.0041,-0.0035,-0.0067,1.4,-160.41,118.76,201.56,1944.03,179.42,-19.28,-3.79,3.32,2.57,1.68,3.49,5.0,1.51,3.27,5.0,3.39,2.37,1.61,5.0,2.82,0.0,5.0,5.0,0.0,4.2,2.52,0
2026-01-30T12:28:03.134386,117,student_4_youtube_wjFILuh9u_4_6f4020b2_05273f46,youtube_wjFILuh9u_4_6f4020b2,jpn5,1,0.95,engaged,63.18,-0.0037,-0.0022,-0.0068,0.0051,-0.0053,-0.0065,-4.86,-151.27,116.53,197.76,1929.7,179.51,-19.73,-3.61,3.05,2.25,1.95,4.12,5.0,0.88,3.24,5.0,3.38,2.36,1.62,5.0,2.81,0.0,5.0,5.0,0.0,4.19,2.42,0
2026-01-30T12:28:04.177208,118,student_4_youtube_wjFILuh9u_4_6f4020b2_05273f46,youtube_wjFILuh9u_4_6f4020b2,jpn5,1,0.95,engaged,63.17,-0.0051,-0.0013,-0.0069,0.0049,-0.0051,-0.0066,0.04,-155.74,115.7,188.7,1908.71,-178.4,-20.46,-4.21,2.86,2.12,2.14,4.1,5.0,0.9,3.31,5.0,3.4,2.38,1.6,5.0,2.83,0.0,5.0,5.0,0.0,4.2,2.37,0
2026-01-30T12:28:05.192876,119,student_4_youtube_wjFILuh9u_4_6f4020b2_05273f46,youtube_wjFILuh9u_4_6f4020b2,jpn5,1,0.95,engaged,61.19,-0.0069,-0.0,-0.0071,0.0003,-0.0022,-0.0068,20.93,-170.97,94.33,186.39,1917.52,-179.01,-16.23,-4.93,3.4,2.61,1.6,3.67,5.0,1.33,3.28,5.0,3.42,2.4,1.58,5.0,2.85,0.0,5.0,5.0,0.0,4.21,2.54,0
2026-01-30T12:28:06.199481,120,student_4_youtube_wjFILuh9u_4_6f4020b2_05273f46,youtube_wjFILuh9u_4_6f4020b2,jpn5,1,0.95,engaged,61.7,-0.0045,-0.0006,-0.0071,0.0038,-0.0043,-0.0068,1.58,-161.57,105.43,204.1,1949.92,179.09,-17.66,-3.88,3.21,2.5,1.79,3.79,5.0,1.21,3.25,5.0,3.39,2.37,1.61,5.0,2.82,0.0,5.0,5.0,0.0,4.2,2.5,0
2026-01-30T12:28:07.225605,121,student_4_youtube_wjFILuh9u_4_6f4020b2_05273f46,youtube_wjFILuh9u_4_6f4020b2,jpn5,1,0.95,engaged,61.2,-0.0046,-0.001,-0.007,0.0021,-0.003,-0.0067,7.85,-163.8,102.71,195.37,1924.55,179.92,-17.88,-3.96,3.25,2.55,1.75,3.68,5.0,1.32,3.23,5.0,3.39,2.37,1.61,5.0,2.82,0.0,5.0,5.0,0.0,4.2,2.52,0
2026-01-30T12:28:08.256101,122,student_4_youtube_wjFILuh9u_4_6f4020b2_05273f46,youtube_wjFILuh9u_4_6f4020b2,jpn5,1,0.95,engaged,61.96,-0.0049,-0.0009,-0.0069,0.004,-0.0038,-0.0066,2.13,-161.22,105.85,184.91,1899.13,-178.61,-19.52,-4.22,2.82,2.1,2.18,3.81,5.0,1.19,3.29,5.0,3.42,2.4,1.58,5.0,2.85,0.0,5.0,5.0,0.0,4.21,2.37,0
2026-01-30T12:28:09.288624,123,student_4_youtube_wjFILuh9u_4_6f4020b2_05273f46,youtube_wjFILuh9u_4_6f4020b2,jpn5,1,0.95,engaged,61.67,-0.0027,-0.0015,-0.007,0.0048,-0.0043,-0.0068,-7.19,-157.96,103.76,188.97,1939.92,179.61,-17.66,-4.16,3.23,2.51,1.77,3.79,5.0,1.21,3.26,5.0,3.38,2.37,1.62,5.0,2.82,0.0,5.0,5.0,0.0,4.19,2.5,0
2026-01-30T12:28:10.349388,124,student_4_youtube_wjFILuh9u_4_6f4020b2_05273f46,youtube_wjFILuh9u_4_6f4020b2,jpn5,1,0.95,engaged,60.86,-0.0015,-0.0004,-0.007,0.0049,-0.0041,-0.0068,-11.86,-162.73,89.29,211.55,1950.76,179.28,-14.64,-5.16,3.34,2.62,1.66,3.66,5.0,1.34,3.23,5.0,3.26,2.28,1.74,5.0,2.72,0.0,5.0,5.0,0.0,4.13,2.54,0
2026-01-30T12:28:11.371415,125,student_4_youtube_wjFILuh9u_4_6f4020b2_05273f46,youtube_wjFILuh9u_4_6f4020b2,jpn5,1,0.95,engaged,61.65,-0.0045,-0.0015,-0.0068,0.0031,-0.0029,-0.0067,4.48,-162.25,31.27,240.87,1977.92,-177.08,-6.86,-6.39,2.98,2.16,2.02,3.78,5.0,1.22,3.38,5.0,3.33,2.33,1.67,5.0,2.78,0.0,5.0,5.0,0.0,4.17,2.39,0
2026-01-30T12:28:12.377335,126,student_4_youtube_wjFILuh9u_4_6f4020b2_05273f46,youtube_wjFILuh9u_4_6f4020b2,jpn5,1,0.95,engaged,62.27,-0.0137,-0.0022,-0.0068,-0.0037,-0.0014,-0.0068,-133.8,-165.14,-14.94,257.86,1962.49,-176.92,-4.39,-4.32,3.29,2.41,1.71,3.86,5.0,1.14,3.47,5.0,3.53,2.47,1.47,5.0,2.94,0.44,4.56,5.0,0.0,4.26,2.47,0
2026-01-30T12:28:13.404495,127,student_4_youtube_wjFILuh9u_4_6f4020b2_05273f46,youtube_wjFILuh9u_4_6f4020b2,jpn5,1,0.95,engaged,64.09,-0.0113,-0.0033,-0.0069,-0.0022,-0.0031,-0.0069,-141.81,-155.02,-26.09,261.99,1939.84,-174.92,-0.41,-3.9,3.26,2.37,1.74,4.28,5.0,0.72,3.48,5.0,3.53,2.47,1.47,5.0,2.94,0.0,5.0,5.0,0.0,4.26,2.46,0
2026-01-30T12:28:14.408657,128,student_4_youtube_wjFILuh9u_4_6f4020b2_05273f46,youtube_wjFILuh9u_4_6f4020b2,jpn5,1,0.95,engaged,63.38,-0.0132,-0.0033,-0.0066,0.0001,-0.0034,-0.0066,31.17,-153.07,-45.79,280.94,1979.42,-175.74,0.58,-3.9,3.17,2.26,1.83,4.21,5.0,0.79,3.54,5.0,3.28,2.3,1.72,5.0,2.73,0.13,4.87,5.0,0.0,4.14,2.42,0
2026-01-30T12:28:15.420159,129,student_4_youtube_wjFILuh9u_4_6f4020b2_05273f46,youtube_wjFILuh9u_4_6f4020b2,jpn5,1,0.95,engaged,63.32,-0.0067,-0.0026,-0.007,0.0004,-0.005,-0.0071,20.22,-152.02,-28.3,258.17,1905.83,-175.14,1.47,-2.64,3.38,2.38,1.62,4.18,5.0,0.82,3.59,5.0,3.34,2.34,1.66,5.0,2.78,0.06,4.94,5.0,0.0,4.17,2.46,0
2026-01-30T12:28:16.429626,130,student_4_youtube_wjFILuh9u_4_6f4020b2_05273f46,youtube_wjFILuh9u_4_6f4020b2,jpn5,1,0.95,engaged,64.15,-0.0078,-0.003,-0.0068,0.0005,-0.0052,-0.007,22.24,-149.77,-82.88,237.7,1853.9,-173.4,15.23,-4.05,3.26,2.17,1.74,4.32,5.0,0.68,3.64,5.0,3.43,2.4,1.57,5.0,2.85,0.0,5.0,5.0,0.0,4.21,2.39,0
2026-01-30T12:28:17.439515,131,student_4_youtube_wjFILuh9u_4_6f4020b2_05273f46,youtube_wjFILuh9u_4_6f4020b2,jpn5,1,0.95,engaged,64.09,-0.0071,-0.0032,-0.0068,0.0014,-0.0053,-0.007,17.17,-148.71,-68.2,233.9,1865.06,-174.23,10.42,-3.38,3.39,2.32,1.61,4.29,5.0,0.71,3.65,5.0,3.49,2.44,1.51,5.0,2.91,0.0,5.0,5.0,0.0,4.25,2.44,0
2026-01-30T12:28:18.457361,132,student_4_youtube_wjFILuh9u_4_6f4020b2_05273f46,youtube_wjFILuh9u_4_6f4020b2,jpn5,1,0.95,engaged,62.33,-0.0069,-0.004,-0.0068,0.0012,-0.0042,-0.0069,17.68,-148.86,-50.25,261.1,1922.56,-174.63,7.34,-2.78,3.51,2.53,1.49,3.94,5.0,1.06,3.55,5.0,3.39,2.37,1.61,5.0,2.82,0.08,4.92,5.0,0.0,4.2,2.51,0
2026-01-30T12:28:19.497254,133,student_4_youtube_wjFILuh9u_4_6f4020b2_05273f46,youtube_wjFILuh9u_4_6f4020b2,jpn5,1,0.95,engaged,63.44,-0.0066,-0.0029,-0.0068,0.001,-0.0051,-0.0069,18.08,-150.25,-67.7,245.42,1889.97,-175.94,13.69,-3.13,3.37,2.42,1.63,4.18,5.0,0.82,3.54,5.0,3.41,2.39,1.59,5.0,2.84,0.0,5.0,5.0,0.0,4.21,2.47,0
2026-01-30T12:28:20.524068,134,student_4_youtube_wjFILuh9u_4_6f4020b2_05273f46,youtube_wjFILuh9u_4_6f4020b2,jpn5,1,0.95,engaged,64.08,-0.0028,-0.0032,-0.0071,0.0064,-0.0029,-0.0071,-10.14,-156.8,38.01,242.6,1918.93,-174.67,-6.28,-0.42,4.08,2.99,0.92,4.27,5.0,0.73,3.57,5.0,3.66,2.56,1.34,5.0,3.05,0.25,4.75,5.0,0.0,4.33,2.66,0
2026-01-30T12:28:21.553752,135,student_4_youtube_wjFILuh9u_4_6f4020b2_05273f46,youtube_wjFILuh9u_4_6f4020b2,jpn5,1,0.95,engaged,63.0,-0.0066,-0.0037,-0.0067,-0.0002,-0.0045,-0.0069,-157.15,-149.24,-66.09,244.18,1895.22,-174.35,15.28,-3.31,3.21,2.29,1.79,4.01,5.0,0.99,3.58,4.91,3.55,2.48,1.45,5.0,2.95,0.4,4.6,5.0,0.0,4.28,2.43,0
2026-01-30T12:28:22.555847,136,student_4_youtube_wjFILuh9u_4_6f4020b2_05273f46,youtube_wjFILuh9u_4_6f4020b2,jpn5,1,0.95,engaged,62.57,-0.0074,-0.0026,-0.0069,0.0011,-0.0045,-0.007,19.21,-153.13,-73.08,257.76,1918.38,-175.55,14.67,-2.97,3.42,2.46,1.58,3.98,5.0,1.02,3.53,5.0,3.42,2.39,1.58,5.0,2.85,0.0,5.0,5.0,0.0,4.21,2.49,0
2026-01-30T12:28:23.584543,137,student_4_youtube_wjFILuh9u_4_6f4020b2_05273f46,youtube_wjFILuh9u_4_6f4020b2,jpn5,1,0.95,engaged,64.26,-0.0011,-0.0031,-0.007,0.0069,-0.0036,-0.007,-18.04,-154.51,50.12,251.66,1947.31,-176.04,-5.84,-0.28,3.61,2.65,1.39,4.35,5.0,0.65,3.48,5.0,3.51,2.46,1.49,5.0,2.93,0.2,4.8,5.0,0.0,4.25,2.55,0
2026-01-30T12:28:24.624632,138,student_4_youtube_wjFILuh9u_4_6f4020b2_05273f46,youtube_wjFILuh9u_4_6f4020b2,jpn5,1,0.95,engaged,63.37,-0.0093,-0.0045,-0.0066,-0.0015,-0.0034,-0.0066,-146.03,-149.23,-46.28,261.62,1976.89,-176.05,8.4,-2.73,3.19,2.28,1.81,4.12,5.0,0.88,3.47,5.0,3.49,2.44,1.51,5.0,2.91,0.3,4.7,5.0,0.0,4.25,2.43,0
2026-01-30T12:28:25.652144,139,student_4_youtube_wjFILuh9u_4_6f4020b2_05273f46,youtube_wjFILuh9u_4_6f4020b2,jpn5,1,0.95,engaged,61.37,-0.0095,-0.0035,-0.0065,-0.0,-0.0036,-0.0066,-152.11,-151.49,-49.53,301.36,2027.82,-177.93,-0.53,-3.39,2.57,1.78,2.43,3.68,5.0,1.32,3.32,5.0,3.34,2.34,1.66,5.0,2.78,0.0,5.0,5.0,0.0,4.17,2.26,0
2026-01-30T12:28:26.666671,140,student_4_youtube_wjFILuh9u_4_6f4020b2_05273f46,youtube_wjFILuh9u_4_6f4020b2,jpn5,1,0.95,engaged,63.22,-0.0054,-0.003,-0.0068,0.0026,-0.0042,-0.0066,8.49,-151.76,31.7,281.46,2028.74,-178.55,-11.67,-0.55,3.46,2.52,1.54,4.19,5.0,0.81,3.3,5.0,3.29,2.3,1.71,5.0,2.74,0.16,4.84,5.0,0.0,4.14,2.51,0
2026-01-30T12:28:27.673813,141,student_4_youtube_wjFILuh9u_4_6f4020b2_05273f46,youtube_wjFILuh9u_4_6f4020b2,jpn5,1,0.95,engaged,64.69,-0.002,-0.0032,-0.0067,0.0068,-0.0057,-0.0065,-14.8,-146.47,48.62,272.67,1993.09,-176.86,-14.88,-0.6,3.13,2.2,1.87,4.5,5.0,0.5,3.4,4.92,3.3,2.31,1.7,5.0,2.75,0.24,4.76,5.0,0.0,4.15,2.4,0
2026-01-30T12:28:28.698327,142,student_4_youtube_wjFILuh9u_4_6f4020b2_05273f46,youtube_wjFILuh9u_4_6f4020b2,jpn5,1,0.95,engaged,61.95,-0.0116,-0.0033,-0.0067,-0.0048,-0.008,-0.0067,-131.98,-141.78,-25.9,260.99,1970.76,-176.86,3.37,-4.3,3.22,2.4,1.78,3.8,5.0,1.2,3.39,5.0,3.49,2.44,1.51,5.0,2.91,0.3,4.7,5.0,0.0,4.25,2.47,0
2026-01-30T12:28:29.699373,143,student_4_youtube_wjFILuh9u_4_6f4020b2_05273f46,youtube_wjFILuh9u_4_6f4020b2,jpn5,1,0.95,engaged,64.5,-0.0036,-0.0035,-0.007,0.0037,-0.0051,-0.0069,-0.38,-148.62,29.65,230.61,1900.39,-174.26,-6.53,-3.99,3.33,2.29,1.67,4.38,5.0,0.62,3.7,5.0,3.5,2.45,1.5,5.0,2.92,0.16,4.84,5.0,0.0,4.25,2.43,0
2026-01-30T12:28:30.729993,144,student_4_youtube_wjFILuh9u_4_6f4020b2_05273f46,youtube_wjFILuh9u_4_6f4020b2,jpn5,1,0.95,engaged,51.14,-0.0043,0.0036,-0.0062,0.0029,0.0021,-0.0066,5.59,155.98,-121.08,312.33,1971.84,-179.33,19.88,2.29,5.0,4.99,0.0,1.52,5.0,3.48,3.53,5.0,3.43,2.4,1.57,5.0,2.85,0.43,4.57,5.0,0.0,4.21,3.33,1.96
2026-01-30T12:28:31.763612,145,student_4_youtube_wjFILuh9u_4_6f4020b2_05273f46,youtube_wjFILuh9u_4_6f4020b2,jpn5,1,0.95,engaged,66.09,-0.0031,-0.0032,-0.0059,0.0014,-0.0007,-0.0064,7.75,-162.67,-199.11,302.81,1918.46,179.58,26.93,0.11,4.47,3.42,0.53,5.0,5.0,0.0,3.37,5.0,3.11,2.18,1.89,5.0,2.59,0.1,4.9,5.0,0.0,4.05,2.81,0
2026-01-30T12:28:32.763934,146,student_4_youtube_wjFILuh9u_4_6f4020b2_05273f46,youtube_wjFILuh9u_4_6f4020b2,jpn5,1,0.95,engaged,59.95,0.0056,-0.015,-0.0059,0.0008,0.0005,-0.0064,154.81,32.01,-212.58,309.63,1948.49,176.36,21.17,3.23,5.0,4.08,0.0,3.48,5.0,1.52,3.33,5.0,3.46,2.42,1.54,5.0,2.88,0.44,4.56,5.0,0.0,4.23,3.03,0
2026-01-30T12:28:33.798341,147,student_4_youtube_wjFILuh9u_4_6f4020b2_05273f46,youtube_wjFILuh9u_4_6f4020b2,jpn5,1,0.95,partially_engaged,33.45,-0.0007,0.0032,-0.0062,-0.0001,0.0005,-0.0065,-176.43,164.29,-143.24,323.5,1978.98,179.64,9.39,4.88,5.0,5.0,0.0,0.72,5.0,4.28,3.45,5.0,3.35,2.35,1.65,5.0,2.79,0.67,4.33,5.0,5.0,4.17,3.33,8.56
2026-01-30T12:28:34.812452,148,student_4_youtube_wjFILuh9u_4_6f4020b2_05273f46,youtube_wjFILuh9u_4_6f4020b2,jpn5,1,0.95,engaged,64.15,-0.0033,-0.0025,-0.0062,0.0011,-0.0011,-0.0066,9.4,-164.16,-221.67,312.1,1950.15,-178.72,22.17,0.91,5.0,3.94,0.0,4.6,5.0,0.4,3.57,5.0,3.08,2.16,1.92,5.0,2.57,0.17,4.83,5.0,0.0,4.04,2.98,0
2026-01-30T12:28:35.816428,149,student_4_youtube_wjFILuh9u_4_6f4020b2_05273f46,youtube_wjFILuh9u_4_6f4020b2,jpn5,1,0.95,engaged,61.63,0.0036,-0.0037,-0.0066,0.0075,-0.0043,-0.0067,141.65,-149.25,-106.29,321.43,2020.02,-177.08,3.08,1.09,3.48,2.52,1.52,3.83,5.0,1.17,3.4,4.95,3.27,2.29,1.73,5.0,2.72,0.0,5.0,5.0,0.0,4.13,2.51,0
2026-01-30T12:28:36.840376,150,student_4_youtube_wjFILuh9u_4_6f4020b2_05273f46,youtube_wjFILuh9u_4_6f4020b2,jpn5,1,0.95,engaged,60.49,-0.0016,-0.0023,-0.0069,0.005,-0.003,-0.0064,-12.49,-157.92,73.12,344.38,2063.32,178.14,-21.67,2.9,4.34,3.46,0.66,3.69,5.0,1.31,3.2,5.0,3.14,2.2,1.86,5.0,2.61,0.19,4.81,5.0,0.0,4.07,2.82,0
2026-01-30T12:28:37.862819,151,student_4_youtube_wjFILuh9u_4_6f4020b2_05273f46,youtube_wjFILuh9u_4_6f4020b2,jpn5,1,0.95,engaged,63.59,-0.0009,-0.0031,-0.0067,0.004,-0.0034,-0.0064,-12.04,-153.84,64.39,334.17,2053.66,179.94,-19.17,2.35,3.81,2.84,1.19,4.36,5.0,0.64,3.31,5.0,3.14,2.2,1.86,5.0,2.62,0.06,4.94,5.0,0.0,4.07,2.61,0
2026-01-30T12:28:38.872928,152,student_4_youtube_wjFILuh9u_4_6f4020b2_05273f46,youtube_wjFILuh9u_4_6f4020b2,jpn5,1,0.95,engaged,62.27,-0.0048,-0.0028,-0.0063,0.0032,-0.0036,-0.0062,4.82,-152.85,16.02,414.45,2032.18,-172.85,-13.01,0.09,3.34,2.15,1.66,4.01,5.0,0.99,3.66,4.69,3.12,2.18,1.88,5.0,2.6,0.33,4.67,5.0,0.0,4.06,2.38,0
2026-01-30T12:28:39.895894,153,student_4_youtube_wjFILuh9u_4_6f4020b2_05273f46,youtube_wjFILuh9u_4_6f4020b2,jpn5,1,0.95,highly_engaged,79.56,0.0017,0.0003,-0.0064,-0.0022,-0.001,-0.0063,2.23,3.25,22.76,404.34,2141.93,-177.77,-14.67,0.55,4.07,3.12,0.93,2.51,5.0,2.49,3.29,4.56,3.17,2.22,1.83,5.0,2.64,0.05,4.95,5.0,0.0,4.08,2.71,0
2026-01-30T12:28:40.904485,154,student_4_youtube_wjFILuh9u_4_6f4020b2_05273f46,youtube_wjFILuh9u_4_6f4020b2,jpn5,1,0.95,engaged,60.41,-0.0028,-0.0023,-0.0065,0.0046,-0.0026,-0.0063,-6.26,-159.0,17.72,355.71,2088.84,179.69,-12.39,0.78,3.26,2.34,1.74,3.54,5.0,1.46,3.3,5.0,3.25,2.27,1.75,5.0,2.71,0.0,5.0,5.0,0.0,4.12,2.45,0
2026-01-30T12:28:41.930406,155,student_4_youtube_wjFILuh9u_4_6f4020b2_05273f46,youtube_wjFILuh9u_4_6f4020b2,jpn5,1,0.95,engaged,65.43,-0.0029,-0.0046,-0.0068,0.0038,-0.0024,-0.0064,-3.85,-152.61,81.21,334.15,1987.77,-176.64,-21.0,5.23,3.35,2.3,1.65,4.74,5.0,0.26,3.47,5.0,3.15,2.21,1.85,5.0,2.63,0.45,4.55,5.0,0.0,4.08,2.43,0
2026-01-30T12:28:42.969321,156,student_4_youtube_wjFILuh9u_4_6f4020b2_05273f46,youtube_wjFILuh9u_4_6f4020b2,jpn5,1,0.95,engaged,66.6,-0.0115,-0.0046,-0.0068,-0.0038,-0.0051,-0.0064,-134.85,-143.67,58.71,338.93,1987.21,179.91,-19.51,3.66,4.39,3.25,0.61,5.0,5.0,0.0,3.49,5.0,3.36,2.35,1.64,5.0,2.8,0.43,4.57,5.0,0.0,4.18,2.75,0
2026-01-30T12:28:43.994530,157,student_4_youtube_wjFILuh9u_4_6f4020b2_05273f46,youtube_wjFILuh9u_4_6f4020b2,jpn5,1,0.95,engaged,59.58,-0.0006,-0.002,-0.0066,0.0038,-0.0012,-0.0063,-13.16,-166.36,24.17,354.51,2061.01,179.07,-15.16,3.31,4.39,3.33,0.61,3.37,5.0,1.63,3.33,5.0,3.38,2.37,1.62,5.0,2.82,0.9,4.1,5.0,0.0,4.19,2.78,0
2026-01-30T12:28:45.016539,158,student_4_youtube_wjFILuh9u_4_6f4020b2_05273f46,youtube_wjFILuh9u_4_6f4020b2,jpn5,1,0.95,engaged,52.48,0.0032,0.0013,-0.0069,0.0003,0.0039,-0.0065,166.06,159.16,49.13,353.89,2035.16,-176.99,-16.4,2.67,5.0,5.0,0.0,1.91,5.0,3.09,3.42,5.0,3.23,2.26,1.77,5.0,2.69,0.18,4.82,5.0,0.0,4.12,3.33,1.18
2026-01-30T12:28:46.025489,159,student_4_youtube_wjFILuh9u_4_6f4020b2_05273f46,youtube_wjFILuh9u_4_6f4020b2,jpn5,1,0.95,engaged,58.86,-0.0035,-0.0021,-0.0067,0.0023,-0.0027,-0.0065,4.09,-160.08,25.65,331.13,2000.03,-178.98,-15.46,1.57,4.62,3.59,0.38,3.23,5.0,1.77,3.47,5.0,3.36,2.35,1.64,5.0,2.8,0.16,4.84,5.0,0.0,4.18,2.86,0
2026-01-30T12:28:47.055789,160,student_4_youtube_wjFILuh9u_4_6f4020b2_05273f46,youtube_wjFILuh9u_4_6f4020b2,jpn5,1,0.95,engaged,64.85,0.0003,-0.0046,-0.0068,0.0048,-0.0041,-0.0065,160.49,-146.97,50.1,362.32,2023.75,179.65,-17.05,2.44,3.23,2.28,1.77,4.6,5.0,0.4,3.39,5.0,3.17,2.22,1.83,5.0,2.64,0.63,4.37,5.0,0.0,4.08,2.43,0
2026-01-30T12:28:48.096590,161,student_4_youtube_wjFILuh9u_4_6f4020b2_05273f46,youtube_wjFILuh9u_4_6f4020b2,jpn5,1,0.95,engaged,60.98,-0.0019,-0.0028,-0.0067,0.0036,-0.0037,-0.0065,-6.75,-154.02,47.75,344.2,2055.72,177.71,-16.2,2.29,4.01,3.09,0.99,3.79,5.0,1.21,3.29,5.0,3.11,2.18,1.89,5.0,2.6,0.0,5.0,5.0,0.0,4.05,2.7,0
2026-01-30T12:28:49.118914,162,student_4_youtube_wjFILuh9u_4_6f4020b2_05273f46,youtube_wjFILuh9u_4_6f4020b2,jpn5,1,0.95,engaged,61.96,-0.0014,-0.0019,-0.0068,0.0035,-0.0041,-0.0065,-8.22,-156.05,47.56,334.47,2051.37,179.49,-15.95,1.97,4.1,3.15,0.9,4.0,5.0,1.0,3.33,4.94,3.16,2.21,1.84,5.0,2.63,0.41,4.59,5.0,0.0,4.08,2.72,0
2026-01-30T12:28:50.137185,163,student_4_youtube_wjFILuh9u_4_6f4020b2_05273f46,youtube_wjFILuh9u_4_6f4020b2,jpn5,1,0.95,engaged,57.11,0.0011,-0.0012,-0.0067,0.0051,-0.003,-0.0065,155.9,-162.43,49.49,336.0,2065.53,179.51,-16.33,2.26,4.99,3.99,0.01,2.94,5.0,2.06,3.32,4.98,3.16,2.21,1.84,5.0,2.63,0.19,4.81,5.0,0.0,4.08,3.0,0
2026-01-30T12:28:51.147366,164,student_4_youtube_wjFILuh9u_4_6f4020b2_05273f46,youtube_wjFILuh9u_4_6f4020b2,jpn5,1,0.95,engaged,62.15,-0.0018,-0.0031,-0.0066,0.0045,-0.0033,-0.0064,-10.36,-153.98,57.93,303.77,2013.51,176.75,-18.41,2.84,3.93,2.96,1.07,3.99,5.0,1.01,3.29,5.0,3.25,2.28,1.75,5.0,2.71,0.0,5.0,5.0,0.0,4.12,2.65,0
2026-01-30T12:28:52.167900,165,student_4_youtube_wjFILuh9u_4_6f4020b2_05273f46,youtube_wjFILuh9u_4_6f4020b2,jpn5,1,0.95,engaged,66.17,-0.0091,-0.0045,-0.0067,-0.0029,-0.0047,-0.0065,-141.16,-145.18,32.53,292.35,1986.73,177.95,-17.34,1.15,3.4,2.48,1.6,4.88,5.0,0.12,3.31,5.0,3.26,2.28,1.74,5.0,2.72,0.0,5.0,5.0,0.0,4.13,2.49,0
2026-01-30T12:28:53.214361,166,student_4_youtube_wjFILuh9u_4_6f4020b2_05273f46,youtube_wjFILuh9u_4_6f4020b2,jpn5,1,0.95,engaged,63.17,-0.0037,-0.0029,-0.0067,0.0017,-0.0026,-0.0065,7.2,-157.21,37.88,335.64,2073.75,178.02,-13.79,1.34,3.63,2.73,1.37,4.21,5.0,0.79,3.24,5.0,3.25,2.27,1.75,5.0,2.7,0.4,4.6,5.0,0.0,4.12,2.58,0
2026-01-30T12:28:54.233416,167,student_4_youtube_wjFILuh9u_4_6f4020b2_05273f46,youtube_wjFILuh9u_4_6f4020b2,jpn5,1,0.95,engaged,63.29,-0.0091,-0.0044,-0.0066,-0.0013,-0.0049,-0.0063,-147.25,-144.3,44.86,301.72,2029.03,178.07,-17.8,1.63,3.34,2.44,1.66,4.24,5.0,0.76,3.32,5.0,3.19,2.23,1.81,5.0,2.65,0.13,4.87,5.0,0.0,4.09,2.48,0
2026-01-30T12:28:55.257513,168,student_4_youtube_wjFILuh9u_4_6f4020b2_05273f46,youtube_wjFILuh9u_4_6f4020b2,jpn5,1,0.95,engaged,65.67,-0.0088,-0.0034,-0.0067,-0.0023,-0.0044,-0.0065,-144.01,-149.33,27.06,298.02,2024.0,179.41,-15.97,1.09,3.29,2.37,1.71,4.8,5.0,0.2,3.32,5.0,3.16,2.22,1.84,5.0,2.64,0.11,4.89,5.0,0.0,4.08,2.46,0
2026-01-30T12:28:56.264964,169,student_4_youtube_wjFILuh9u_4_6f4020b2_05273f46,youtube_wjFILuh9u_4_6f4020b2,jpn5,1,0.95,engaged,61.87,-0.0003,-0.0037,-0.0067,0.0046,-0.0042,-0.0065,-16.48,-149.27,38.26,331.46,2091.91,179.85,-12.56,2.27,3.83,2.89,1.17,3.95,5.0,1.05,3.23,5.0,3.18,2.22,1.82,5.0,2.65,0.41,4.59,5.0,0.0,4.09,2.63,0
2026-01-30T12:28:57.288969,170,student_4_youtube_wjFILuh9u_4_6f4020b2_05273f46,youtube_wjFILuh9u_4_6f4020b2,jpn5,1,0.95,engaged,66.42,-0.0011,-0.0041,-0.0066,0.003,-0.0033,-0.0064,-8.0,-150.39,57.47,329.55,2049.66,179.55,-15.29,2.98,2.95,2.09,2.05,4.98,5.0,0.02,3.27,5.0,3.09,2.16,1.91,5.0,2.57,0.83,4.17,5.0,0.0,4.04,2.36,0
2026-01-30T12:28:58.320247,171,student_4_youtube_wjFILuh9u_4_6f4020b2_05273f46,youtube_wjFILuh9u_4_6f4020b2,jpn5,1,0.95,engaged,64.93,-0.0024,-0.0038,-0.0067,0.0028,-0.0031,-0.0065,-1.92,-152.7,45.31,316.41,2045.0,-179.04,-13.97,2.29,3.81,2.81,1.19,4.65,5.0,0.35,3.37,5.0,3.19,2.24,1.81,5.0,2.66,0.44,4.56,5.0,0.0,4.09,2.6,0
2026-01-30T12:28:59.321262,172,student_4_youtube_wjFILuh9u_4_6f4020b2_05273f46,youtube_wjFILuh9u_4_6f4020b2,jpn5,1,0.95,engaged,66.7,-0.0041,-0.0041,-0.0067,0.0023,-0.0047,-0.0065,5.93,-146.26,52.44,304.72,1995.45,-178.87,-18.28,2.57,2.78,1.84,2.22,5.0,5.0,0.0,3.44,5.0,3.15,2.21,1.85,5.0,2.63,0.67,4.33,5.0,0.0,4.08,2.28,0
2026-01-30T12:29:00.353175,173,student_4_youtube_wjFILuh9u_4_6f4020b2_05273f46,youtube_wjFILuh9u_4_6f4020b2,jpn5,1,0.95,engaged,62.82,-0.002,-0.003,-0.0067,0.0039,-0.0038,-0.0064,-7.56,-152.57,51.73,316.83,2068.89,179.3,-16.72,2.79,3.82,2.89,1.18,4.18,5.0,0.82,3.29,5.0,3.15,2.2,1.85,5.0,2.62,0.47,4.53,5.0,0.0,4.08,2.63,0
2026-01-30T12:29:01.355672,174,student_4_youtube_wjFILuh9u_4_6f4020b2_05273f46,youtube_wjFILuh9u_4_6f4020b2,jpn5,1,0.95,engaged,66.4,-0.0019,-0.0033,-0.0065,0.0034,-0.0041,-0.0063,-6.07,-150.03,46.93,352.03,2063.35,179.27,-14.62,3.17,3.09,2.14,1.91,5.0,5.0,0.0,3.26,5.0,3.04,2.13,1.96,5.0,2.54,0.71,4.29,5.0,0.0,4.02,2.38,0
2026-01-30T12:29:02.385751,175,student_4_youtube_wjFILuh9u_4_6f4020b2_05273f46,youtube_wjFILuh9u_4_6f4020b2,jpn5,1,0.95,engaged,65.52,-0.0016,-0.0019,-0.0065,0.0035,-0.0019,-0.0063,-7.63,-163.68,39.56,328.53,2063.18,179.21,-13.35,2.86,3.49,2.54,1.51,4.76,5.0,0.24,3.26,5.0,3.2,2.24,1.8,5.0,2.67,0.18,4.82,5.0,0.0,4.1,2.51,0
2026-01-30T12:29:03.407743,176,student_4_youtube_wjFILuh9u_4_6f4020b2_05273f46,youtube_wjFILuh9u_4_6f4020b2,jpn5,1,0.95,engaged,66.37,-0.0012,-0.0034,-0.0066,0.0044,-0.0025,-0.0063,-12.16,-155.89,41.56,317.3,2028.14,-178.97,-14.86,3.3,3.19,2.26,1.81,4.93,5.0,0.07,3.41,5.0,3.21,2.25,1.79,5.0,2.67,0.35,4.65,5.0,0.0,4.11,2.42,0
2026-01-30T12:29:04.411188,177,student_4_youtube_wjFILuh9u_4_6f4020b2_05273f46,youtube_wjFILuh9u_4_6f4020b2,jpn5,1,0.95,engaged,64.67,-0.0005,-0.0036,-0.0066,0.0033,-0.0032,-0.0064,-11.48,-152.27,37.49,354.94,2095.91,179.47,-12.46,2.65,3.55,2.61,1.45,4.63,5.0,0.37,3.25,5.0,3.05,2.14,1.95,5.0,2.54,0.45,4.55,5.0,0.0,4.03,2.54,0
2026-01-30T12:29:05.433657,178,student_4_youtube_wjFILuh9u_4_6f4020b2_05273f46,youtube_wjFILuh9u_4_6f4020b2,jpn5,1,0.95,engaged,66.43,-0.0023,-0.0032,-0.0065,0.0032,-0.0034,-0.0062,-3.96,-152.72,39.46,322.67,2051.7,179.32,-14.94,2.91,3.19,2.27,1.81,5.0,5.0,0.0,3.3,5.0,3.08,2.16,1.92,5.0,2.57,0.15,4.85,5.0,0.0,4.04,2.42,0
2026-01-30T12:29:06.446002,179,student_4_youtube_wjFILuh9u_4_6f4020b2_05273f46,youtube_wjFILuh9u_4_6f4020b2,jpn5,1,0.95,engaged,66.49,-0.0032,-0.0035,-0.0065,0.0037,-0.0034,-0.0063,-2.35,-151.47,43.13,314.94,2032.4,-179.7,-17.9,3.06,2.7,1.8,2.3,5.0,5.0,0.0,3.34,5.0,3.03,2.12,1.97,5.0,2.53,0.08,4.92,5.0,0.0,4.01,2.27,0
2026-01-30T12:29:07.463910,180,student_4_youtube_wjFILuh9u_4_6f4020b2_05273f46,youtube_wjFILuh9u_4_6f4020b2,jpn5,1,0.95,engaged,66.4,-0.0035,-0.0032,-0.0065,0.0026,-0.004,-0.0063,2.96,-150.54,40.46,330.72,2074.58,179.94,-15.8,2.98,2.92,2.01,2.08,5.0,5.0,0.0,3.25,5.0,3.02,2.12,1.98,5.0,2.52,0.23,4.77,5.0,0.0,4.01,2.34,0
2026-01-30T12:29:08.497431,181,student_4_youtube_wjFILuh9u_4_6f4020b2_05273f46,youtube_wjFILuh9u_4_6f4020b2,jpn5,1,0.95,engaged,66.4,-0.0084,-0.0038,-0.0065,-0.0026,-0.0039,-0.0063,-142.5,-148.7,32.71,329.26,2068.62,177.72,-16.14,3.06,3.17,2.22,1.83,5.0,5.0,0.0,3.23,5.0,3.06,2.14,1.94,5.0,2.55,0.48,4.52,5.0,0.0,4.03,2.41,0
2026-01-30T12:29:09.582065,182,student_4_youtube_wjFILuh9u_4_6f4020b2_05273f46,youtube_wjFILuh9u_4_6f4020b2,jpn5,1,0.95,highly_engaged,87.15,-0.0056,0.0033,-0.0052,0.0019,-0.0031,-0.0056,14.19,-1.68,311.16,-355.39,-2130.05,-165.04,44.5,178.18,4.02,3.19,0.98,4.54,4.6,0.46,3.29,5.0,3.12,2.18,1.88,5.0,2.6,0.0,5.0,5.0,0.0,3.86,2.73,0
2026-01-30T12:29:10.519885,183,student_4_youtube_wjFILuh9u_4_6f4020b2_05273f46,youtube_wjFILuh9u_4_6f4020b2,jpn5,1,0.95,engaged,64.55,-0.0034,-0.0018,-0.0054,0.0037,-0.0023,-0.006,0.3,-160.14,-326.06,347.77,1964.29,-178.41,26.79,-11.11,3.65,2.75,1.35,4.71,5.0,0.29,3.47,5.0,2.82,1.97,2.18,5.0,2.35,0.11,4.89,5.0,0.0,3.91,2.58,0
2026-01-30T12:29:11.559927,184,student_4_youtube_wjFILuh9u_4_6f4020b2_05273f46,youtube_wjFILuh9u_4_6f4020b2,jpn5,1,0.95,engaged,64.24,0.0006,-0.0023,-0.0066,0.0047,-0.0017,-0.0064,159.25,-163.08,-54.11,339.83,2019.2,175.36,-15.12,1.75,4.37,3.37,0.63,4.5,5.0,0.5,3.29,5.0,3.27,2.29,1.73,5.0,2.73,1.01,3.99,5.0,0.0,4.13,2.79,0
2026-01-30T12:29:12.584398,185,student_4_youtube_wjFILuh9u_4_6f4020b2_05273f46,youtube_wjFILuh9u_4_6f4020b2,jpn5,1,0.95,engaged,66.0,-0.0028,-0.0032,-0.0066,0.0027,-0.003,-0.0065,0.19,-154.75,-42.17,339.38,2035.07,-178.76,-10.19,-0.89,3.8,2.84,1.2,4.92,5.0,0.08,3.45,5.0,3.14,2.2,1.86,5.0,2.61,0.31,4.69,5.0,0.0,4.07,2.61,0
2026-01-30T12:29:13.597605,186,student_4_youtube_wjFILuh9u_4_6f4020b2_05273f46,youtube_wjFILuh9u_4_6f4020b2,jpn5,1,0.95,engaged,66.22,-0.0065,-0.0024,-0.0064,-0.0024,-0.0036,-0.0065,-147.27,-155.22,-95.3,295.8,2035.63,-179.99,1.44,-3.39,3.75,2.85,1.25,4.98,5.0,0.02,3.31,5.0,3.12,2.18,1.88,5.0,2.6,0.0,5.0,5.0,0.0,4.06,2.62,0
2026-01-30T12:29:14.619640,187,student_4_youtube_wjFILuh9u_4_6f4020b2_05273f46,youtube_wjFILuh9u_4_6f4020b2,jpn5,1,0.95,engaged,65.57,-0.0076,-0.0036,-0.0065,-0.0021,-0.0034,-0.0064,-146.35,-151.49,-18.85,294.8,2045.91,178.43,-12.82,2.79,4.31,3.33,0.69,4.86,5.0,0.14,3.29,5.0,3.14,2.2,1.86,5.0,2.62,0.32,4.68,5.0,0.0,4.07,2.78,0
2026-01-30T12:29:15.644348,188,student_4_youtube_wjFILuh9u_4_6f4020b2_05273f46,youtube_wjFILuh9u_4_6f4020b2,jpn5,1,0.95,engaged,63.28,-0.0011,-0.0019,-0.0066,0.0033,-0.0014,-0.0065,-8.69,-165.75,-9.81,341.59,2092.86,178.24,-10.01,3.77,4.47,3.57,0.53,4.38,5.0,0.62,3.23,5.0,3.06,2.14,1.94,5.0,2.55,0.3,4.7,5.0,0.0,4.03,2.86,0
2026-01-30T12:29:16.652288,189,student_4_youtube_wjFILuh9u_4_6f4020b2_05273f46,youtube_wjFILuh9u_4_6f4020b2,jpn5,1,0.95,engaged,63.87,-0.0002,-0.0013,-0.0066,0.0033,-0.0009,-0.0065,-12.49,-170.53,-14.33,325.68,2068.22,178.97,-8.89,3.13,4.37,3.53,0.63,4.44,5.0,0.56,3.3,5.0,3.23,2.26,1.77,5.0,2.69,0.46,4.54,5.0,0.0,4.12,2.84,0
2026-01-30T12:29:17.672431,190,student_4_youtube_wjFILuh9u_4_6f4020b2_05273f46,youtube_wjFILuh9u_4_6f4020b2,jpn5,1,0.95,engaged,62.03,-0.0017,-0.0022,-0.0066,0.0034,-0.0036,-0.0065,-6.61,-156.22,-11.24,312.44,2058.84,177.77,-11.43,3.09,4.59,3.68,0.41,4.03,5.0,0.97,3.3,5.0,3.22,2.25,1.78,5.0,2.68,0.0,5.0,5.0,0.0,4.11,2.89,0
2026-01-30T12:29:18.699374,191,student_4_youtube_wjFILuh9u_4_6f4020b2_05273f46,youtube_wjFILuh9u_4_6f4020b2,jpn5,1,0.95,engaged,65.9,0.0001,-0.0036,-0.0066,0.004,-0.0032,-0.0065,163.92,-152.6,-17.49,315.99,2062.78,179.91,-8.56,2.42,3.58,2.64,1.42,4.89,5.0,0.11,3.3,5.0,3.12,2.19,1.88,5.0,2.6,0.39,4.61,5.0,0.0,4.06,2.55,0
2026-01-30T12:29:19.706373,192,student_4_youtube_wjFILuh9u_4_6f4020b2_05273f46,youtube_wjFILuh9u_4_6f4020b2,jpn5,1,0.95,engaged,65.45,-0.0016,-0.0025,-0.0064,0.0028,-0.0031,-0.0062,-5.12,-155.89,6.83,330.91,2054.87,178.52,-13.81,1.83,3.36,2.48,1.64,4.77,5.0,0.23,3.24,5.0,3.13,2.19,1.87,5.0,2.61,0.0,5.0,5.0,0.0,4.06,2.49,0
2026-01-30T12:29:20.729441,193,student_4_youtube_wjFILuh9u_4_6f4020b2_05273f46,youtube_wjFILuh9u_4_6f4020b2,jpn5,1,0.95,engaged,65.87,-0.0012,-0.0028,-0.0065,0.0031,-0.0031,-0.0064,-7.99,-155.35,2.59,311.07,2041.76,176.85,-12.41,1.4,3.15,2.32,1.85,4.77,5.0,0.23,3.17,5.0,3.33,2.33,1.67,5.0,2.78,0.0,5.0,5.0,0.0,4.17,2.44,0
2026-01-30T12:29:21.770558,194,student_4_youtube_wjFILuh9u_4_6f4020b2_05273f46,youtube_wjFILuh9u_4_6f4020b2,jpn5,1,0.95,engaged,64.32,-0.0021,-0.0026,-0.0065,0.0023,-0.0031,-0.0064,-0.97,-156.09,1.77,295.63,2063.07,177.81,-12.87,1.68,3.36,2.48,1.64,4.46,5.0,0.54,3.18,5.0,3.24,2.27,1.76,5.0,2.7,0.84,4.16,5.0,0.0,4.12,2.49,0
2026-01-30T12:29:22.795894,195,student_4_youtube_wjFILuh9u_4_6f4020b2_05273f46,youtube_wjFILuh9u_4_6f4020b2,jpn5,1,0.95,engaged,62.97,-0.0026,-0.0033,-0.0067,0.001,-0.0029,-0.0065,6.37,-155.03,0.84,300.69,2076.9,177.76,-12.76,0.94,3.69,2.79,1.31,4.17,5.0,0.83,3.15,5.0,3.25,2.27,1.75,5.0,2.71,0.44,4.56,5.0,0.0,4.12,2.6,0
2026-01-30T12:29:23.819284,196,student_4_youtube_wjFILuh9u_4_6f4020b2_05273f46,youtube_wjFILuh9u_4_6f4020b2,jpn5,1,0.95,engaged,61.85,-0.0004,-0.0038,-0.0066,0.0057,-0.0019,-0.0063,-19.49,-156.54,53.49,377.71,2090.25,174.65,-19.86,7.61,4.3,3.35,0.7,4.05,5.0,0.95,3.14,5.0,3.01,2.11,1.99,5.0,2.51,0.0,5.0,5.0,0.0,4.0,2.78,0
2026-01-30T12:29:24.841590,197,student_4_youtube_wjFILuh9u_4_6f4020b2_05273f46,youtube_wjFILuh9u_4_6f4020b2,jpn5,1,0.95,engaged,63.17,-0.0006,-0.0027,-0.0065,0.0035,-0.0024,-0.0062,-11.95,-158.4,47.43,364.96,2100.42,173.67,-16.31,7.29,4.21,3.33,0.79,4.29,5.0,0.71,3.1,5.0,3.17,2.22,1.83,5.0,2.64,0.0,5.0,5.0,0.0,4.08,2.78,0
2026-01-30T12:29:25.851342,198,student_4_youtube_wjFILuh9u_4_6f4020b2_05273f46,youtube_wjFILuh9u_4_6f4020b2,jpn5,1,0.95,engaged,63.49,-0.0088,-0.0032,-0.0064,-0.0029,-0.0039,-0.0063,-140.64,-151.07,-12.66,356.79,2090.52,176.18,-8.15,1.63,3.42,2.62,1.58,4.26,5.0,0.74,3.18,5.0,3.29,2.3,1.71,5.0,2.74,0.22,4.78,5.0,0.0,4.14,2.54,0
2026-01-30T12:29:26.889307,199,student_4_youtube_wjFILuh9u_4_6f4020b2_05273f46,youtube_wjFILuh9u_4_6f4020b2,jpn5,1,0.95,engaged,61.68,-0.0025,-0.0034,-0.0063,0.0041,-0.0034,-0.0061,-6.22,-150.94,35.11,369.15,2156.2,177.64,-16.84,1.07,3.68,2.82,1.32,4.0,5.0,1.0,3.14,4.99,2.94,2.06,2.06,5.0,2.45,0.3,4.7,5.0,0.0,3.97,2.61,0
2026-01-30T12:29:27.912604,200,student_4_youtube_wjFILuh9u_4_6f4020b2_05273f46,youtube_wjFILuh9u_4_6f4020b2,jpn5,1,0.95,engaged,64.23,-0.0077,-0.0023,-0.0064,-0.0029,-0.0036,-0.0063,-142.42,-155.32,-3.88,341.85,2105.02,175.63,-11.71,-0.52,2.87,2.11,2.13,4.42,5.0,0.58,3.06,5.0,3.22,2.25,1.78,5.0,2.68,0.21,4.79,5.0,0.0,4.11,2.37,0
2026-01-30T12:29:28.938444,201,student_4_youtube_wjFILuh9u_4_6f4020b2_05273f46,youtube_wjFILuh9u_4_6f4020b2,jpn5,1,0.95,engaged,64.26,-0.007,-0.0044,-0.0064,-0.0023,-0.004,-0.0063,-145.98,-146.49,-19.91,314.09,2091.13,177.2,-11.29,-1.35,3.02,2.25,1.98,4.5,5.0,0.5,3.16,5.0,3.07,2.15,1.93,5.0,2.55,0.0,5.0,5.0,0.0,4.04,2.42,0
2026-01-30T12:29:29.945691,202,student_4_youtube_wjFILuh9u_4_6f4020b2_05273f46,youtube_wjFILuh9u_4_6f4020b2,jpn5,1,0.95,engaged,64.76,-0.0084,-0.0017,-0.0064,-0.002,-0.0042,-0.0064,-145.02,-155.99,-49.19,320.41,2091.23,179.88,-7.45,-2.43,3.07,2.24,1.93,4.59,5.0,0.41,3.22,5.0,3.13,2.19,1.87,5.0,2.61,0.21,4.79,5.0,0.0,4.06,2.41,0
2026-01-30T12:29:30.947265,203,student_4_youtube_wjFILuh9u_4_6f4020b2_05273f46,youtube_wjFILuh9u_4_6f4020b2,jpn5,1,0.95,engaged,64.57,-0.0086,-0.002,-0.0063,-0.0039,-0.0052,-0.0064,-137.49,-151.83,-134.47,353.19,2080.81,-179.54,5.87,-5.71,2.66,1.82,2.34,4.55,5.0,0.45,3.19,5.0,3.04,2.13,1.96,5.0,2.53,0.2,4.8,5.0,0.0,4.02,2.27,0
2026-01-30T12:29:31.961115,204,student_4_youtube_wjFILuh9u_4_6f4020b2_05273f46,youtube_wjFILuh9u_4_6f4020b2,jpn5,1,0.95,engaged,63.25,-0.0049,-0.0017,-0.0056,-0.0029,-0.0033,-0.0062,-146.88,-157.65,-295.89,363.62,1981.42,-179.38,21.93,-9.76,2.32,1.5,2.68,4.16,5.0,0.84,3.4,5.0,3.19,2.24,1.81,5.0,2.66,0.0,5.0,5.0,0.0,4.09,2.17,0
2026-01-30T12:29:32.971527,205,student_4_youtube_wjFILuh9u_4_6f4020b2_05273f46,youtube_wjFILuh9u_4_6f4020b2,jpn5,1,0.95,engaged,62.88,-0.0045,0.0001,-0.005,0.002,-0.0069,-0.0056,11.38,25.05,480.24,-440.47,-2075.94,-158.55,55.9,178.81,2.18,1.32,2.82,4.26,5.0,0.74,3.37,5.0,2.71,1.9,2.29,5.0,2.26,0.0,5.0,5.0,0.0,3.85,2.11,0
2026-01-30T12:29:33.992669,206,student_4_youtube_wjFILuh9u_4_6f4020b2_05273f46,youtube_wjFILuh9u_4_6f4020b2,jpn5,1,0.95,partially_engaged,33.4,-0.0017,0.0037,-0.0058,-0.003,0.0002,-0.0065,-159.62,162.68,-377.04,379.08,1993.77,-178.39,19.03,-10.09,4.79,3.85,0.21,0.76,5.0,4.24,3.47,5.0,2.9,2.03,2.1,5.0,2.42,0.17,4.83,5.0,5.0,3.95,2.95,8.48
2026-01-30T12:29:35.002786,207,student_4_youtube_wjFILuh9u_4_6f4020b2_05273f46,youtube_wjFILuh9u_4_6f4020b2,jpn5,1,0.95,engaged,63.39,-0.0023,-0.0044,-0.0058,0.0008,-0.0065,-0.006,7.14,-137.79,-274.1,362.46,1949.69,-179.63,18.44,-3.5,4.41,3.45,0.59,4.37,5.0,0.63,3.14,5.0,3.12,2.18,1.88,5.0,2.6,0.1,4.9,5.0,0.0,4.06,2.82,0
2026-01-30T12:29:36.024694,208,student_4_youtube_wjFILuh9u_4_6f4020b2_05273f46,youtube_wjFILuh9u_4_6f4020b2,jpn5,1,0.95,highly_engaged,76.1,-0.0036,0.0003,-0.006,0.001,-0.0037,-0.0064,11.01,13.91,-271.39,336.49,1872.71,-174.22,22.87,-1.41,4.88,3.66,0.12,4.66,5.0,0.34,3.74,5.0,2.86,2.0,2.14,5.0,2.39,0.0,5.0,5.0,0.0,3.93,2.89,0
2026-01-30T12:29:37.026843,209,student_4_youtube_wjFILuh9u_4_6f4020b2_05273f46,youtube_wjFILuh9u_4_6f4020b2,jpn5,1,0.95,engaged,62.41,-0.005,-0.0028,-0.0062,0.0023,-0.0032,-0.0065,9.78,-154.48,-246.49,317.73,1954.13,-176.87,19.88,-2.66,3.43,2.36,1.57,4.11,5.0,0.89,3.47,5.0,2.99,2.09,2.01,5.0,2.49,0.0,5.0,5.0,0.0,4.0,2.45,0
2026-01-30T12:29:38.025671,210,student_4_youtube_wjFILuh9u_4_6f4020b2_05273f46,youtube_wjFILuh9u_4_6f4020b2,jpn5,1,0.95,engaged,61.2,-0.0025,-0.0056,-0.0058,-0.0021,-0.0045,-0.0062,-159.36,-140.31,-292.82,347.74,1980.26,-178.32,21.41,-7.59,2.28,1.45,2.72,3.75,5.0,1.25,3.24,5.0,3.02,2.11,1.98,5.0,2.52,0.26,4.74,5.0,0.0,4.01,2.15,0
2026-01-30T12:29:39.061141,211,student_4_youtube_wjFILuh9u_4_6f4020b2_05273f46,youtube_wjFILuh9u_4_6f4020b2,jpn5,1,0.95,engaged,60.37,-0.0019,-0.0028,-0.0066,0.0037,-0.0037,-0.0063,-6.84,-153.46,-22.31,345.86,2060.89,176.58,-20.85,1.26,3.82,2.92,1.18,3.6,5.0,1.4,3.14,5.0,3.19,2.23,1.81,5.0,2.66,0.05,4.95,5.0,0.0,4.09,2.64,0
2026-01-30T12:29:40.074208,212,student_4_youtube_wjFILuh9u_4_6f4020b2_05273f46,youtube_wjFILuh9u_4_6f4020b2,jpn5,1,0.95,engaged,62.49,-0.004,-0.0011,-0.0065,0.0045,-0.0035,-0.0063,-1.91,-160.33,-12.83,335.35,2066.8,177.92,-19.18,0.63,3.42,2.55,1.58,4.14,5.0,0.86,3.17,5.0,3.01,2.1,1.99,5.0,2.51,0.11,4.89,5.0,0.0,4.0,2.52,0
2026-01-30T12:29:41.094317,213,student_4_youtube_wjFILuh9u_4_6f4020b2_05273f46,youtube_wjFILuh9u_4_6f4020b2,jpn5,1,0.95,engaged,60.6,-0.0041,-0.0017,-0.0065,0.004,-0.0037,-0.0063,0.11,-157.33,-15.74,329.44,2071.47,178.48,-17.88,-0.32,3.62,2.82,1.38,3.7,5.0,1.3,3.23,5.0,3.06,2.14,1.94,5.0,2.55,0.16,4.84,5.0,0.0,4.03,2.61,0
2026-01-30T12:29:42.105808,214,student_4_youtube_wjFILuh9u_4_6f4020b2_05273f46,youtube_wjFILuh9u_4_6f4020b2,jpn5,1,0.95,engaged,58.4,-0.0035,-0.0018,-0.0065,0.002,-0.0035,-0.0063,5.17,-157.66,-22.17,342.26,2132.5,177.16,-16.19,-1.34,4.07,3.29,0.93,3.2,5.0,1.8,3.1,5.0,3.12,2.19,1.88,5.0,2.6,0.22,4.78,5.0,0.0,4.06,2.76,0
2026-01-30T12:29:43.116708,215,student_4_youtube_wjFILuh9u_4_6f4020b2_05273f46,youtube_wjFILuh9u_4_6f4020b2,jpn5,1,0.95,engaged,51.2,-0.0012,0.0,-0.0063,-0.0038,-0.0035,-0.0061,-158.65,14.8,-27.83,317.52,2119.86,175.5,-16.02,-1.19,4.72,4.01,0.28,1.59,5.0,3.41,3.09,5.0,3.11,2.18,1.89,5.0,2.59,0.0,5.0,5.0,0.0,4.05,3.0,1.82
2026-01-30T12:29:44.136330,216,student_4_youtube_wjFILuh9u_4_6f4020b2_05273f46,youtube_wjFILuh9u_4_6f4020b2,jpn5,1,0.95,engaged,56.46,-0.0016,-0.0015,-0.0064,-0.0023,-0.0051,-0.0062,-162.96,-153.72,-27.63,319.31,2124.18,176.96,-15.55,-1.22,3.96,3.21,1.04,2.76,5.0,2.24,3.05,5.0,3.08,2.16,1.92,5.0,2.57,0.0,5.0,5.0,0.0,4.04,2.74,0
2026-01-30T12:29:45.160389,217,student_4_youtube_wjFILuh9u_4_6f4020b2_05273f46,youtube_wjFILuh9u_4_6f4020b2,jpn5,1,0.95,engaged,54.55,-0.0018,-0.002,-0.0064,-0.0037,-0.0018,-0.0063,-156.74,-162.98,-43.3,347.55,2115.13,177.8,-10.01,-1.08,4.4,3.59,0.6,2.26,5.0,2.74,3.17,5.0,3.29,2.3,1.71,5.0,2.74,0.41,4.59,5.0,0.0,4.14,2.86,0.48
2026-01-30T12:29:46.174372,218,student_4_youtube_wjFILuh9u_4_6f4020b2_05273f46,youtube_wjFILuh9u_4_6f4020b2,jpn5,1,0.95,partially_engaged,35.32,-0.0081,-0.0001,-0.0063,-0.0021,-0.0047,-0.0061,-144.71,-160.75,-47.97,324.32,2136.28,176.96,-9.34,-2.23,4.76,4.0,0.24,1.45,5.0,3.55,3.16,5.0,3.32,2.33,1.68,5.0,2.77,0.12,4.88,5.0,5.0,4.16,3.0,7.1
2026-01-30T12:29:47.193635,219,student_4_youtube_wjFILuh9u_4_6f4020b2_05273f46,youtube_wjFILuh9u_4_6f4020b2,jpn5,1,0.95,engaged,61.35,0.0019,-0.018,-0.0059,-0.0022,0.002,-0.006,1.07,26.53,-147.57,318.9,2026.6,-178.8,6.34,3.12,3.86,2.79,1.14,3.78,5.0,1.22,3.44,5.0,3.28,2.3,1.72,5.0,2.74,0.21,4.79,5.0,0.0,4.14,2.6,0
2026-01-30T12:29:48.251861,220,student_4_youtube_wjFILuh9u_4_6f4020b2_05273f46,youtube_wjFILuh9u_4_6f4020b2,jpn5,1,0.95,highly_engaged,78.63,-0.001,0.0023,-0.006,0.0025,-0.0015,-0.006,-6.62,-3.17,-124.16,348.28,2064.75,-179.7,-6.64,1.11,5.0,5.0,0.0,2.31,5.0,2.69,3.39,5.0,3.47,2.43,1.53,5.0,2.89,0.48,4.52,5.0,0.0,4.24,3.33,0.38
2026-01-30T12:29:49.258467,221,student_4_youtube_wjFILuh9u_4_6f4020b2_05273f46,youtube_wjFILuh9u_4_6f4020b2,jpn5,1,0.95,engaged,65.5,0.0003,-0.0011,-0.0067,0.0046,-0.0013,-0.0063,160.6,-169.64,12.56,324.43,2053.84,177.77,-20.07,1.46,4.4,3.6,0.6,4.87,5.0,0.13,3.26,4.99,3.13,2.19,1.87,5.0,2.61,0.31,4.69,5.0,0.0,4.06,2.87,0
2026-01-30T12:29:50.282941,222,student_4_youtube_wjFILuh9u_4_6f4020b2_05273f46,youtube_wjFILuh9u_4_6f4020b2,jpn5,1,0.95,engaged,64.09,-0.0009,-0.0018,-0.0067,0.0039,-0.0019,-0.0063,-12.07,-163.98,51.69,320.11,2042.27,177.5,-22.58,2.41,4.63,3.73,0.37,4.54,5.0,0.46,3.29,5.0,3.15,2.21,1.85,5.0,2.63,0.57,4.43,5.0,0.0,4.08,2.91,0
2026-01-30T12:29:51.288383,223,student_4_youtube_wjFILuh9u_4_6f4020b2_05273f46,youtube_wjFILuh9u_4_6f4020b2,jpn5,1,0.95,engaged,63.39,-0.0018,-0.0012,-0.0065,0.0041,-0.0025,-0.0062,-9.1,-163.41,24.3,352.07,2113.88,178.73,-16.98,0.54,4.49,3.6,0.51,4.33,5.0,0.67,3.32,5.0,3.25,2.28,1.75,5.0,2.71,0.43,4.57,5.0,0.0,4.12,2.87,0
2026-01-30T12:29:52.315713,224,student_4_youtube_wjFILuh9u_4_6f4020b2_05273f46,youtube_wjFILuh9u_4_6f4020b2,jpn5,1,0.95,engaged,62.16,-0.0026,-0.0004,-0.0064,0.0018,-0.0026,-0.0062,2.95,-166.94,12.44,340.74,2109.02,177.38,-16.56,-0.4,4.44,3.6,0.56,4.07,5.0,0.93,3.25,4.81,3.19,2.23,1.81,5.0,2.66,0.22,4.78,5.0,0.0,4.09,2.87,0
2026-01-30T12:29:53.351807,225,student_4_youtube_wjFILuh9u_4_6f4020b2_05273f46,youtube_wjFILuh9u_4_6f4020b2,jpn5,1,0.95,highly_engaged,84.63,-0.0034,0.0,-0.0065,0.0017,-0.0023,-0.0063,6.48,9.96,7.84,326.73,2107.18,177.56,-16.63,-0.08,4.81,3.93,0.19,3.76,5.0,1.24,3.28,4.99,3.14,2.2,1.86,5.0,2.61,0.19,4.81,5.0,0.0,4.07,2.98,0
2026-01-30T12:29:54.376578,226,student_4_youtube_wjFILuh9u_4_6f4020b2_05273f46,youtube_wjFILuh9u_4_6f4020b2,jpn5,1,0.95,engaged,66.29,-0.0016,-0.0026,-0.0066,0.0026,-0.0043,-0.0064,-4.45,-152.22,8.44,319.12,2067.58,179.34,-16.85,0.06,3.67,2.79,1.33,5.0,5.0,0.0,3.32,4.99,3.1,2.17,1.9,5.0,2.58,0.29,4.71,5.0,0.0,4.05,2.6,0
2026-01-30T12:29:55.382392,227,student_4_youtube_wjFILuh9u_4_6f4020b2_05273f46,youtube_wjFILuh9u_4_6f4020b2,jpn5,1,0.95,engaged,65.81,-0.0012,-0.0025,-0.0066,0.0036,-0.0036,-0.0063,-9.4,-154.52,17.31,347.4,2104.99,178.9,-18.61,-0.66,3.73,2.84,1.27,4.9,5.0,0.1,3.24,5.0,3.08,2.16,1.92,5.0,2.57,0.24,4.76,5.0,0.0,4.04,2.61,0
2026-01-30T12:29:56.412644,228,student_4_youtube_wjFILuh9u_4_6f4020b2_05273f46,youtube_wjFILuh9u_4_6f4020b2,jpn5,1,0.95,engaged,66.23,-0.0012,-0.0024,-0.0066,0.0017,-0.0042,-0.0063,-2.02,-153.42,11.44,319.84,2070.21,178.56,-18.38,-0.86,3.72,2.84,1.28,5.0,5.0,0.0,3.3,5.0,3.07,2.15,1.93,5.0,2.56,0.26,4.74,5.0,0.0,4.04,2.61,0
2026-01-30T12:29:57.434674,229,student_4_youtube_wjFILuh9u_4_6f4020b2_05273f46,youtube_wjFILuh9u_4_6f4020b2,jpn5,1,0.95,engaged,66.32,-0.002,-0.0025,-0.0066,0.0027,-0.0046,-0.0063,-3.23,-151.67,11.59,312.78,2055.49,179.41,-18.79,-0.68,3.33,2.46,1.67,5.0,5.0,0.0,3.33,5.0,3.06,2.14,1.94,5.0,2.55,0.23,4.77,5.0,0.0,4.03,2.49,0
2026-01-30T12:29:58.475817,230,student_4_youtube_wjFILuh9u_4_6f4020b2_05273f46,youtube_wjFILuh9u_4_6f4020b2,jpn5,1,0.95,engaged,65.47,-0.0033,-0.0024,-0.0067,-0.0008,-0.0035,-0.0065,-163.16,-155.89,7.41,338.12,2091.63,177.08,-17.27,-1.37,3.7,2.8,1.3,4.85,5.0,0.15,3.18,5.0,3.01,2.11,1.99,5.0,2.51,0.31,4.69,5.0,0.0,4.0,2.6,0
2026-01-30T12:29:59.499414,231,student_4_youtube_wjFILuh9u_4_6f4020b2_05273f46,youtube_wjFILuh9u_4_6f4020b2,jpn5,1,0.95,engaged,66.36,-0.0053,-0.0038,-0.0065,-0.0006,-0.0044,-0.0062,-157.8,-147.26,-3.74,313.91,2061.93,178.49,-17.73,-1.7,3.38,2.51,1.62,5.0,5.0,0.0,3.31,5.0,3.09,2.17,1.91,5.0,2.58,0.07,4.93,5.0,0.0,4.04,2.5,0
2026-01-30T12:30:00.520722,232,student_4_youtube_wjFILuh9u_4_6f4020b2_05273f46,youtube_wjFILuh9u_4_6f4020b2,jpn5,1,0.95,engaged,61.42,-0.0005,-0.0018,-0.0067,0.002,-0.003,-0.0065,-6.51,-159.96,-11.52,326.28,2122.11,177.7,-14.75,-1.31,4.2,3.35,0.8,3.88,5.0,1.12,3.19,5.0,3.18,2.22,1.82,5.0,2.65,0.29,4.71,5.0,0.0,4.09,2.78,0
2026-01-30T12:30:01.529360,233,student_4_youtube_wjFILuh9u_4_6f4020b2_05273f46,youtube_wjFILuh9u_4_6f4020b2,jpn5,1,0.95,engaged,65.61,-0.0012,-0.0018,-0.0066,0.0015,-0.0033,-0.0063,-1.73,-158.32,4.06,341.9,2085.91,178.24,-18.7,-1.03,3.28,2.42,1.72,4.83,5.0,0.17,3.21,5.0,3.06,2.14,1.94,5.0,2.55,0.39,4.61,5.0,0.0,4.03,2.47,0
2026-01-30T12:30:02.553951,234,student_4_youtube_wjFILuh9u_4_6f4020b2_05273f46,youtube_wjFILuh9u_4_6f4020b2,jpn5,1,0.95,engaged,65.75,-0.0013,-0.003,-0.0065,0.0037,-0.0051,-0.0063,-9.72,-148.21,-10.54,329.83,2078.25,179.16,-16.52,-0.21,2.95,2.11,2.05,4.82,5.0,0.18,3.29,4.91,3.11,2.17,1.89,5.0,2.59,0.52,4.48,5.0,0.0,4.05,2.37,0
2026-01-30T12:30:03.592519,235,student_4_youtube_wjFILuh9u_4_6f4020b2_05273f46,youtube_wjFILuh9u_4_6f4020b2,jpn5,1,0.95,engaged,66.22,-0.0009,-0.0028,-0.0065,0.0041,-0.004,-0.0063,-12.49,-152.17,-14.12,324.12,2069.91,179.85,-14.95,-0.86,2.89,2.02,2.11,4.9,5.0,0.1,3.32,4.86,3.16,2.21,1.84,5.0,2.63,0.31,4.69,5.0,0.0,4.08,2.34,0
2026-01-30T12:30:04.618665,236,student_4_youtube_wjFILuh9u_4_6f4020b2_05273f46,youtube_wjFILuh9u_4_6f4020b2,jpn5,1,0.95,engaged,59.04,-0.0005,-0.001,-0.0065,0.0022,-0.0003,-0.0063,-7.51,-174.57,-16.25,335.31,2141.81,177.04,-15.07,-0.8,4.34,3.48,0.66,3.37,5.0,1.63,3.14,4.87,3.11,2.17,1.89,5.0,2.59,0.54,4.46,5.0,0.0,4.05,2.83,0
2026-01-30T12:30:05.648328,237,student_4_youtube_wjFILuh9u_4_6f4020b2_05273f46,youtube_wjFILuh9u_4_6f4020b2,jpn5,1,0.95,engaged,63.25,-0.0011,-0.0032,-0.0066,0.0037,-0.0029,-0.0064,-10.15,-154.75,-13.45,354.46,2134.82,176.09,-15.75,-0.68,3.19,2.37,1.81,4.26,5.0,0.74,3.11,5.0,3.11,2.17,1.89,5.0,2.59,0.3,4.7,5.0,0.0,4.05,2.46,0
2026-01-30T12:30:06.682738,238,student_4_youtube_wjFILuh9u_4_6f4020b2_05273f46,youtube_wjFILuh9u_4_6f4020b2,jpn5,1,0.95,engaged,66.33,-0.001,-0.003,-0.0064,0.0039,-0.0043,-0.0062,-11.51,-150.28,-13.71,323.39,2088.33,178.44,-15.87,-0.97,2.76,1.91,2.24,4.93,5.0,0.07,3.25,5.0,3.13,2.19,1.87,5.0,2.6,0.39,4.61,5.0,0.0,4.06,2.3,0
2026-01-30T12:30:07.704311,239,student_4_youtube_wjFILuh9u_4_6f4020b2_05273f46,youtube_wjFILuh9u_4_6f4020b2,jpn5,1,0.95,engaged,66.31,-0.0017,-0.0012,-0.0065,0.0025,-0.0039,-0.0063,-3.66,-158.9,-13.79,319.97,2093.33,178.55,-15.79,-1.05,2.94,2.14,2.06,4.96,5.0,0.04,3.22,4.84,3.09,2.16,1.91,5.0,2.57,0.09,4.91,5.0,0.0,4.04,2.38,0
2026-01-30T12:30:08.716078,240,student_4_youtube_wjFILuh9u_4_6f4020b2_05273f46,youtube_wjFILuh9u_4_6f4020b2,jpn5,1,0.95,engaged,63.61,-0.0038,-0.0023,-0.0065,0.0008,-0.0031,-0.0063,11.63,-157.11,-15.21,339.3,2125.74,178.78,-16.41,-1.99,3.58,2.68,1.42,4.39,5.0,0.61,3.17,4.75,3.05,2.13,1.95,5.0,2.54,0.58,4.42,5.0,0.0,4.03,2.56,0
2026-01-30T12:30:09.737655,241,student_4_youtube_wjFILuh9u_4_6f4020b2_05273f46,youtube_wjFILuh9u_4_6f4020b2,jpn5,1,0.95,engaged,65.7,-0.0024,-0.0034,-0.0064,0.0037,-0.0046,-0.0062,-4.87,-147.88,-4.22,331.21,2104.21,177.58,-18.92,-0.37,2.76,1.95,2.24,4.85,5.0,0.15,3.18,5.0,2.98,2.09,2.02,5.0,2.48,0.38,4.62,5.0,0.0,3.99,2.32,0
2026-01-30T12:30:10.760918,242,student_4_youtube_wjFILuh9u_4_6f4020b2_05273f46,youtube_wjFILuh9u_4_6f4020b2,jpn5,1,0.95,engaged,62.65,-0.0025,-0.0018,-0.0065,0.0018,-0.0035,-0.0063,2.54,-157.99,-15.29,326.82,2126.55,177.15,-16.58,-0.87,3.39,2.56,1.61,4.15,5.0,0.85,3.13,4.82,3.07,2.15,1.93,5.0,2.56,0.29,4.71,5.0,0.0,4.04,2.52,0
2026-01-30T12:30:11.769339,243,student_4_youtube_wjFILuh9u_4_6f4020b2_05273f46,youtube_wjFILuh9u_4_6f4020b2,jpn5,1,0.95,engaged,60.96,-0.0035,-0.0024,-0.0065,0.0004,-0.0028,-0.0063,12.64,-157.79,-18.28,326.58,2138.87,177.68,-16.79,-1.56,3.66,2.8,1.34,3.79,5.0,1.21,3.15,4.88,3.04,2.13,1.96,5.0,2.53,0.5,4.5,5.0,0.0,4.02,2.6,0
2026-01-30T12:30:12.794441,244,student_4_youtube_wjFILuh9u_4_6f4020b2_05273f46,youtube_wjFILuh9u_4_6f4020b2,jpn5,1,0.95,engaged,61.45,-0.0011,-0.0017,-0.0065,0.0025,-0.0028,-0.0063,-5.85,-161.07,-15.74,342.31,2155.45,173.78,-15.82,-0.75,3.53,2.75,1.47,3.87,5.0,1.13,2.98,5.0,3.11,2.18,1.89,5.0,2.59,0.34,4.66,5.0,0.0,4.05,2.58,0
2026-01-30T12:30:13.822581,245,student_4_youtube_wjFILuh9u_4_6f4020b2_05273f46,youtube_wjFILuh9u_4_6f4020b2,jpn5,1,0.95,engaged,61.95,-0.0014,-0.0021,-0.0065,0.003,-0.0027,-0.0063,-6.53,-159.78,-22.64,324.6,2141.46,176.49,-14.7,-1.38,3.64,2.79,1.36,4.0,5.0,1.0,3.09,5.0,3.09,2.16,1.91,5.0,2.58,0.14,4.86,5.0,0.0,4.04,2.6,0
2026-01-30T12:30:14.838409,246,student_4_youtube_wjFILuh9u_4_6f4020b2_05273f46,youtube_wjFILuh9u_4_6f4020b2,jpn5,1,0.95,engaged,61.6,-0.0001,-0.002,-0.0065,0.0039,-0.0028,-0.0064,-15.46,-159.55,-22.88,321.86,2145.06,176.17,-15.32,-1.11,3.63,2.82,1.37,3.94,5.0,1.06,3.07,4.99,3.04,2.13,1.96,5.0,2.54,0.09,4.91,5.0,0.0,4.02,2.61,0
2026-01-30T12:30:15.855512,247,student_4_youtube_wjFILuh9u_4_6f4020b2_05273f46,youtube_wjFILuh9u_4_6f4020b2,jpn5,1,0.95,engaged,58.6,-0.003,-0.0016,-0.0062,0.0014,-0.0023,-0.006,6.27,-162.33,-33.85,329.64,2251.09,173.15,-17.21,-0.54,3.47,2.79,1.53,3.37,4.9,1.63,2.78,5.0,2.88,2.01,2.12,5.0,2.4,0.58,4.42,5.0,0.0,3.89,2.6,0
2026-01-30T12:30:16.856956,248,student_4_youtube_wjFILuh9u_4_6f4020b2_05273f46,youtube_wjFILuh9u_4_6f4020b2,jpn5,1,0.95,engaged,63.35,-0.0094,-0.0007,-0.0062,-0.0029,-0.004,-0.006,-138.66,-159.82,-49.29,315.41,2202.66,171.68,-18.62,-0.68,2.69,1.95,2.31,4.4,4.87,0.6,2.79,5.0,2.94,2.06,2.06,5.0,2.45,0.39,4.61,5.0,0.0,3.91,2.32,0
2026-01-30T12:30:17.883030,249,student_4_youtube_wjFILuh9u_4_6f4020b2_05273f46,youtube_wjFILuh9u_4_6f4020b2,jpn5,1,0.95,engaged,52.66,-0.006,-0.0008,-0.005,-0.0049,-0.0034,-0.0049,-132.37,-158.01,-28.28,-103.99,-31.53,164.34,-0.23,-15.84,2.11,1.82,2.89,2.45,4.03,2.55,1.76,3.53,2.88,2.02,2.12,5.0,2.4,1.32,3.68,5.0,0.0,3.46,2.27,0.1
2026-01-30T12:30:18.920737,250,student_4_youtube_wjFILuh9u_4_6f4020b2_05273f46,youtube_wjFILuh9u_4_6f4020b2,jpn5,1,0.95,engaged,58.37,-0.0019,-0.0015,-0.0059,0.0026,-0.0034,-0.0057,-3.05,-157.35,-105.35,326.49,2359.16,172.38,-13.63,-2.15,3.14,2.52,1.86,3.45,4.71,1.55,2.6,4.8,2.79,1.95,2.21,5.0,2.33,0.82,4.18,5.0,0.0,3.75,2.51,0
2026-01-30T12:30:19.948843,251,student_4_youtube_wjFILuh9u_4_6f4020b2_05273f46,youtube_wjFILuh9u_4_6f4020b2,jpn5,1,0.95,partially_engaged,34.03,0.0018,-0.0007,-0.0052,0.0017,-0.003,-0.005,161.49,-160.27,-69.95,395.59,2351.1,-171.15,-4.79,-1.22,4.84,4.06,0.16,1.46,4.27,3.54,2.87,3.9,3.2,2.24,1.8,5.0,2.67,0.64,4.36,5.0,5.0,3.73,3.02,7.08
2026-01-30T12:30:20.968607,252,student_4_youtube_wjFILuh9u_4_6f4020b2_05273f46,youtube_wjFILuh9u_4_6f4020b2,jpn5,1,0.95,engaged,63.01,-0.0046,-0.0034,-0.0063,-0.0009,-0.0035,-0.0063,-157.55,-151.51,-110.61,347.02,2168.61,-174.55,-3.18,-0.57,3.43,2.52,1.57,4.19,5.0,0.81,3.26,5.0,3.17,2.22,1.83,5.0,2.64,1.41,3.59,5.0,0.0,4.08,2.51,0
2026-01-30T12:30:21.976303,253,student_4_youtube_wjFILuh9u_4_6f4020b2_05273f46,youtube_wjFILuh9u_4_6f4020b2,jpn5,1,0.95,engaged,62.3,-0.0017,-0.0025,-0.0063,0.0033,-0.0036,-0.006,-6.73,-153.67,-15.49,387.9,2179.12,-177.88,-15.99,1.16,3.64,2.66,1.36,4.06,5.0,0.94,3.27,4.88,3.11,2.18,1.89,5.0,2.59,0.9,4.1,5.0,0.0,4.05,2.55,0
2026-01-30T12:30:23.001349,254,student_4_youtube_wjFILuh9u_4_6f4020b2_05273f46,youtube_wjFILuh9u_4_6f4020b2,jpn5,1,0.95,engaged,60.17,-0.0035,-0.0018,-0.0063,0.0017,-0.0024,-0.0061,6.85,-161.16,-20.15,391.14,2203.72,178.79,-14.78,1.33,3.88,2.99,1.12,3.57,5.0,1.43,3.13,4.84,3.16,2.21,1.84,5.0,2.63,0.39,4.61,5.0,0.0,4.08,2.66,0
2026-01-30T12:30:24.046980,255,student_4_youtube_wjFILuh9u_4_6f4020b2_05273f46,youtube_wjFILuh9u_4_6f4020b2,jpn5,1,0.95,engaged,59.99,-0.0047,-0.0035,-0.0064,-0.0004,-0.0042,-0.0063,-160.27,-148.98,-54.55,399.03,2200.39,-178.52,-10.27,0.01,3.6,2.66,1.4,3.56,5.0,1.44,3.2,4.98,3.02,2.11,1.98,5.0,2.52,0.47,4.53,5.0,0.0,4.01,2.55,0
2026-01-30T12:30:25.065529,256,student_4_youtube_wjFILuh9u_4_6f4020b2_05273f46,youtube_wjFILuh9u_4_6f4020b2,jpn5,1,0.95,engaged,61.02,-0.0091,-0.0026,-0.0062,-0.0015,-0.0028,-0.0061,-145.38,-156.41,-34.51,326.26,2180.81,176.28,-15.63,-0.13,3.33,2.55,1.67,3.76,5.0,1.24,3.06,4.82,3.1,2.17,1.9,5.0,2.58,0.12,4.88,5.0,0.0,4.05,2.52,0
2026-01-30T12:30:26.089343,257,student_4_youtube_wjFILuh9u_4_6f4020b2_05273f46,youtube_wjFILuh9u_4_6f4020b2,jpn5,1,0.95,engaged,61.38,-0.0018,-0.0026,-0.0063,0.0033,-0.0036,-0.006,-6.5,-153.24,-8.5,309.61,2195.77,175.15,-20.25,0.21,3.0,2.28,2.0,3.88,5.0,1.12,2.83,4.97,2.96,2.08,2.04,5.0,2.47,0.45,4.55,5.0,0.0,3.98,2.43,0
2026-01-30T12:30:27.096571,258,student_4_youtube_wjFILuh9u_4_6f4020b2_05273f46,youtube_wjFILuh9u_4_6f4020b2,jpn5,1,0.95,engaged,63.29,-0.0014,-0.0034,-0.0063,0.0042,-0.0042,-0.006,-11.28,-148.08,-2.85,337.48,2204.57,172.58,-18.65,0.5,2.69,1.97,2.31,4.27,5.0,0.73,2.82,5.0,3.03,2.12,1.97,5.0,2.53,0.21,4.79,5.0,0.0,4.01,2.32,0
2026-01-30T12:30:28.121698,259,student_4_youtube_wjFILuh9u_4_6f4020b2_05273f46,youtube_wjFILuh9u_4_6f4020b2,jpn5,1,0.95,engaged,64.45,-0.0008,-0.0025,-0.0062,0.0034,-0.0033,-0.006,-11.13,-154.32,-19.64,321.88,2246.13,177.74,-15.34,-1.19,2.64,1.9,2.36,4.55,4.99,0.45,2.9,4.85,3.0,2.1,2.0,5.0,2.5,0.13,4.87,5.0,0.0,4.0,2.3,0
2026-01-30T12:30:29.163296,260,student_4_youtube_wjFILuh9u_4_6f4020b2_05273f46,youtube_wjFILuh9u_4_6f4020b2,jpn5,1,0.95,engaged,63.19,-0.0015,-0.0026,-0.0063,0.004,-0.0044,-0.006,-9.87,-150.68,-30.74,311.06,2238.62,177.83,-14.86,-0.83,2.73,1.98,2.27,4.23,5.0,0.77,2.89,4.99,3.07,2.15,1.93,5.0,2.56,0.51,4.49,5.0,0.0,4.04,2.33,0
2026-01-30T12:30:30.284128,261,student_4_youtube_wjFILuh9u_4_6f4020b2_05273f46,youtube_wjFILuh9u_4_6f4020b2,jpn5,1,0.95,engaged,60.69,-0.0013,-0.002,-0.0064,0.002,-0.0034,-0.0062,-3.2,-156.8,-45.19,331.56,2273.33,177.23,-12.67,-1.25,3.47,2.7,1.53,3.77,4.92,1.23,2.84,4.93,3.04,2.13,1.96,5.0,2.53,0.46,4.54,5.0,0.0,3.98,2.57,0
2026-01-30T12:30:31.213022,262,student_4_youtube_wjFILuh9u_4_6f4020b2_05273f46,youtube_wjFILuh9u_4_6f4020b2,jpn5,1,0.95,engaged,56.44,-0.0016,-0.0011,-0.0063,0.0037,-0.0016,-0.0061,-8.57,-167.95,-56.58,358.22,2306.2,173.23,-11.1,-0.1,3.86,3.15,1.14,2.83,4.82,2.17,2.79,4.89,3.16,2.21,1.84,5.0,2.64,0.36,4.64,5.0,0.0,3.99,2.72,0
2026-01-30T12:30:32.216704,263,student_4_youtube_wjFILuh9u_4_6f4020b2_05273f46,youtube_wjFILuh9u_4_6f4020b2,jpn5,1,0.95,engaged,58.46,-0.002,-0.001,-0.0063,0.0034,-0.0036,-0.0062,-5.55,-160.69,-65.54,332.45,2283.01,175.79,-11.79,-1.09,3.63,2.9,1.37,3.28,4.89,1.72,2.85,4.97,3.05,2.14,1.95,5.0,2.54,0.14,4.86,5.0,0.0,3.97,2.63,0
2026-01-30T12:30:33.247832,264,student_4_youtube_wjFILuh9u_4_6f4020b2_05273f46,youtube_wjFILuh9u_4_6f4020b2,jpn5,1,0.95,engaged,59.22,-0.0021,-0.0018,-0.0064,0.0026,-0.0031,-0.0063,-2.44,-159.13,-70.04,325.6,2235.59,176.71,-7.97,-1.25,3.5,2.74,1.5,3.33,5.0,1.67,2.88,5.0,3.16,2.21,1.84,5.0,2.63,0.37,4.63,5.0,0.0,4.08,2.58,0
2026-01-30T12:30:34.291858,265,student_4_youtube_wjFILuh9u_4_6f4020b2_05273f46,youtube_wjFILuh9u_4_6f4020b2,jpn5,1,0.95,engaged,60.06,-0.0022,-0.0016,-0.0064,0.0029,-0.0027,-0.0063,-2.93,-161.38,-68.55,329.37,2248.49,178.4,-10.35,-1.56,3.51,2.75,1.49,3.57,5.0,1.43,2.91,4.84,3.05,2.14,1.95,5.0,2.54,0.3,4.7,5.0,0.0,4.03,2.58,0
2026-01-30T12:30:35.310746,266,student_4_youtube_wjFILuh9u_4_6f4020b2_05273f46,youtube_wjFILuh9u_4_6f4020b2,jpn5,1,0.95,engaged,61.24,-0.0029,-0.0022,-0.0062,0.0026,-0.0025,-0.0061,1.05,-159.22,-69.52,371.71,2256.2,176.58,-10.03,-0.36,3.45,2.67,1.55,3.84,5.0,1.16,2.89,4.84,3.05,2.13,1.95,5.0,2.54,0.26,4.74,5.0,0.0,4.03,2.56,0
2026-01-30T12:30:36.329578,267,student_4_youtube_wjFILuh9u_4_6f4020b2_05273f46,youtube_wjFILuh9u_4_6f4020b2,jpn5,1,0.95,engaged,60.29,-0.0023,-0.0004,-0.0063,0.0029,-0.0027,-0.0062,-2.65,-166.38,-79.04,342.8,2255.05,176.04,-9.04,-1.39,3.67,2.91,1.33,3.71,4.87,1.29,2.89,5.0,3.07,2.15,1.93,5.0,2.56,0.0,5.0,5.0,0.0,3.97,2.64,0
2026-01-30T12:30:37.340402,268,student_4_youtube_wjFILuh9u_4_6f4020b2_05273f46,youtube_wjFILuh9u_4_6f4020b2,jpn5,1,0.95,engaged,60.31,-0.0021,-0.0019,-0.0065,0.0026,-0.0035,-0.0064,-1.97,-157.52,-88.68,330.99,2229.8,176.12,-7.3,-2.23,3.42,2.67,1.58,3.57,5.0,1.43,2.88,4.96,3.18,2.23,1.82,5.0,2.65,0.12,4.88,5.0,0.0,4.09,2.56,0
2026-01-30T12:30:38.362855,269,student_4_youtube_wjFILuh9u_4_6f4020b2_05273f46,youtube_wjFILuh9u_4_6f4020b2,jpn5,1,0.95,engaged,60.08,-0.002,-0.0023,-0.0065,0.0024,-0.0033,-0.0064,-1.68,-156.41,-93.98,327.08,2211.32,177.29,-7.03,-2.46,3.4,2.65,1.6,3.52,5.0,1.48,2.91,4.91,3.17,2.22,1.83,5.0,2.64,0.25,4.75,5.0,0.0,4.08,2.55,0
2026-01-30T12:30:39.402535,270,student_4_youtube_wjFILuh9u_4_6f4020b2_05273f46,youtube_wjFILuh9u_4_6f4020b2,jpn5,1,0.95,engaged,60.43,-0.0026,-0.0017,-0.0063,0.0037,-0.0028,-0.0062,-4.13,-160.45,-87.93,354.69,2248.71,176.19,-8.48,-2.29,3.44,2.69,1.56,3.71,4.87,1.29,2.88,5.0,3.1,2.17,1.9,5.0,2.58,0.49,4.51,5.0,0.0,3.99,2.56,0
2026-01-30T12:30:40.428743,271,student_4_youtube_wjFILuh9u_4_6f4020b2_05273f46,youtube_wjFILuh9u_4_6f4020b2,jpn5,1,0.95,engaged,60.14,-0.0031,-0.0019,-0.0063,0.0035,-0.0038,-0.0063,-1.48,-155.95,-99.02,355.33,2258.01,176.33,-5.58,-2.29,3.23,2.49,1.77,3.57,5.0,1.43,2.84,4.81,3.05,2.14,1.95,5.0,2.54,0.02,4.98,5.0,0.0,4.03,2.5,0
2026-01-30T12:30:41.452512,272,student_4_youtube_wjFILuh9u_4_6f4020b2_05273f46,youtube_wjFILuh9u_4_6f4020b2,jpn5,1,0.95,engaged,61.33,-0.0031,-0.0016,-0.0064,0.0037,-0.0028,-0.0063,-2.3,-160.9,-85.84,338.5,2210.05,176.09,-9.25,-2.19,3.18,2.45,1.82,3.8,5.0,1.2,2.89,4.95,3.15,2.21,1.85,5.0,2.63,0.14,4.86,5.0,0.0,4.08,2.48,0
2026-01-30T12:30:42.457147,273,student_4_youtube_wjFILuh9u_4_6f4020b2_05273f46,youtube_wjFILuh9u_4_6f4020b2,jpn5,1,0.95,engaged,63.93,-0.0073,-0.0036,-0.0062,-0.0011,-0.0048,-0.0062,-150.35,-145.87,-87.62,320.26,2153.64,176.41,-10.01,-2.89,2.49,1.78,2.51,4.35,5.0,0.65,2.98,5.0,3.16,2.21,1.84,5.0,2.63,0.0,5.0,5.0,0.0,4.08,2.26,0
2026-01-30T12:30:43.481572,274,student_4_youtube_wjFILuh9u_4_6f4020b2_05273f46,youtube_wjFILuh9u_4_6f4020b2,jpn5,1,0.95,engaged,59.85,-0.001,-0.0039,-0.0062,0.0049,-0.0046,-0.0063,-14.16,-145.89,-127.28,354.04,2176.77,177.19,0.61,-5.35,2.97,2.18,2.03,3.5,5.0,1.5,3.0,4.97,3.0,2.1,2.0,5.0,2.5,0.24,4.76,5.0,0.0,4.0,2.39,0
2026-01-30T12:30:44.523689,275,student_4_youtube_wjFILuh9u_4_6f4020b2_05273f46,youtube_wjFILuh9u_4_6f4020b2,jpn5,1,0.95,engaged,61.37,0.0005,-0.0034,-0.0064,0.0043,-0.0038,-0.0063,160.29,-150.25,-69.57,355.11,2187.94,175.98,-5.16,-1.75,2.81,2.04,2.19,3.84,5.0,1.16,3.01,5.0,3.01,2.11,1.99,5.0,2.51,0.48,4.52,5.0,0.0,4.0,2.35,0
2026-01-30T12:30:45.546359,276,student_4_youtube_wjFILuh9u_4_6f4020b2_05273f46,youtube_wjFILuh9u_4_6f4020b2,jpn5,1,0.95,engaged,67.79,-0.0001,0.0,-0.0061,0.0022,-0.003,-0.0059,-9.88,13.27,21.04,347.59,2098.4,176.04,-21.02,4.4,5.0,4.3,0.0,2.74,5.0,2.26,3.01,5.0,2.96,2.07,2.04,5.0,2.46,0.0,5.0,5.0,0.0,3.98,3.1,0
2026-01-30T12:30:46.570484,277,student_4_youtube_wjFILuh9u_4_6f4020b2_05273f46,youtube_wjFILuh9u_4_6f4020b2,jpn5,1,0.95,engaged,61.67,-0.0128,-0.0034,-0.006,0.0002,-0.0043,-0.0061,31.68,-147.83,-100.12,351.94,2111.42,-178.8,6.37,-1.0,3.5,2.61,1.5,3.89,5.0,1.11,3.24,4.58,3.16,2.21,1.84,5.0,2.63,0.53,4.47,5.0,0.0,4.08,2.54,0
2026-01-30T12:30:47.579474,278,student_4_youtube_wjFILuh9u_4_6f4020b2_05273f46,youtube_wjFILuh9u_4_6f4020b2,jpn5,1,0.95,engaged,60.75,-0.0102,-0.0017,-0.006,0.0019,-0.0041,-0.006,20.82,-154.98,-61.06,374.23,2184.66,178.13,-6.07,1.15,3.52,2.74,1.48,3.75,5.0,1.25,3.1,4.76,3.01,2.11,1.99,5.0,2.51,0.24,4.76,5.0,0.0,4.0,2.58,0
2026-01-30T12:30:48.601718,279,student_4_youtube_wjFILuh9u_4_6f4020b2_05273f46,youtube_wjFILuh9u_4_6f4020b2,jpn5,1,0.95,engaged,58.33,-0.0103,-0.0009,-0.0063,0.001,-0.0019,-0.0063,24.76,-167.39,-104.75,354.7,2157.07,179.01,6.82,-0.51,3.61,2.8,1.39,3.12,5.0,1.88,3.17,5.0,3.18,2.23,1.82,5.0,2.65,0.32,4.68,5.0,0.0,4.09,2.6,0
2026-01-30T12:30:49.644441,280,student_4_youtube_wjFILuh9u_4_6f4020b2_05273f46,youtube_wjFILuh9u_4_6f4020b2,jpn5,1,0.95,engaged,59.67,-0.0037,-0.0038,-0.0062,0.0056,-0.003,-0.0062,-5.41,-151.08,-93.02,343.71,2138.51,179.13,3.06,0.28,3.21,2.45,1.79,3.43,5.0,1.57,3.13,4.88,3.12,2.18,1.88,5.0,2.6,0.23,4.77,5.0,0.0,4.06,2.48,0
2026-01-30T12:30:50.652625,281,student_4_youtube_wjFILuh9u_4_6f4020b2_05273f46,youtube_wjFILuh9u_4_6f4020b2,jpn5,1,0.95,engaged,61.23,-0.0123,-0.0025,-0.0061,0.0009,-0.0029,-0.0061,27.74,-156.42,-83.03,357.49,2199.01,176.83,3.66,-1.97,2.93,2.27,2.07,3.75,5.0,1.25,2.94,4.71,3.19,2.23,1.81,5.0,2.66,0.44,4.56,5.0,0.0,4.09,2.42,0
2026-01-30T12:30:51.658302,282,student_4_youtube_wjFILuh9u_4_6f4020b2_05273f46,youtube_wjFILuh9u_4_6f4020b2,jpn5,1,0.95,engaged,59.08,-0.0124,-0.0036,-0.0061,0.0044,-0.0013,-0.0061,13.88,-158.7,-59.21,333.13,2183.63,176.68,-4.36,-1.38,2.93,2.25,2.07,3.27,5.0,1.73,3.03,5.0,3.14,2.2,1.86,5.0,2.62,0.26,4.74,5.0,0.0,4.07,2.42,0
2026-01-30T12:30:52.663754,283,student_4_youtube_wjFILuh9u_4_6f4020b2_05273f46,youtube_wjFILuh9u_4_6f4020b2,jpn5,1,0.95,engaged,60.83,-0.0118,-0.0022,-0.0059,-0.0005,-0.0079,-0.0059,-146.04,-143.09,-90.58,335.87,2157.97,179.31,4.24,-2.26,2.98,2.23,2.02,3.72,5.0,1.28,3.05,4.72,3.03,2.12,1.97,5.0,2.52,0.05,4.95,5.0,0.0,4.01,2.41,0
2026-01-30T12:30:53.693447,284,student_4_youtube_wjFILuh9u_4_6f4020b2_05273f46,youtube_wjFILuh9u_4_6f4020b2,jpn5,1,0.95,engaged,63.13,-0.0134,-0.0053,-0.0059,-0.0031,-0.0142,-0.0059,-133.17,-125.37,-42.89,346.48,2181.47,178.57,-6.12,0.99,3.02,2.12,1.98,4.31,5.0,0.69,3.01,4.85,2.87,2.01,2.13,5.0,2.39,0.49,4.51,5.0,0.0,3.94,2.37,0
2026-01-30T12:30:54.717755,285,student_4_youtube_wjFILuh9u_4_6f4020b2_05273f46,youtube_wjFILuh9u_4_6f4020b2,jpn5,1,0.95,engaged,61.65,-0.0097,-0.0016,-0.0057,-0.0033,-0.017,-0.0056,-135.25,-136.24,-45.03,333.24,2175.58,176.96,-4.74,1.7,2.56,1.73,2.44,3.94,5.0,1.06,3.05,5.0,2.86,2.0,2.14,5.0,2.39,0.24,4.76,5.0,0.0,3.93,2.24,0
2026-01-30T12:30:55.728306,286,student_4_youtube_wjFILuh9u_4_6f4020b2_05273f46,youtube_wjFILuh9u_4_6f4020b2,jpn5,1,0.95,engaged,59.13,-0.012,-0.0038,-0.0061,-0.0032,-0.0097,-0.006,-134.38,-134.85,-36.41,328.96,2175.75,177.87,-3.74,1.12,3.42,2.7,1.58,3.4,5.0,1.6,2.97,4.95,2.94,2.06,2.06,5.0,2.45,0.06,4.94,5.0,0.0,3.97,2.57,0
2026-01-30T12:30:56.746557,287,student_4_youtube_wjFILuh9u_4_6f4020b2_05273f46,youtube_wjFILuh9u_4_6f4020b2,jpn5,1,0.95,engaged,57.64,-0.0065,-0.0078,-0.0061,-0.0041,-0.0062,-0.006,-139.27,-131.13,-35.97,330.68,2170.11,178.47,-2.68,1.26,3.62,2.87,1.38,3.04,5.0,1.96,3.0,4.84,3.0,2.1,2.0,5.0,2.5,0.44,4.56,5.0,0.0,4.0,2.62,0
2026-01-30T12:30:57.751538,288,student_4_youtube_wjFILuh9u_4_6f4020b2_05273f46,youtube_wjFILuh9u_4_6f4020b2,jpn5,1,0.95,engaged,57.42,-0.0061,-0.0042,-0.0059,-0.0059,-0.0144,-0.0058,-134.28,-128.27,-31.53,362.84,2202.7,178.69,-1.65,1.08,3.69,2.95,1.31,3.0,5.0,2.0,3.08,4.69,2.99,2.1,2.01,5.0,2.5,0.19,4.81,5.0,0.0,4.0,2.65,0
2026-01-30T12:30:58.755653,289,student_4_youtube_wjFILuh9u_4_6f4020b2_05273f46,youtube_wjFILuh9u_4_6f4020b2,jpn5,1,0.95,engaged,55.82,-0.0039,0.0001,-0.0059,-0.0002,-0.0056,-0.0058,-162.07,21.39,-36.67,340.77,2211.83,176.26,-3.65,1.02,3.88,3.15,1.12,2.62,5.0,2.38,3.01,4.91,3.05,2.14,1.95,5.0,2.54,0.16,4.84,5.0,0.0,4.03,2.72,0
2026-01-30T12:30:59.773324,290,student_4_youtube_wjFILuh9u_4_6f4020b2_05273f46,youtube_wjFILuh9u_4_6f4020b2,jpn5,1,0.95,engaged,58.05,-0.0147,-0.0016,-0.0059,-0.003,-0.0059,-0.0058,-132.46,-149.95,-42.32,329.48,2193.48,176.75,-4.65,1.04,3.65,2.91,1.35,3.16,5.0,1.84,2.98,5.0,2.95,2.06,2.05,5.0,2.46,0.33,4.67,5.0,0.0,3.98,2.64,0
2026-01-30T12:31:00.780608,291,student_4_youtube_wjFILuh9u_4_6f4020b2_05273f46,youtube_wjFILuh9u_4_6f4020b2,jpn5,1,0.95,engaged,61.73,-0.0159,-0.0016,-0.0059,-0.0019,-0.0104,-0.0059,-136.0,-142.31,-54.08,333.07,2168.6,179.26,-0.01,0.26,3.32,2.54,1.68,3.98,5.0,1.02,3.02,4.88,2.96,2.08,2.04,5.0,2.47,0.25,4.75,5.0,0.0,3.98,2.51,0
2026-01-30T12:31:01.802309,292,student_4_youtube_wjFILuh9u_4_6f4020b2_05273f46,youtube_wjFILuh9u_4_6f4020b2,jpn5,1,0.95,engaged,62.24,-0.0165,-0.0005,-0.0058,-0.0067,-0.0161,-0.0058,-120.12,-142.32,-53.26,353.15,2170.7,178.75,-1.07,0.78,3.34,2.56,1.66,4.05,5.0,0.95,3.07,4.74,3.08,2.15,1.92,5.0,2.57,0.47,4.53,5.0,0.0,4.04,2.52,0
2026-01-30T12:31:02.828044,293,student_4_youtube_wjFILuh9u_4_6f4020b2_05273f46,youtube_wjFILuh9u_4_6f4020b2,jpn5,1,0.95,engaged,61.6,-0.0162,-0.0005,-0.0059,-0.0034,-0.0063,-0.0058,-129.83,-154.14,-50.94,329.02,2166.34,176.34,-2.17,0.88,3.11,2.34,1.89,3.87,5.0,1.13,3.03,4.94,3.12,2.18,1.88,5.0,2.6,0.06,4.94,5.0,0.0,4.06,2.45,0
2026-01-30T12:31:03.835397,294,student_4_youtube_wjFILuh9u_4_6f4020b2_05273f46,youtube_wjFILuh9u_4_6f4020b2,jpn5,1,0.95,engaged,62.52,-0.0159,-0.0003,-0.0058,-0.0029,-0.0068,-0.0058,-131.89,-153.96,-63.08,326.42,2171.15,177.4,1.44,0.63,3.2,2.44,1.8,4.14,5.0,0.86,3.01,4.92,3.0,2.1,2.0,5.0,2.5,0.23,4.77,5.0,0.0,4.0,2.48,0
2026-01-30T12:31:04.861495,295,student_4_youtube_wjFILuh9u_4_6f4020b2_05273f46,youtube_wjFILuh9u_4_6f4020b2,jpn5,1,0.95,engaged,61.53,-0.0164,-0.0024,-0.0058,-0.0055,-0.0099,-0.0058,-123.02,-138.81,-47.13,350.45,2159.02,179.69,-2.93,1.47,3.23,2.47,1.77,3.89,5.0,1.11,3.08,4.71,3.05,2.14,1.95,5.0,2.54,0.22,4.78,5.0,0.0,4.03,2.49,0
2026-01-30T12:31:05.867261,296,student_4_youtube_wjFILuh9u_4_6f4020b2_05273f46,youtube_wjFILuh9u_4_6f4020b2,jpn5,1,0.95,engaged,60.86,-0.0134,-0.0026,-0.0059,-0.0025,-0.0056,-0.0058,-135.33,-146.3,-58.13,338.92,2195.62,176.35,-1.35,1.16,3.38,2.63,1.62,3.78,5.0,1.22,3.04,5.0,2.97,2.08,2.03,5.0,2.47,0.16,4.84,5.0,0.0,3.99,2.54,0
2026-01-30T12:31:06.899361,297,student_4_youtube_wjFILuh9u_4_6f4020b2_05273f46,youtube_wjFILuh9u_4_6f4020b2,jpn5,1,0.95,engaged,62.2,-0.0071,-0.0028,-0.006,0.0043,-0.0041,-0.006,7.03,-150.44,-53.0,321.52,2130.83,179.22,-1.82,0.55,2.76,2.02,2.24,4.03,5.0,0.97,3.09,4.95,3.01,2.11,1.99,5.0,2.51,0.44,4.56,5.0,0.0,4.0,2.34,0
2026-01-30T12:31:07.917424,298,student_4_youtube_wjFILuh9u_4_6f4020b2_05273f46,youtube_wjFILuh9u_4_6f4020b2,jpn5,1,0.95,engaged,62.52,-0.005,-0.0036,-0.006,0.0042,-0.0051,-0.006,2.45,-144.64,-60.54,319.55,2115.61,179.83,1.66,0.27,2.78,2.0,2.22,4.07,5.0,0.93,3.11,4.81,3.09,2.16,1.91,5.0,2.57,0.26,4.74,5.0,0.0,4.04,2.33,0
2026-01-30T12:31:08.924700,299,student_4_youtube_wjFILuh9u_4_6f4020b2_05273f46,youtube_wjFILuh9u_4_6f4020b2,jpn5,1,0.95,engaged,61.12,-0.0172,0.0002,-0.0057,-0.0045,-0.0072,-0.0057,-125.11,24.6,-60.58,366.58,2209.55,177.46,0.65,1.03,3.27,2.49,1.73,3.84,5.0,1.16,3.05,5.0,2.95,2.07,2.05,5.0,2.46,0.24,4.76,5.0,0.0,3.98,2.5,0
2026-01-30T12:31:09.950405,300,student_4_youtube_wjFILuh9u_4_6f4020b2_05273f46,youtube_wjFILuh9u_4_6f4020b2,jpn5,1,0.95,engaged,61.34,-0.0119,-0.0029,-0.0061,-0.0033,-0.009,-0.0061,-134.19,-139.48,-63.14,334.02,2163.84,177.43,0.22,0.54,3.37,2.63,1.63,3.81,5.0,1.19,3.0,4.95,3.17,2.22,1.83,5.0,2.64,0.26,4.74,5.0,0.0,4.08,2.54,0
2026-01-30T12:31:10.985942,301,student_4_youtube_wjFILuh9u_4_6f4020b2_05273f46,youtube_wjFILuh9u_4_6f4020b2,jpn5,1,0.95,engaged,61.96,-0.0047,-0.0028,-0.006,-0.0037,-0.0056,-0.006,-145.03,-145.89,-57.05,334.98,2193.26,178.14,0.47,0.58,3.19,2.43,1.81,4.01,5.0,0.99,3.02,4.83,3.0,2.1,2.0,5.0,2.5,0.43,4.57,5.0,0.0,4.0,2.48,0
2026-01-30T12:31:12.011533,302,student_4_youtube_wjFILuh9u_4_6f4020b2_05273f46,youtube_wjFILuh9u_4_6f4020b2,jpn5,1,0.95,engaged,60.85,-0.0135,-0.0027,-0.0057,-0.0032,0.0016,-0.0057,-131.59,4.56,-68.64,353.79,2180.46,-179.83,3.37,0.28,3.59,2.81,1.41,3.77,5.0,1.23,3.14,4.61,3.03,2.12,1.97,5.0,2.53,0.31,4.69,5.0,0.0,4.01,2.6,0
2026-01-30T12:31:13.034463,303,student_4_youtube_wjFILuh9u_4_6f4020b2_05273f46,youtube_wjFILuh9u_4_6f4020b2,jpn5,1,0.95,engaged,60.33,-0.0076,-0.0013,-0.0059,-0.0022,-0.0076,-0.0058,-143.46,-147.47,-49.39,341.77,2215.26,176.85,-3.14,0.65,3.31,2.6,1.69,3.66,5.0,1.34,3.04,5.0,2.96,2.07,2.04,5.0,2.47,0.35,4.65,5.0,0.0,3.98,2.53,0
2026-01-30T12:31:14.044654,304,student_4_youtube_wjFILuh9u_4_6f4020b2_05273f46,youtube_wjFILuh9u_4_6f4020b2,jpn5,1,0.95,engaged,59.59,-0.0106,-0.0028,-0.006,-0.0038,-0.0117,-0.0059,-133.12,-135.92,-48.84,336.84,2188.09,177.79,-2.09,0.65,3.49,2.79,1.51,3.49,5.0,1.51,2.98,4.93,2.99,2.09,2.01,5.0,2.49,0.4,4.6,5.0,0.0,4.0,2.6,0
2026-01-30T12:31:15.065879,305,student_4_youtube_wjFILuh9u_4_6f4020b2_05273f46,youtube_wjFILuh9u_4_6f4020b2,jpn5,1,0.95,engaged,60.21,-0.0143,-0.0039,-0.0059,-0.0049,-0.009,-0.0059,-126.49,-134.99,-64.51,338.43,2191.17,178.61,2.64,0.19,3.58,2.81,1.42,3.64,5.0,1.36,3.01,4.86,2.98,2.08,2.02,5.0,2.48,0.27,4.73,5.0,0.0,3.99,2.6,0
2026-01-30T12:31:16.099168,306,student_4_youtube_wjFILuh9u_4_6f4020b2_05273f46,youtube_wjFILuh9u_4_6f4020b2,jpn5,1,0.95,engaged,60.95,-0.0138,-0.0022,-0.0059,-0.0041,-0.0059,-0.0058,-128.94,-147.16,-64.45,365.04,2215.19,178.45,0.71,0.52,3.58,2.81,1.42,3.82,5.0,1.18,3.01,4.59,2.96,2.07,2.04,5.0,2.47,0.22,4.78,5.0,0.0,3.98,2.6,0
2026-01-30T12:31:17.098597,307,student_4_youtube_wjFILuh9u_4_6f4020b2_05273f46,youtube_wjFILuh9u_4_6f4020b2,jpn5,1,0.95,engaged,61.24,-0.0141,-0.0007,-0.0059,-0.0027,-0.0043,-0.0059,-134.29,-158.84,-76.23,335.02,2191.71,177.35,2.26,0.2,3.16,2.44,1.84,3.82,5.0,1.18,3.0,4.91,3.05,2.13,1.95,5.0,2.54,0.11,4.89,5.0,0.0,4.03,2.48,0
2026-01-30T12:31:18.121408,308,student_4_youtube_wjFILuh9u_4_6f4020b2_05273f46,youtube_wjFILuh9u_4_6f4020b2,jpn5,1,0.95,engaged,62.25,-0.013,-0.0031,-0.006,-0.0042,-0.0134,-0.006,-130.02,-133.39,-71.35,326.6,2169.19,179.34,0.77,-0.12,3.0,2.27,2.0,4.06,5.0,0.94,3.04,4.91,3.01,2.11,1.99,5.0,2.51,0.47,4.53,5.0,0.0,4.0,2.42,0
2026-01-30T12:31:19.128543,309,student_4_youtube_wjFILuh9u_4_6f4020b2_05273f46,youtube_wjFILuh9u_4_6f4020b2,jpn5,1,0.95,engaged,58.94,-0.0049,0.0006,-0.0059,-0.0033,-0.0141,-0.0059,-145.57,30.95,-70.91,334.73,2177.39,179.51,2.92,-0.12,3.79,2.95,1.21,3.35,5.0,1.65,3.04,4.88,3.0,2.1,2.0,5.0,2.5,0.42,4.58,5.0,0.0,4.0,2.65,0
2026-01-30T12:31:20.153983,310,student_4_youtube_wjFILuh9u_4_6f4020b2_05273f46,youtube_wjFILuh9u_4_6f4020b2,jpn5,1,0.95,engaged,57.9,-0.0029,0.0015,-0.0059,-0.0055,-0.0092,-0.0057,-145.09,21.93,-34.51,370.15,2239.53,177.07,-4.37,0.91,4.04,3.26,0.96,3.12,5.0,1.88,2.95,4.67,3.03,2.12,1.97,5.0,2.52,0.29,4.71,5.0,0.0,4.01,2.75,0
2026-01-30T12:31:21.197091,311,student_4_youtube_wjFILuh9u_4_6f4020b2_05273f46,youtube_wjFILuh9u_4_6f4020b2,jpn5,1,0.95,engaged,57.17,-0.0076,0.0007,-0.006,-0.0036,-0.0092,-0.0059,-138.1,25.52,-47.96,330.3,2190.84,176.44,-1.13,-0.65,3.73,3.01,1.27,2.89,5.0,2.11,3.01,5.0,3.13,2.19,1.87,5.0,2.61,0.35,4.65,5.0,0.0,4.06,2.67,0
2026-01-30T12:31:22.220938,312,student_4_youtube_wjFILuh9u_4_6f4020b2_05273f46,youtube_wjFILuh9u_4_6f4020b2,jpn5,1,0.95,engaged,59.89,-0.0126,-0.0019,-0.0059,-0.0038,-0.0104,-0.0059,-131.41,-140.74,-67.93,331.68,2180.66,178.79,2.32,-0.4,3.55,2.78,1.45,3.53,5.0,1.47,3.02,4.73,3.06,2.14,1.94,5.0,2.55,0.39,4.61,5.0,0.0,4.03,2.59,0
2026-01-30T12:31:23.244482,313,student_4_youtube_wjFILuh9u_4_6f4020b2_05273f46,youtube_wjFILuh9u_4_6f4020b2,jpn5,1,0.95,engaged,59.87,-0.0079,-0.0011,-0.0057,-0.0038,-0.0106,-0.0057,-136.23,-143.48,-73.69,343.26,2164.93,179.98,4.89,-1.17,3.56,2.73,1.44,3.56,5.0,1.44,3.06,4.86,2.97,2.08,2.03,5.0,2.48,0.35,4.65,5.0,0.0,3.99,2.58,0
2026-01-30T12:31:24.248298,314,student_4_youtube_wjFILuh9u_4_6f4020b2_05273f46,youtube_wjFILuh9u_4_6f4020b2,jpn5,1,0.95,engaged,59.83,-0.005,-0.002,-0.0057,-0.0045,-0.0076,-0.0057,-140.58,-143.75,-72.37,366.98,2205.43,179.78,5.92,-1.29,3.29,2.5,1.71,3.55,5.0,1.45,3.02,4.74,2.93,2.05,2.07,5.0,2.44,0.63,4.37,5.0,0.0,3.96,2.5,0
2026-01-30T12:31:25.279334,315,student_4_youtube_wjFILuh9u_4_6f4020b2_05273f46,youtube_wjFILuh9u_4_6f4020b2,jpn5,1,0.95,engaged,59.73,-0.0083,-0.0015,-0.0059,-0.0032,-0.0094,-0.006,-138.73,-144.08,-108.18,331.87,2171.9,179.42,11.13,-2.51,2.93,2.22,2.07,3.46,5.0,1.54,2.98,4.88,3.04,2.13,1.96,5.0,2.54,0.2,4.8,5.0,0.0,4.02,2.41,0
2026-01-30T12:31:26.324532,316,student_4_youtube_wjFILuh9u_4_6f4020b2_05273f46,youtube_wjFILuh9u_4_6f4020b2,jpn5,1,0.95,engaged,60.23,-0.0077,-0.0037,-0.0058,-0.0028,-0.0092,-0.0059,-140.9,-135.04,-144.44,332.08,2165.29,-179.65,12.4,-2.43,2.99,2.19,2.01,3.58,5.0,1.42,3.04,4.65,3.03,2.12,1.97,5.0,2.52,0.34,4.66,5.0,0.0,4.01,2.4,0
2026-01-30T12:31:27.337793,317,student_4_youtube_wjFILuh9u_4_6f4020b2_05273f46,youtube_wjFILuh9u_4_6f4020b2,jpn5,1,0.95,engaged,60.1,-0.0082,-0.0037,-0.0057,0.0007,0.0006,-0.0058,24.45,13.81,-164.82,340.7,2163.04,178.89,15.62,-3.59,3.12,2.29,1.88,3.57,5.0,1.43,3.03,4.87,2.99,2.09,2.01,5.0,2.49,0.26,4.74,5.0,0.0,4.0,2.43,0
2026-01-30T12:31:28.364685,318,student_4_youtube_wjFILuh9u_4_6f4020b2_05273f46,youtube_wjFILuh9u_4_6f4020b2,jpn5,1,0.95,engaged,60.87,-0.0059,-0.0027,-0.0058,-0.0025,-0.0098,-0.0059,-145.8,-138.05,-135.73,344.57,2194.96,178.34,13.35,-1.42,3.05,2.27,1.95,3.74,5.0,1.26,2.91,4.78,3.01,2.1,1.99,5.0,2.5,0.06,4.94,5.0,0.0,4.0,2.42,0
2026-01-30T12:31:29.369552,319,student_4_youtube_wjFILuh9u_4_6f4020b2_05273f46,youtube_wjFILuh9u_4_6f4020b2,jpn5,1,0.95,engaged,61.42,-0.0058,-0.0035,-0.0059,-0.0028,-0.0071,-0.0061,-145.28,-139.95,-141.58,333.21,2183.86,178.66,10.85,-1.68,2.98,2.2,2.02,3.83,5.0,1.17,2.97,4.86,3.09,2.17,1.91,5.0,2.58,0.16,4.84,5.0,0.0,4.04,2.4,0
2026-01-30T12:31:30.396646,320,student_4_youtube_wjFILuh9u_4_6f4020b2_05273f46,youtube_wjFILuh9u_4_6f4020b2,jpn5,1,0.95,engaged,60.67,-0.0053,-0.0026,-0.006,-0.004,-0.0081,-0.0061,-142.56,-141.51,-125.28,327.75,2176.37,179.06,8.01,-1.27,2.91,2.19,2.09,3.69,5.0,1.31,2.92,4.95,3.01,2.1,1.99,5.0,2.51,0.13,4.87,5.0,0.0,4.0,2.4,0
2026-01-30T12:31:31.433627,321,student_4_youtube_wjFILuh9u_4_6f4020b2_05273f46,youtube_wjFILuh9u_4_6f4020b2,jpn5,1,0.95,engaged,58.55,-0.0071,-0.0031,-0.0058,-0.003,-0.0088,-0.0059,-141.32,-137.85,-131.78,361.83,2204.23,177.75,11.75,-3.22,3.23,2.53,1.77,3.21,5.0,1.79,3.0,4.88,3.04,2.13,1.96,5.0,2.53,0.39,4.61,5.0,0.0,4.02,2.51,0
2026-01-30T12:31:32.455219,322,student_4_youtube_wjFILuh9u_4_6f4020b2_05273f46,youtube_wjFILuh9u_4_6f4020b2,jpn5,1,0.95,engaged,59.44,-0.006,-0.0039,-0.0057,-0.0009,-0.0048,-0.0059,-152.35,-143.44,-160.09,347.92,2212.55,178.66,13.83,-2.11,3.2,2.39,1.8,3.43,5.0,1.57,2.95,4.81,2.98,2.09,2.02,5.0,2.48,0.1,4.9,5.0,0.0,3.99,2.46,0
2026-01-30T12:31:33.486476,323,student_4_youtube_wjFILuh9u_4_6f4020b2_05273f46,youtube_wjFILuh9u_4_6f4020b2,jpn5,1,0.95,engaged,59.87,-0.0077,-0.0043,-0.0058,0.0012,-0.0024,-0.006,20.85,-150.64,-163.95,341.17,2195.78,179.14,13.93,-2.0,3.09,2.28,1.91,3.51,5.0,1.49,2.99,4.81,3.01,2.11,1.99,5.0,2.51,0.2,4.8,5.0,0.0,4.0,2.43,0
2026-01-30T12:31:34.492673,324,student_4_youtube_wjFILuh9u_4_6f4020b2_05273f46,youtube_wjFILuh9u_4_6f4020b2,jpn5,1,0.95,engaged,55.08,-0.0003,0.0021,-0.0063,-0.0019,-0.004,-0.006,-169.92,7.59,38.49,303.8,2141.08,174.81,-15.94,7.34,4.57,3.68,0.43,2.49,4.99,2.51,2.89,5.0,3.06,2.14,1.94,5.0,2.55,0.41,4.59,5.0,0.0,4.03,2.89,0.02
2026-01-30T12:31:35.514542,325,student_4_youtube_wjFILuh9u_4_6f4020b2_05273f46,youtube_wjFILuh9u_4_6f4020b2,jpn5,1,0.95,engaged,58.86,-0.0038,-0.0009,-0.0059,-0.0031,-0.0085,-0.0058,-149.31,-147.83,-5.85,361.66,2233.91,177.11,-4.19,3.24,3.71,2.96,1.29,3.33,5.0,1.67,2.95,4.64,3.0,2.1,2.0,5.0,2.5,0.35,4.65,5.0,0.0,4.0,2.65,0
2026-01-30T12:31:36.557037,326,student_4_youtube_wjFILuh9u_4_6f4020b2_05273f46,youtube_wjFILuh9u_4_6f4020b2,jpn5,1,0.95,engaged,54.51,-0.0052,-0.0003,-0.0059,-0.0025,-0.0075,-0.0059,-147.56,-152.48,-26.43,338.12,2231.89,177.26,0.14,2.34,4.39,3.6,0.61,2.38,5.0,2.62,3.02,4.69,2.98,2.09,2.02,5.0,2.48,0.17,4.83,5.0,0.0,3.99,2.87,0.24
2026-01-30T12:31:37.577820,327,student_4_youtube_wjFILuh9u_4_6f4020b2_05273f46,youtube_wjFILuh9u_4_6f4020b2,jpn5,1,0.95,engaged,61.51,-0.0142,-0.0039,-0.0059,-0.0001,-0.0077,-0.0058,-145.84,-137.08,-23.02,328.89,2201.19,178.21,-2.15,2.87,3.19,2.38,1.81,3.91,5.0,1.09,2.97,4.76,2.98,2.09,2.02,5.0,2.49,0.52,4.48,5.0,0.0,3.99,2.46,0
2026-01-30T12:31:38.602850,328,student_4_youtube_wjFILuh9u_4_6f4020b2_05273f46,youtube_wjFILuh9u_4_6f4020b2,jpn5,1,0.95,engaged,58.98,-0.0127,-0.0004,-0.0058,-0.0031,-0.0128,-0.0058,-133.25,-145.19,-17.05,340.69,2204.19,179.73,-2.61,3.6,3.93,3.09,1.07,3.38,5.0,1.62,3.03,4.71,2.97,2.08,2.03,5.0,2.48,0.47,4.53,5.0,0.0,3.99,2.7,0
2026-01-30T12:31:39.607726,329,student_4_youtube_wjFILuh9u_4_6f4020b2_05273f46,youtube_wjFILuh9u_4_6f4020b2,jpn5,1,0.95,engaged,59.0,-0.013,-0.0039,-0.0059,-0.001,-0.0038,-0.0058,-142.24,-146.74,-21.56,343.68,2229.43,177.81,-3.35,3.33,3.78,3.02,1.22,3.41,5.0,1.59,3.0,4.6,2.9,2.03,2.1,5.0,2.41,0.26,4.74,5.0,0.0,3.95,2.67,0
2026-01-30T12:31:40.632092,330,student_4_youtube_wjFILuh9u_4_6f4020b2_05273f46,youtube_wjFILuh9u_4_6f4020b2,jpn5,1,0.95,engaged,56.88,-0.009,-0.0032,-0.0059,-0.001,-0.0106,-0.0058,-146.96,-135.15,-24.81,327.57,2204.79,177.78,-1.18,2.87,3.92,3.19,1.08,2.92,5.0,2.08,2.98,4.85,2.93,2.05,2.07,5.0,2.45,0.33,4.67,5.0,0.0,3.96,2.73,0
2026-01-30T12:31:41.678848,331,student_4_youtube_wjFILuh9u_4_6f4020b2_05273f46,youtube_wjFILuh9u_4_6f4020b2,jpn5,1,0.95,engaged,59.91,-0.0077,-0.0025,-0.0057,-0.0008,-0.0064,-0.0058,-149.54,-144.21,-110.17,346.39,2204.27,178.62,11.7,0.76,3.68,2.82,1.32,3.58,4.94,1.42,3.06,4.96,3.05,2.14,1.95,5.0,2.54,0.48,4.52,5.0,0.0,4.0,2.61,0
2026-01-30T12:31:42.697198,332,student_4_youtube_wjFILuh9u_4_6f4020b2_05273f46,youtube_wjFILuh9u_4_6f4020b2,jpn5,1,0.95,engaged,59.84,-0.0061,-0.0027,-0.0059,-0.0015,-0.0097,-0.006,-150.04,-138.55,-118.8,346.22,2202.2,176.71,12.51,0.27,3.69,2.9,1.31,3.56,4.96,1.44,2.97,4.76,3.04,2.13,1.96,5.0,2.53,0.1,4.9,5.0,0.0,4.0,2.63,0
2026-01-30T12:31:43.722718,333,student_4_youtube_wjFILuh9u_4_6f4020b2_05273f46,youtube_wjFILuh9u_4_6f4020b2,jpn5,1,0.95,engaged,59.68,-0.0076,-0.0028,-0.006,-0.0011,-0.0059,-0.0061,-148.84,-145.14,-117.62,338.07,2215.7,178.3,10.44,0.44,3.49,2.71,1.51,3.51,5.0,1.49,2.98,4.95,2.98,2.09,2.02,5.0,2.49,0.3,4.7,5.0,0.0,3.99,2.57,0
2026-01-30T12:31:44.727742,334,student_4_youtube_wjFILuh9u_4_6f4020b2_05273f46,youtube_wjFILuh9u_4_6f4020b2,jpn5,1,0.95,engaged,58.24,-0.0046,-0.0022,-0.006,-0.0026,-0.0043,-0.0061,-149.79,-152.41,-112.59,334.2,2210.09,178.28,10.24,0.98,3.63,2.88,1.37,3.16,5.0,1.84,2.93,4.92,3.05,2.13,1.95,5.0,2.54,0.29,4.71,5.0,0.0,4.03,2.63,0
2026-01-30T12:31:45.751287,335,student_4_youtube_wjFILuh9u_4_6f4020b2_05273f46,youtube_wjFILuh9u_4_6f4020b2,jpn5,1,0.95,engaged,59.7,-0.0031,-0.0017,-0.006,-0.0031,-0.0072,-0.0061,-152.66,-147.07,-100.77,343.67,2203.04,-179.25,8.54,1.85,3.65,2.91,1.35,3.52,5.0,1.48,2.98,4.75,3.01,2.11,1.99,5.0,2.51,0.35,4.65,5.0,0.0,4.0,2.64,0
2026-01-30T12:31:46.792904,336,student_4_youtube_wjFILuh9u_4_6f4020b2_05273f46,youtube_wjFILuh9u_4_6f4020b2,jpn5,1,0.95,engaged,59.3,-0.0041,-0.002,-0.0059,-0.0025,-0.0101,-0.0059,-151.03,-140.87,-79.81,359.43,2231.78,178.86,5.98,2.14,3.8,3.05,1.2,3.44,5.0,1.56,2.96,4.58,3.0,2.1,2.0,5.0,2.5,0.53,4.47,5.0,0.0,4.0,2.68,0
2026-01-30T12:31:47.819040,337,student_4_youtube_wjFILuh9u_4_6f4020b2_05273f46,youtube_wjFILuh9u_4_6f4020b2,jpn5,1,0.95,engaged,61.2,-0.0113,-0.0026,-0.0058,-0.0011,-0.0081,-0.0059,-143.2,-140.87,-61.45,325.62,2170.62,178.97,3.09,1.09,3.2,2.45,1.8,3.8,5.0,1.2,3.0,4.9,3.08,2.16,1.92,5.0,2.57,0.28,4.72,5.0,0.0,4.04,2.48,0
2026-01-30T12:31:48.845200,338,student_4_youtube_wjFILuh9u_4_6f4020b2_05273f46,youtube_wjFILuh9u_4_6f4020b2,jpn5,1,0.95,engaged,63.44,-0.0122,-0.0032,-0.0058,-0.0028,-0.0041,-0.0058,-134.69,-147.96,-48.66,323.01,2181.46,179.15,2.2,1.55,2.89,2.05,2.11,4.32,5.0,0.68,3.06,4.7,3.01,2.11,1.99,5.0,2.51,0.44,4.56,5.0,0.0,4.0,2.35,0
2026-01-30T12:31:49.851154,339,student_4_youtube_wjFILuh9u_4_6f4020b2_05273f46,youtube_wjFILuh9u_4_6f4020b2,jpn5,1,0.95,engaged,60.68,-0.0051,-0.0037,-0.006,-0.005,-0.0087,-0.006,-139.92,-136.51,-20.69,331.9,2188.79,-179.83,-3.09,2.56,3.32,2.53,1.68,3.67,5.0,1.33,3.03,4.49,3.12,2.19,1.88,5.0,2.6,0.63,4.37,5.0,0.0,4.06,2.51,0
2026-01-30T12:31:50.875057,340,student_4_youtube_wjFILuh9u_4_6f4020b2_05273f46,youtube_wjFILuh9u_4_6f4020b2,jpn5,1,0.95,engaged,58.77,-0.0034,-0.0028,-0.0066,0.0029,-0.0044,-0.0064,1.47,-151.41,92.71,326.78,2114.84,-178.31,-13.13,4.41,4.11,3.21,0.89,3.21,5.0,1.79,3.2,4.79,3.29,2.3,1.71,5.0,2.74,0.71,4.29,5.0,0.0,4.14,2.74,0
2026-01-30T12:31:51.916881,341,student_4_youtube_wjFILuh9u_4_6f4020b2_05273f46,youtube_wjFILuh9u_4_6f4020b2,jpn5,1,0.95,engaged,60.0,-0.0015,-0.0031,-0.0063,0.0025,-0.0036,-0.0062,-4.58,-151.79,76.71,278.98,2138.6,179.39,-8.41,3.7,3.97,3.16,1.03,3.59,5.0,1.41,3.11,5.0,3.05,2.14,1.95,5.0,2.54,0.42,4.58,5.0,0.0,4.03,2.72,0
2026-01-30T12:31:52.938129,342,student_4_youtube_wjFILuh9u_4_6f4020b2_05273f46,youtube_wjFILuh9u_4_6f4020b2,jpn5,1,0.95,engaged,59.56,-0.0033,-0.0007,-0.0063,0.0025,-0.0055,-0.0062,2.56,-156.27,72.13,276.27,2129.3,-177.56,-6.05,3.61,4.13,3.29,0.87,3.44,5.0,1.56,3.17,4.67,3.19,2.23,1.81,5.0,2.66,0.39,4.61,5.0,0.0,4.09,2.76,0
2026-01-30T12:31:53.963551,343,student_4_youtube_wjFILuh9u_4_6f4020b2_05273f46,youtube_wjFILuh9u_4_6f4020b2,jpn5,1,0.95,engaged,59.64,-0.0025,-0.002,-0.0063,0.0,-0.0088,-0.0061,10.65,-143.28,57.54,271.68,2148.7,179.01,-9.28,4.42,3.64,2.83,1.36,3.5,5.0,1.5,3.02,5.0,3.01,2.1,1.99,5.0,2.51,0.54,4.46,5.0,0.0,4.0,2.61,0
2026-01-30T12:31:54.973811,344,student_4_youtube_wjFILuh9u_4_6f4020b2_05273f46,youtube_wjFILuh9u_4_6f4020b2,jpn5,1,0.95,engaged,60.58,-0.0023,-0.0019,-0.0063,0.0024,-0.0044,-0.0062,-0.63,-153.85,50.26,263.02,2128.65,-179.25,-6.81,4.02,3.85,3.02,1.15,3.67,5.0,1.33,3.17,4.84,3.15,2.21,1.85,5.0,2.63,0.73,4.27,5.0,0.0,4.08,2.67,0
2026-01-30T12:31:55.994390,345,student_4_youtube_wjFILuh9u_4_6f4020b2_05273f46,youtube_wjFILuh9u_4_6f4020b2,jpn5,1,0.95,engaged,60.02,-0.0032,-0.001,-0.0063,0.004,-0.0037,-0.0061,-3.06,-159.59,57.53,271.92,2126.15,-178.08,-10.83,4.92,4.24,3.39,0.76,3.61,5.0,1.39,3.12,4.92,3.06,2.14,1.94,5.0,2.55,0.57,4.43,5.0,0.0,4.03,2.8,0
2026-01-30T12:31:57.035484,346,student_4_youtube_wjFILuh9u_4_6f4020b2_05273f46,youtube_wjFILuh9u_4_6f4020b2,jpn5,1,0.95,engaged,59.17,-0.0024,-0.0023,-0.0064,0.0028,-0.0031,-0.0062,-1.88,-157.0,67.69,282.53,2146.79,-178.96,-12.85,6.07,4.71,3.81,0.29,3.44,5.0,1.56,3.08,4.93,3.07,2.15,1.93,5.0,2.56,0.46,4.54,5.0,0.0,4.04,2.94,0
2026-01-30T12:31:58.058821,347,student_4_youtube_wjFILuh9u_4_6f4020b2_05273f46,youtube_wjFILuh9u_4_6f4020b2,jpn5,1,0.95,engaged,60.29,-0.0038,-0.0032,-0.0063,0.0021,-0.0019,-0.0061,6.07,-158.29,70.94,279.46,2122.04,179.68,-12.31,7.04,4.2,3.31,0.8,3.66,5.0,1.34,3.03,4.98,3.07,2.15,1.93,5.0,2.56,0.5,4.5,5.0,0.0,4.04,2.77,0
2026-01-30T12:31:59.085669,348,student_4_youtube_wjFILuh9u_4_6f4020b2_05273f46,youtube_wjFILuh9u_4_6f4020b2,jpn5,1,0.95,engaged,58.11,-0.0042,0.0001,-0.0062,-0.0042,-0.0031,-0.0061,-145.52,13.47,51.79,254.57,2142.69,179.56,-9.49,6.76,4.36,3.51,0.64,3.15,5.0,1.85,3.06,5.0,3.12,2.19,1.88,5.0,2.6,0.57,4.43,5.0,0.0,4.06,2.84,0
2026-01-30T12:32:00.093702,349,student_4_youtube_wjFILuh9u_4_6f4020b2_05273f46,youtube_wjFILuh9u_4_6f4020b2,jpn5,1,0.95,engaged,59.21,-0.0051,-0.0037,-0.0063,0.0002,-0.0057,-0.0061,18.31,-143.47,62.47,253.21,2107.88,-179.2,-11.05,6.78,4.11,3.23,0.89,3.38,5.0,1.62,3.13,4.88,3.13,2.19,1.87,5.0,2.61,0.38,4.62,5.0,0.0,4.06,2.74,0
2026-01-30T12:32:01.113908,350,student_4_youtube_wjFILuh9u_4_6f4020b2_05273f46,youtube_wjFILuh9u_4_6f4020b2,jpn5,1,0.95,engaged,58.35,-0.0033,-0.0016,-0.0061,0.0008,-0.0048,-0.006,10.05,-153.27,48.13,281.31,2131.91,-179.17,-8.62,5.45,4.3,3.52,0.7,3.19,5.0,1.81,3.08,4.97,3.16,2.21,1.84,5.0,2.63,0.5,4.5,5.0,0.0,4.08,2.84,0
2026-01-30T12:32:02.156241,351,student_4_youtube_wjFILuh9u_4_6f4020b2_05273f46,youtube_wjFILuh9u_4_6f4020b2,jpn5,1,0.95,engaged,59.24,-0.0037,-0.0029,-0.0062,-0.0006,-0.0046,-0.006,-161.46,-148.71,43.19,248.99,2140.24,177.68,-9.68,6.16,4.28,3.42,0.72,3.38,5.0,1.62,3.04,5.0,3.18,2.23,1.82,5.0,2.65,0.29,4.71,5.0,0.0,4.09,2.81,0
2026-01-30T12:32:03.177846,352,student_4_youtube_wjFILuh9u_4_6f4020b2_05273f46,youtube_wjFILuh9u_4_6f4020b2,jpn5,1,0.95,engaged,59.38,-0.0043,-0.0019,-0.0063,0.0003,-0.003,-0.0061,15.98,-158.63,38.99,243.42,2146.17,179.69,-7.77,5.69,4.22,3.43,0.78,3.43,5.0,1.57,3.02,4.87,3.14,2.2,1.86,5.0,2.62,0.58,4.42,5.0,0.0,4.07,2.81,0
2026-01-30T12:32:04.204580,353,student_4_youtube_wjFILuh9u_4_6f4020b2_05273f46,youtube_wjFILuh9u_4_6f4020b2,jpn5,1,0.95,engaged,59.26,-0.0014,0.0003,-0.0062,-0.0009,-0.0113,-0.0061,-169.7,29.7,21.54,224.01,2163.77,179.8,-2.42,3.99,4.23,3.45,0.77,3.36,5.0,1.64,3.05,4.86,3.25,2.28,1.75,5.0,2.71,0.23,4.77,5.0,0.0,4.12,2.82,0
2026-01-30T12:32:05.210548,354,student_4_youtube_wjFILuh9u_4_6f4020b2_05273f46,youtube_wjFILuh9u_4_6f4020b2,jpn5,1,0.95,engaged,69.1,0.0006,0.0011,-0.0061,-0.0008,-0.0097,-0.0059,1.3,23.96,33.29,253.71,2137.16,-179.06,-11.87,4.15,4.5,3.69,0.5,2.98,5.0,2.02,3.01,4.98,3.0,2.1,2.0,5.0,2.5,0.35,4.65,5.0,0.0,4.0,2.9,0
2026-01-30T12:32:06.238892,355,student_4_youtube_wjFILuh9u_4_6f4020b2_05273f46,youtube_wjFILuh9u_4_6f4020b2,jpn5,1,0.95,engaged,70.22,0.0001,0.0039,-0.0062,-0.0021,-0.0106,-0.0061,9.02,13.9,16.03,230.41,2151.31,179.19,-6.16,3.63,4.12,3.34,0.88,3.16,5.0,1.84,3.03,5.0,3.13,2.19,1.87,5.0,2.61,0.08,4.92,5.0,0.0,4.06,2.78,0
2026-01-30T12:32:07.284693,356,student_4_youtube_wjFILuh9u_4_6f4020b2_05273f46,youtube_wjFILuh9u_4_6f4020b2,jpn5,1,0.95,engaged,58.1,-0.002,-0.0001,-0.0062,-0.0023,-0.0094,-0.0061,-160.89,-150.99,21.53,229.54,2137.11,-179.13,-8.15,3.93,4.11,3.36,0.89,3.12,5.0,1.88,3.07,4.84,3.16,2.21,1.84,5.0,2.63,0.29,4.71,5.0,0.0,4.08,2.79,0
2026-01-30T12:32:08.300216,357,student_4_youtube_wjFILuh9u_4_6f4020b2_05273f46,youtube_wjFILuh9u_4_6f4020b2,jpn5,1,0.95,engaged,57.33,-0.0028,-0.0004,-0.0062,-0.0016,-0.0151,-0.0061,-160.48,-144.32,19.84,232.96,2125.7,-178.12,-7.6,4.11,4.24,3.41,0.76,2.96,5.0,2.04,3.07,4.73,3.12,2.19,1.88,5.0,2.6,0.35,4.65,5.0,0.0,4.06,2.8,0
2026-01-30T12:32:09.322932,358,student_4_youtube_wjFILuh9u_4_6f4020b2_05273f46,youtube_wjFILuh9u_4_6f4020b2,jpn5,1,0.95,engaged,57.4,-0.0037,-0.0029,-0.0061,0.0005,-0.0132,-0.0059,13.22,-134.37,33.39,230.16,2167.38,179.04,-10.71,5.49,3.92,3.14,1.08,2.99,5.0,2.01,2.93,4.73,3.04,2.13,1.96,5.0,2.54,0.35,4.65,5.0,0.0,4.02,2.71,0
2026-01-30T12:32:10.329622,359,student_4_youtube_wjFILuh9u_4_6f4020b2_05273f46,youtube_wjFILuh9u_4_6f4020b2,jpn5,1,0.95,engaged,59.35,0.0005,-0.0004,-0.0063,-0.0018,-0.0091,-0.0061,5.79,-150.23,36.89,226.46,2154.2,-179.04,-9.19,4.46,4.07,3.31,0.93,3.43,5.0,1.57,2.99,4.87,3.1,2.17,1.9,5.0,2.58,0.49,4.51,5.0,0.0,4.05,2.77,0
2026-01-30T12:32:11.354893,360,student_4_youtube_wjFILuh9u_4_6f4020b2_05273f46,youtube_wjFILuh9u_4_6f4020b2,jpn5,1,0.95,engaged,59.22,-0.0006,-0.0001,-0.0063,-0.0003,-0.0076,-0.0061,-175.98,-154.12,35.17,222.96,2150.19,-178.73,-7.92,4.7,4.28,3.49,0.72,3.41,5.0,1.59,3.02,4.71,3.11,2.17,1.89,5.0,2.59,0.48,4.52,5.0,0.0,4.05,2.83,0
2026-01-30T12:32:12.403868,361,student_4_youtube_wjFILuh9u_4_6f4020b2_05273f46,youtube_wjFILuh9u_4_6f4020b2,jpn5,1,0.95,engaged,58.46,0.0004,0.0004,-0.0061,-0.0007,-0.0129,-0.006,1.09,30.57,47.95,241.13,2171.85,-179.21,-8.22,4.84,4.4,3.58,0.6,3.27,5.0,1.73,3.02,4.75,3.04,2.12,1.96,5.0,2.53,0.26,4.74,5.0,0.0,4.02,2.86,0
2026-01-30T12:32:13.420462,362,student_4_youtube_wjFILuh9u_4_6f4020b2_05273f46,youtube_wjFILuh9u_4_6f4020b2,jpn5,1,0.95,engaged,60.21,0.0006,-0.0001,-0.0061,0.0012,-0.009,-0.006,171.46,-151.07,36.21,222.72,2156.35,179.31,-7.21,5.01,4.19,3.37,0.81,3.66,5.0,1.34,2.97,5.0,3.04,2.13,1.96,5.0,2.53,0.4,4.6,5.0,0.0,4.02,2.79,0
2026-01-30T12:32:14.444470,363,student_4_youtube_wjFILuh9u_4_6f4020b2_05273f46,youtube_wjFILuh9u_4_6f4020b2,jpn5,1,0.95,engaged,70.14,0.0031,0.0013,-0.0062,-0.001,-0.0091,-0.006,-8.58,22.39,15.16,223.66,2127.68,-178.99,-8.35,3.42,4.01,3.27,0.99,3.12,5.0,1.88,3.04,4.82,3.17,2.22,1.83,5.0,2.64,0.43,4.57,5.0,0.0,4.08,2.76,0
2026-01-30T12:32:15.455925,364,student_4_youtube_wjFILuh9u_4_6f4020b2_05273f46,youtube_wjFILuh9u_4_6f4020b2,jpn5,1,0.95,engaged,58.85,0.0007,-0.0011,-0.0063,-0.0009,-0.0139,-0.0061,0.81,-141.77,28.01,230.59,2135.0,-177.91,-10.35,4.13,4.29,3.49,0.71,3.3,5.0,1.7,3.04,4.7,3.17,2.22,1.83,5.0,2.64,0.36,4.64,5.0,0.0,4.08,2.83,0
2026-01-30T12:32:16.480705,365,student_4_youtube_wjFILuh9u_4_6f4020b2_05273f46,youtube_wjFILuh9u_4_6f4020b2,jpn5,1,0.95,engaged,60.35,-0.0008,-0.0013,-0.0061,-0.0013,-0.0075,-0.006,-170.27,-148.4,25.63,249.41,2179.02,178.96,-9.01,5.04,4.04,3.2,0.96,3.67,5.0,1.33,2.99,4.82,3.06,2.14,1.94,5.0,2.55,0.39,4.61,5.0,0.0,4.03,2.73,0
2026-01-30T12:32:17.516552,366,student_4_youtube_wjFILuh9u_4_6f4020b2_05273f46,youtube_wjFILuh9u_4_6f4020b2,jpn5,1,0.95,engaged,71.46,0.001,0.0007,-0.0063,-0.0018,-0.0066,-0.0061,3.65,20.24,15.38,222.75,2159.48,179.33,-5.39,4.49,4.11,3.35,0.89,3.45,5.0,1.55,3.02,4.94,3.12,2.18,1.88,5.0,2.6,0.19,4.81,5.0,0.0,4.06,2.78,0
2026-01-30T12:32:18.538186,367,student_4_youtube_wjFILuh9u_4_6f4020b2_05273f46,youtube_wjFILuh9u_4_6f4020b2,jpn5,1,0.95,engaged,59.98,0.0016,-0.0011,-0.0062,-0.0011,-0.0125,-0.0061,-2.08,-143.07,9.15,222.76,2152.45,-179.07,-3.68,4.64,4.05,3.26,0.95,3.56,5.0,1.44,3.03,4.67,3.13,2.19,1.87,5.0,2.61,0.22,4.78,5.0,0.0,4.06,2.75,0
2026-01-30T12:32:19.564259,368,student_4_youtube_wjFILuh9u_4_6f4020b2_05273f46,youtube_wjFILuh9u_4_6f4020b2,jpn5,1,0.95,engaged,58.8,0.0024,0.0006,-0.0061,-0.0021,-0.0125,-0.0059,-1.04,29.49,19.31,249.33,2161.98,179.61,-8.75,5.11,4.43,3.64,0.57,3.37,4.91,1.63,3.0,4.98,3.13,2.19,1.87,5.0,2.61,0.28,4.72,5.0,0.0,4.02,2.88,0
2026-01-30T12:32:20.571261,369,student_4_youtube_wjFILuh9u_4_6f4020b2_05273f46,youtube_wjFILuh9u_4_6f4020b2,jpn5,1,0.95,engaged,59.94,0.001,-0.0014,-0.0063,-0.0014,-0.0106,-0.0062,1.87,-144.07,11.97,228.74,2140.48,179.07,-5.99,5.2,3.92,3.1,1.08,3.54,5.0,1.46,3.02,5.0,3.13,2.19,1.87,5.0,2.61,0.28,4.72,5.0,0.0,4.06,2.7,0
2026-01-30T12:32:21.595870,370,student_4_youtube_wjFILuh9u_4_6f4020b2_05273f46,youtube_wjFILuh9u_4_6f4020b2,jpn5,1,0.95,engaged,59.4,0.0005,-0.0008,-0.0063,-0.0015,-0.0095,-0.0061,4.57,-147.62,28.1,222.5,2171.04,179.66,-7.71,6.03,4.29,3.44,0.71,3.48,4.99,1.52,3.01,5.0,3.04,2.13,1.96,5.0,2.53,0.53,4.47,5.0,0.0,4.02,2.81,0
2026-01-30T12:32:22.644321,371,student_4_youtube_wjFILuh9u_4_6f4020b2_05273f46,youtube_wjFILuh9u_4_6f4020b2,jpn5,1,0.95,engaged,58.8,-0.0058,-0.0007,-0.0062,-0.0017,-0.0096,-0.0061,-150.79,-148.11,17.14,255.41,2146.54,-179.08,-8.18,2.99,4.17,3.36,0.83,3.34,5.0,1.66,3.07,5.0,3.02,2.12,1.98,5.0,2.52,0.48,4.52,5.0,0.0,4.01,2.79,0
2026-01-30T12:32:23.659334,372,student_4_youtube_wjFILuh9u_4_6f4020b2_05273f46,youtube_wjFILuh9u_4_6f4020b2,jpn5,1,0.95,engaged,60.83,-0.0016,-0.001,-0.0062,0.0007,-0.0067,-0.0061,4.0,-151.81,-3.7,252.59,2176.64,179.64,-3.68,2.87,3.85,3.05,1.15,3.73,5.0,1.27,2.99,4.71,3.15,2.21,1.85,5.0,2.63,0.41,4.59,5.0,0.0,4.08,2.68,0
2026-01-30T12:32:24.680764,373,student_4_youtube_wjFILuh9u_4_6f4020b2_05273f46,youtube_wjFILuh9u_4_6f4020b2,jpn5,1,0.95,engaged,60.46,-0.0004,0.0001,-0.0062,-0.0016,-0.0089,-0.0061,-170.94,27.6,4.3,249.53,2153.0,-179.93,-7.97,3.34,3.71,2.97,1.29,3.67,5.0,1.33,3.01,4.83,3.08,2.15,1.92,5.0,2.56,0.22,4.78,5.0,0.0,4.04,2.66,0
2026-01-30T12:32:25.690266,374,student_4_youtube_wjFILuh9u_4_6f4020b2_05273f46,youtube_wjFILuh9u_4_6f4020b2,jpn5,1,0.95,engaged,60.21,-0.0014,-0.0014,-0.0063,0.001,-0.0055,-0.0061,1.39,-153.05,25.65,234.24,2144.11,179.75,-10.71,4.12,3.74,2.97,1.26,3.61,5.0,1.39,3.03,5.0,3.09,2.16,1.91,5.0,2.58,0.31,4.69,5.0,0.0,4.04,2.66,0
2026-01-30T12:32:26.716733,375,student_4_youtube_wjFILuh9u_4_6f4020b2_05273f46,youtube_wjFILuh9u_4_6f4020b2,jpn5,1,0.95,engaged,58.58,-0.001,-0.0011,-0.0062,0.0008,-0.0052,-0.0061,0.81,-154.76,36.81,251.12,2164.76,179.86,-9.06,5.22,4.29,3.44,0.71,3.27,5.0,1.73,3.02,4.73,3.08,2.16,1.92,5.0,2.57,0.33,4.67,5.0,0.0,4.04,2.81,0
2026-01-30T12:32:27.756855,376,student_4_youtube_wjFILuh9u_4_6f4020b2_05273f46,youtube_wjFILuh9u_4_6f4020b2,jpn5,1,0.95,engaged,60.83,-0.0012,-0.0,-0.0063,0.0015,-0.0061,-0.0062,-1.35,-157.66,39.12,241.73,2140.3,-178.37,-8.87,5.49,4.27,3.38,0.73,3.79,5.0,1.21,3.07,4.78,3.07,2.15,1.93,5.0,2.56,0.35,4.65,5.0,0.0,4.04,2.79,0
2026-01-30T12:32:28.782724,377,student_4_youtube_wjFILuh9u_4_6f4020b2_05273f46,youtube_wjFILuh9u_4_6f4020b2,jpn5,1,0.95,engaged,61.46,-0.0023,-0.0014,-0.0063,0.0027,-0.0062,-0.0062,-1.92,-151.08,43.92,225.35,2130.89,179.62,-7.56,6.46,4.04,3.16,0.96,3.92,5.0,1.08,3.01,4.94,3.07,2.15,1.93,5.0,2.56,0.47,4.53,5.0,0.0,4.04,2.72,0
2026-01-30T12:32:29.805900,378,student_4_youtube_wjFILuh9u_4_6f4020b2_05273f46,youtube_wjFILuh9u_4_6f4020b2,jpn5,1,0.95,engaged,58.22,-0.0017,-0.0008,-0.0062,0.0021,-0.0084,-0.006,-1.99,-149.44,50.66,251.24,2166.8,179.79,-9.49,6.43,4.34,3.52,0.66,3.23,4.97,1.77,2.99,4.95,3.04,2.13,1.96,5.0,2.53,0.35,4.65,5.0,0.0,4.0,2.84,0
2026-01-30T12:32:30.809891,379,student_4_youtube_wjFILuh9u_4_6f4020b2_05273f46,youtube_wjFILuh9u_4_6f4020b2,jpn5,1,0.95,engaged,60.57,-0.0024,-0.0019,-0.0063,0.0016,-0.0048,-0.0061,3.18,-152.17,51.11,232.16,2143.82,178.41,-10.04,6.62,4.05,3.18,0.95,3.7,5.0,1.3,3.01,5.0,3.11,2.18,1.89,5.0,2.59,0.51,4.49,5.0,0.0,4.05,2.73,0
2026-01-30T12:32:31.836134,380,student_4_youtube_wjFILuh9u_4_6f4020b2_05273f46,youtube_wjFILuh9u_4_6f4020b2,jpn5,1,0.95,engaged,60.37,-0.0019,-0.0018,-0.0063,-0.0003,-0.0036,-0.0061,-170.11,-156.7,46.89,227.18,2139.0,179.58,-8.66,7.1,4.18,3.36,0.82,3.65,5.0,1.35,2.99,4.85,3.15,2.2,1.85,5.0,2.62,0.55,4.45,5.0,0.0,4.08,2.79,0
2026-01-30T12:32:32.874952,381,student_4_youtube_wjFILuh9u_4_6f4020b2_05273f46,youtube_wjFILuh9u_4_6f4020b2,jpn5,1,0.95,engaged,58.74,-0.0013,0.0003,-0.0062,0.0001,-0.0099,-0.006,5.64,28.1,36.21,244.46,2169.24,-178.16,-7.4,5.68,4.69,3.85,0.31,3.41,4.89,1.59,3.06,4.75,3.07,2.15,1.93,5.0,2.56,0.66,4.34,5.0,0.0,3.98,2.95,0
2026-01-30T12:32:33.902229,382,student_4_youtube_wjFILuh9u_4_6f4020b2_05273f46,youtube_wjFILuh9u_4_6f4020b2,jpn5,1,0.95,engaged,59.41,0.0004,-0.0007,-0.0062,0.0006,-0.0078,-0.006,175.48,-150.38,36.78,239.09,2181.71,179.14,-8.12,6.1,4.29,3.48,0.71,3.5,5.0,1.5,3.0,4.76,3.0,2.1,2.0,5.0,2.5,0.56,4.44,5.0,0.0,4.0,2.83,0
2026-01-30T12:32:34.923563,383,student_4_youtube_wjFILuh9u_4_6f4020b2_05273f46,youtube_wjFILuh9u_4_6f4020b2,jpn5,1,0.95,engaged,58.88,-0.0017,-0.0016,-0.0063,0.002,-0.0106,-0.0061,-1.64,-142.9,36.37,223.83,2158.39,179.39,-7.96,6.02,4.31,3.47,0.69,3.34,5.0,1.66,3.0,4.96,3.08,2.16,1.92,5.0,2.57,0.33,4.67,5.0,0.0,4.04,2.82,0
2026-01-30T12:32:35.929632,384,student_4_youtube_wjFILuh9u_4_6f4020b2_05273f46,youtube_wjFILuh9u_4_6f4020b2,jpn5,1,0.95,engaged,59.71,-0.003,-0.0024,-0.0062,-0.0005,-0.0086,-0.0061,-164.74,-142.01,45.38,224.25,2133.35,-179.35,-10.15,6.56,4.2,3.34,0.8,3.5,5.0,1.5,3.03,4.7,3.14,2.2,1.86,5.0,2.62,0.1,4.9,5.0,0.0,4.07,2.78,0
2026-01-30T12:32:36.955209,385,student_4_youtube_wjFILuh9u_4_6f4020b2_05273f46,youtube_wjFILuh9u_4_6f4020b2,jpn5,1,0.95,engaged,55.53,0.0012,0.0013,-0.0061,0.0003,-0.0098,-0.0059,172.93,23.34,38.17,250.83,2192.17,-178.71,-9.18,6.16,4.89,4.08,0.11,2.67,5.0,2.33,2.99,4.69,2.94,2.06,2.06,5.0,2.45,0.55,4.45,5.0,0.0,3.97,3.03,0
2026-01-30T12:32:37.998280,386,student_4_youtube_wjFILuh9u_4_6f4020b2_05273f46,youtube_wjFILuh9u_4_6f4020b2,jpn5,1,0.95,engaged,56.69,-0.0013,-0.0008,-0.0062,0.0002,-0.0036,-0.006,5.02,-160.78,43.08,217.18,2167.44,178.93,-9.64,6.53,4.36,3.55,0.64,2.82,5.0,2.18,3.0,4.85,3.13,2.19,1.87,5.0,2.61,0.21,4.79,5.0,0.0,4.06,2.85,0
2026-01-30T12:32:39.018361,387,student_4_youtube_wjFILuh9u_4_6f4020b2_05273f46,youtube_wjFILuh9u_4_6f4020b2,jpn5,1,0.95,engaged,58.84,0.0,-0.0009,-0.0063,-0.0011,-0.0098,-0.0061,4.85,-146.97,46.23,214.92,2142.81,-178.5,-8.41,6.24,4.03,3.24,0.97,3.28,5.0,1.72,3.0,4.59,3.17,2.22,1.83,5.0,2.64,0.27,4.73,5.0,0.0,4.08,2.75,0
2026-01-30T12:32:40.042669,388,student_4_youtube_wjFILuh9u_4_6f4020b2_05273f46,youtube_wjFILuh9u_4_6f4020b2,jpn5,1,0.95,engaged,59.17,0.0015,0.0001,-0.0061,0.0005,-0.0077,-0.006,170.55,25.6,31.37,211.69,2176.38,-179.47,-4.14,5.9,4.44,3.61,0.56,3.4,5.0,1.6,2.96,4.63,3.13,2.19,1.87,5.0,2.61,0.42,4.58,5.0,0.0,4.06,2.87,0
2026-01-30T12:32:41.053194,389,student_4_youtube_wjFILuh9u_4_6f4020b2_05273f46,youtube_wjFILuh9u_4_6f4020b2,jpn5,1,0.95,engaged,59.08,0.0017,0.001,-0.0062,-0.0001,-0.0096,-0.0061,-7.32,24.26,39.35,212.85,2149.65,-178.71,-7.85,6.29,4.28,3.49,0.72,3.37,5.0,1.63,2.96,4.72,3.13,2.19,1.87,5.0,2.61,0.16,4.84,5.0,0.0,4.06,2.83,0
2026-01-30T12:32:42.077166,390,student_4_youtube_wjFILuh9u_4_6f4020b2_05273f46,youtube_wjFILuh9u_4_6f4020b2,jpn5,1,0.95,engaged,58.11,0.0007,-0.0001,-0.0061,0.0008,-0.007,-0.0059,173.14,-154.55,39.31,235.33,2182.06,-179.64,-9.76,6.25,4.36,3.6,0.64,3.15,5.0,1.85,2.97,4.58,3.14,2.19,1.86,5.0,2.61,0.41,4.59,5.0,0.0,4.07,2.87,0
2026-01-30T12:32:43.084625,391,student_4_youtube_wjFILuh9u_4_6f4020b2_05273f46,youtube_wjFILuh9u_4_6f4020b2,jpn5,1,0.95,engaged,58.55,0.0004,0.0001,-0.0061,0.0002,-0.0077,-0.006,177.3,25.66,41.19,212.27,2158.33,179.18,-9.29,6.34,4.15,3.37,0.85,3.27,5.0,1.73,2.97,4.94,3.05,2.13,1.95,5.0,2.54,0.13,4.87,5.0,0.0,4.03,2.79,0
2026-01-30T12:32:44.109515,392,student_4_youtube_wjFILuh9u_4_6f4020b2_05273f46,youtube_wjFILuh9u_4_6f4020b2,jpn5,1,0.95,engaged,59.99,-0.0014,-0.0001,-0.0062,0.0011,-0.0092,-0.006,1.16,-150.97,52.65,205.09,2171.1,179.95,-8.67,6.7,4.2,3.35,0.8,3.65,4.95,1.35,2.9,4.97,3.01,2.11,1.99,5.0,2.51,0.45,4.55,5.0,0.0,3.98,2.78,0
2026-01-30T12:32:45.135485,393,student_4_youtube_wjFILuh9u_4_6f4020b2_05273f46,youtube_wjFILuh9u_4_6f4020b2,jpn5,1,0.95,engaged,57.57,0.0012,0.0005,-0.0061,0.0003,-0.0065,-0.006,173.08,21.42,45.3,226.3,2172.81,179.93,-6.61,6.72,4.41,3.61,0.59,3.07,5.0,1.93,2.99,4.85,3.03,2.12,1.97,5.0,2.53,0.39,4.61,5.0,0.0,4.01,2.87,0
2026-01-30T12:32:46.145898,394,student_4_youtube_wjFILuh9u_4_6f4020b2_05273f46,youtube_wjFILuh9u_4_6f4020b2,jpn5,1,0.95,engaged,58.41,-0.0006,0.0006,-0.0061,-0.0006,-0.003,-0.0059,-174.47,10.73,59.03,202.67,2164.22,178.89,-12.74,7.5,4.29,3.49,0.71,3.25,5.0,1.75,2.94,4.97,3.04,2.13,1.96,5.0,2.53,0.23,4.77,5.0,0.0,4.02,2.83,0
2026-01-30T12:32:47.163667,395,student_4_youtube_wjFILuh9u_4_6f4020b2_05273f46,youtube_wjFILuh9u_4_6f4020b2,jpn5,1,0.95,engaged,57.07,-0.0006,0.0009,-0.0061,-0.0026,-0.0134,-0.0059,-165.06,29.18,62.52,198.03,2160.36,179.95,-12.9,7.89,4.31,3.53,0.69,2.95,5.0,2.05,2.91,4.85,3.02,2.12,1.98,5.0,2.52,0.33,4.67,5.0,0.0,4.01,2.84,0
2026-01-30T12:32:48.203681,396,student_4_youtube_wjFILuh9u_4_6f4020b2_05273f46,youtube_wjFILuh9u_4_6f4020b2,jpn5,1,0.95,engaged,69.77,-0.0006,0.0007,-0.0062,0.0016,-0.0051,-0.006,-4.46,16.97,56.43,206.41,2154.64,-178.53,-10.29,6.87,4.5,3.66,0.5,3.1,5.0,1.9,2.99,4.74,3.08,2.15,1.92,5.0,2.57,0.27,4.73,5.0,0.0,4.04,2.89,0
2026-01-30T12:32:49.226592,397,student_4_youtube_wjFILuh9u_4_6f4020b2_05273f46,youtube_wjFILuh9u_4_6f4020b2,jpn5,1,0.95,engaged,58.09,-0.0016,-0.0004,-0.0061,0.0008,-0.006,-0.0059,3.67,-155.39,46.3,225.87,2173.18,178.92,-8.15,7.14,4.23,3.46,0.77,3.16,5.0,1.84,2.94,4.82,3.07,2.15,1.93,5.0,2.56,0.55,4.45,5.0,0.0,4.04,2.82,0
2026-01-30T12:32:50.252931,398,student_4_youtube_wjFILuh9u_4_6f4020b2_05273f46,youtube_wjFILuh9u_4_6f4020b2,jpn5,1,0.95,engaged,57.98,-0.0008,-0.0007,-0.0061,-0.0001,-0.0093,-0.0059,-175.91,-147.8,33.82,193.57,2164.86,178.33,-5.38,6.81,4.45,3.61,0.55,3.15,4.93,1.85,2.93,4.96,3.17,2.22,1.83,5.0,2.64,0.31,4.69,5.0,0.0,4.05,2.87,0
2026-01-30T12:32:51.262393,399,student_4_youtube_wjFILuh9u_4_6f4020b2_05273f46,youtube_wjFILuh9u_4_6f4020b2,jpn5,1,0.95,engaged,57.81,-0.0014,-0.0014,-0.0062,0.0017,-0.0074,-0.006,-1.71,-147.94,55.22,200.99,2166.64,-179.93,-11.33,7.94,4.36,3.57,0.64,3.18,4.98,1.82,2.95,4.8,2.92,2.04,2.08,5.0,2.43,0.32,4.68,5.0,0.0,3.95,2.86,0
2026-01-30T12:32:52.284982,400,student_4_youtube_wjFILuh9u_4_6f4020b2_05273f46,youtube_wjFILuh9u_4_6f4020b2,jpn5,1,0.95,engaged,57.73,0.0002,0.0014,-0.0061,0.0004,-0.0042,-0.0059,177.3,11.24,41.25,223.61,2190.44,-178.87,-7.48,6.63,4.74,3.95,0.26,3.19,4.9,1.81,2.98,4.7,3.04,2.13,1.96,5.0,2.53,0.24,4.76,5.0,0.0,3.97,2.98,0
2026-01-30T12:32:53.332450,401,student_4_youtube_wjFILuh9u_4_6f4020b2_05273f46,youtube_wjFILuh9u_4_6f4020b2,jpn5,1,0.95,engaged,69.96,-0.0012,0.0003,-0.006,0.0008,-0.0045,-0.0059,2.07,17.11,21.98,219.99,2178.14,178.79,-6.29,6.51,4.3,3.48,0.7,3.13,5.0,1.87,2.95,4.74,3.08,2.15,1.92,5.0,2.56,0.34,4.66,5.0,0.0,4.04,2.83,0
2026-01-30T12:32:54.346868,402,student_4_youtube_wjFILuh9u_4_6f4020b2_05273f46,youtube_wjFILuh9u_4_6f4020b2,jpn5,1,0.95,engaged,58.04,0.0017,0.0021,-0.0061,0.0025,-0.007,-0.0059,161.04,15.5,24.93,208.82,2159.11,179.17,-9.87,6.29,4.29,3.52,0.71,3.14,5.0,1.86,2.94,4.82,3.11,2.18,1.89,5.0,2.59,0.38,4.62,5.0,0.0,4.05,2.84,0
2026-01-30T12:32:55.372036,403,student_4_youtube_wjFILuh9u_4_6f4020b2_05273f46,youtube_wjFILuh9u_4_6f4020b2,jpn5,1,0.95,engaged,60.09,0.0001,0.0026,-0.0062,0.0005,-0.0077,-0.0061,177.06,14.32,28.2,212.74,2160.89,-179.47,-9.99,6.79,4.17,3.35,0.83,3.62,5.0,1.38,2.99,4.75,3.06,2.14,1.94,5.0,2.55,0.26,4.74,5.0,0.0,4.03,2.78,0
2026-01-30T12:32:56.382371,404,student_4_youtube_wjFILuh9u_4_6f4020b2_05273f46,youtube_wjFILuh9u_4_6f4020b2,jpn5,1,0.95,engaged,59.08,-0.0009,-0.002,-0.0062,0.0016,-0.0088,-0.006,-3.39,-143.21,38.05,223.42,2174.72,179.44,-9.21,7.35,4.22,3.38,0.78,3.43,4.93,1.57,2.93,4.65,3.06,2.14,1.94,5.0,2.55,0.18,4.82,5.0,0.0,4.0,2.79,0
2026-01-30T12:32:57.402896,405,student_4_youtube_wjFILuh9u_4_6f4020b2_05273f46,youtube_wjFILuh9u_4_6f4020b2,jpn5,1,0.95,engaged,59.36,0.0008,0.0016,-0.0062,0.0004,-0.0075,-0.006,174.47,18.11,39.63,207.44,2165.22,179.98,-9.65,6.7,4.49,3.63,0.51,3.52,4.88,1.48,2.98,4.95,3.13,2.19,1.87,5.0,2.61,0.24,4.76,5.0,0.0,4.0,2.88,0
2026-01-30T12:32:58.449074,406,student_4_youtube_wjFILuh9u_4_6f4020b2_05273f46,youtube_wjFILuh9u_4_6f4020b2,jpn5,1,0.95,engaged,59.25,-0.0005,-0.0005,-0.0061,0.0014,-0.0096,-0.006,-4.19,-148.81,49.82,225.52,2160.94,-177.55,-11.65,6.94,4.3,3.46,0.7,3.43,5.0,1.57,3.07,4.67,3.07,2.15,1.93,5.0,2.56,0.23,4.77,5.0,0.0,4.04,2.82,0
2026-01-30T12:32:59.471495,407,student_4_youtube_wjFILuh9u_4_6f4020b2_05273f46,youtube_wjFILuh9u_4_6f4020b2,jpn5,1,0.95,engaged,59.72,0.0006,-0.0007,-0.0061,0.0009,-0.0103,-0.0059,172.79,-146.58,42.73,222.62,2165.27,178.53,-8.87,7.99,4.33,3.49,0.67,3.53,5.0,1.47,2.91,4.66,3.1,2.17,1.9,5.0,2.58,0.24,4.76,5.0,0.0,4.05,2.83,0
2026-01-30T12:33:00.491286,408,student_4_youtube_wjFILuh9u_4_6f4020b2_05273f46,youtube_wjFILuh9u_4_6f4020b2,jpn5,1,0.95,engaged,59.96,-0.0081,0.0,-0.0061,-0.002,-0.0086,-0.0061,-144.51,27.19,-3.22,226.52,2172.99,-179.05,-0.85,3.99,4.21,3.38,0.79,3.54,5.0,1.46,3.05,4.81,3.19,2.24,1.81,5.0,2.66,0.54,4.46,5.0,0.0,4.09,2.79,0
2026-01-30T12:33:01.502017,409,student_4_youtube_wjFILuh9u_4_6f4020b2_05273f46,youtube_wjFILuh9u_4_6f4020b2,jpn5,1,0.95,engaged,60.02,-0.0011,-0.0018,-0.0062,-0.0005,-0.0104,-0.006,-172.45,-141.98,7.0,229.44,2182.51,-179.49,-5.8,5.17,4.28,3.42,0.72,3.67,4.87,1.33,3.01,4.64,3.11,2.18,1.89,5.0,2.6,0.34,4.66,5.0,0.0,3.99,2.81,0
2026-01-30T12:33:02.523263,410,student_4_youtube_wjFILuh9u_4_6f4020b2_05273f46,youtube_wjFILuh9u_4_6f4020b2,jpn5,1,0.95,engaged,59.1,0.0012,0.0011,-0.0059,0.0005,-0.0064,-0.0058,171.88,18.64,15.9,259.73,2214.94,179.79,-7.08,4.72,4.3,3.5,0.7,3.51,4.84,1.49,3.01,4.75,3.04,2.13,1.96,5.0,2.54,0.04,4.96,5.0,0.0,3.94,2.83,0
2026-01-30T12:33:03.562783,411,student_4_youtube_wjFILuh9u_4_6f4020b2_05273f46,youtube_wjFILuh9u_4_6f4020b2,jpn5,1,0.95,engaged,58.34,-0.0006,0.0016,-0.0061,-0.0012,-0.0026,-0.006,-171.77,4.47,32.06,218.19,2180.71,178.68,-8.68,6.21,4.31,3.44,0.69,3.24,4.93,1.76,3.03,4.92,3.12,2.19,1.88,5.0,2.6,0.26,4.74,5.0,0.0,4.03,2.81,0
2026-01-30T12:33:04.586531,412,student_4_youtube_wjFILuh9u_4_6f4020b2_05273f46,youtube_wjFILuh9u_4_6f4020b2,jpn5,1,0.95,engaged,58.27,-0.0007,-0.0006,-0.0062,0.0017,-0.0106,-0.006,-4.49,-147.17,24.65,218.58,2151.77,-179.78,-6.68,6.05,4.49,3.72,0.51,3.21,5.0,1.79,2.99,4.7,3.11,2.18,1.89,5.0,2.59,0.15,4.85,5.0,0.0,4.05,2.91,0
2026-01-30T12:33:05.611490,413,student_4_youtube_wjFILuh9u_4_6f4020b2_05273f46,youtube_wjFILuh9u_4_6f4020b2,jpn5,1,0.95,engaged,56.31,-0.0027,0.0009,-0.006,-0.0023,-0.0094,-0.0058,-157.07,24.7,21.56,240.45,2185.56,-179.65,-7.24,5.66,4.66,3.82,0.34,2.77,5.0,2.23,3.01,4.7,3.09,2.16,1.91,5.0,2.58,0.5,4.5,5.0,0.0,4.04,2.94,0
2026-01-30T12:33:06.620781,414,student_4_youtube_wjFILuh9u_4_6f4020b2_05273f46,youtube_wjFILuh9u_4_6f4020b2,jpn5,1,0.95,engaged,60.78,-0.0048,-0.003,-0.0062,0.001,-0.0086,-0.0061,14.29,-139.69,-8.88,230.18,2181.56,179.19,-1.2,5.05,4.09,3.29,0.91,3.76,5.0,1.24,2.98,4.71,3.1,2.17,1.9,5.0,2.58,0.3,4.7,5.0,0.0,4.05,2.76,0
2026-01-30T12:33:07.725353,415,student_4_youtube_wjFILuh9u_4_6f4020b2_05273f46,youtube_wjFILuh9u_4_6f4020b2,jpn5,1,0.95,engaged,61.1,-0.0165,-0.004,-0.0062,-0.0015,-0.0072,-0.0061,-138.29,-138.73,-13.34,232.89,2164.75,-179.22,-1.9,4.9,4.17,3.37,0.83,3.85,4.96,1.15,3.04,4.81,3.14,2.2,1.86,5.0,2.61,0.26,4.74,5.0,0.0,4.05,2.79,0
2026-01-30T12:33:08.686346,416,student_4_youtube_wjFILuh9u_4_6f4020b2_05273f46,youtube_wjFILuh9u_4_6f4020b2,jpn5,1,0.95,engaged,60.95,-0.0168,-0.0028,-0.006,-0.0018,-0.0017,-0.006,-136.43,-159.47,-37.39,268.02,2189.05,-179.33,-1.23,3.42,3.84,3.03,1.16,3.82,5.0,1.18,3.11,5.0,3.01,2.11,1.99,5.0,2.51,0.29,4.71,5.0,0.0,4.0,2.68,0
2026-01-30T12:33:09.706454,417,student_4_youtube_wjFILuh9u_4_6f4020b2_05273f46,youtube_wjFILuh9u_4_6f4020b2,jpn5,1,0.95,engaged,52.62,0.0021,0.0004,-0.0061,-0.0005,-0.0098,-0.006,-6.85,27.64,-14.49,290.85,2189.4,-179.99,-4.78,3.85,4.8,4.01,0.2,1.93,5.0,3.07,3.01,4.61,3.08,2.16,1.92,5.0,2.57,0.59,4.41,5.0,0.0,4.04,3.0,1.14
2026-01-30T12:33:10.731564,418,student_4_youtube_wjFILuh9u_4_6f4020b2_05273f46,youtube_wjFILuh9u_4_6f4020b2,jpn5,1,0.95,engaged,55.16,-0.0015,-0.0018,-0.0061,0.0005,-0.0047,-0.006,4.29,-152.94,-2.89,280.65,2215.54,178.8,-5.29,4.16,4.47,3.66,0.53,2.51,5.0,2.49,3.0,4.93,3.04,2.13,1.96,5.0,2.54,0.4,4.6,5.0,0.0,4.02,2.89,0
2026-01-30T12:33:11.736692,419,student_4_youtube_wjFILuh9u_4_6f4020b2_05273f46,youtube_wjFILuh9u_4_6f4020b2,jpn5,1,0.95,engaged,58.38,-0.0154,-0.0033,-0.006,-0.0021,-0.0055,-0.006,-136.04,-144.17,-24.07,281.66,2177.75,-179.96,-2.39,3.4,4.0,3.24,1.0,3.22,5.0,1.78,3.04,4.76,3.05,2.14,1.95,5.0,2.54,0.45,4.55,5.0,0.0,4.03,2.75,0
2026-01-30T12:33:12.760448,420,student_4_youtube_wjFILuh9u_4_6f4020b2_05273f46,youtube_wjFILuh9u_4_6f4020b2,jpn5,1,0.95,engaged,61.52,-0.0114,-0.0043,-0.006,-0.0008,-0.0116,-0.006,-145.0,-130.63,-40.15,288.76,2162.76,-178.29,3.24,3.47,3.56,2.74,1.44,3.91,5.0,1.09,3.08,4.75,3.05,2.14,1.95,5.0,2.54,0.39,4.61,5.0,0.0,4.03,2.58,0
2026-01-30T12:33:13.762102,421,student_4_youtube_wjFILuh9u_4_6f4020b2_05273f46,youtube_wjFILuh9u_4_6f4020b2,jpn5,1,0.95,engaged,60.59,-0.0146,-0.0027,-0.0059,-0.0021,-0.0072,-0.0058,-135.87,-142.03,-27.41,306.26,2182.99,179.96,0.13,3.95,3.91,3.1,1.09,3.68,5.0,1.32,3.05,4.67,3.15,2.2,1.85,5.0,2.62,0.34,4.66,5.0,0.0,4.08,2.7,0
2026-01-30T12:33:14.762114,422,student_4_youtube_wjFILuh9u_4_6f4020b2_05273f46,youtube_wjFILuh9u_4_6f4020b2,jpn5,1,0.95,engaged,59.92,-0.0074,-0.0032,-0.0059,-0.0026,-0.004,-0.0059,-142.45,-148.72,-31.77,295.18,2189.36,-179.32,1.57,3.7,3.69,2.94,1.31,3.51,5.0,1.49,3.1,4.59,3.16,2.21,1.84,5.0,2.63,0.23,4.77,5.0,0.0,4.08,2.65,0
2026-01-30T12:33:15.785993,423,student_4_youtube_wjFILuh9u_4_6f4020b2_05273f46,youtube_wjFILuh9u_4_6f4020b2,jpn5,1,0.95,engaged,61.69,-0.0028,-0.0036,-0.0059,-0.0015,-0.0042,-0.0059,-160.13,-146.42,-21.85,285.13,2176.9,-179.83,-2.46,3.62,3.52,2.79,1.48,3.93,5.0,1.07,3.05,4.74,3.11,2.17,1.89,5.0,2.59,0.38,4.62,5.0,0.0,4.05,2.6,0
2026-01-30T12:33:16.792713,424,student_4_youtube_wjFILuh9u_4_6f4020b2_05273f46,youtube_wjFILuh9u_4_6f4020b2,jpn5,1,0.95,engaged,60.89,-0.0101,-0.0039,-0.0059,-0.0035,-0.0099,-0.0059,-134.88,-133.63,-24.13,285.93,2164.44,-178.27,-0.14,3.45,3.85,3.06,1.15,3.77,5.0,1.23,3.1,4.59,3.1,2.17,1.9,5.0,2.59,0.25,4.75,5.0,0.0,4.05,2.69,0
2026-01-30T12:33:17.817749,425,student_4_youtube_wjFILuh9u_4_6f4020b2_05273f46,youtube_wjFILuh9u_4_6f4020b2,jpn5,1,0.95,engaged,59.35,-0.0119,-0.004,-0.0058,-0.0038,-0.0064,-0.0058,-131.25,-138.58,-28.14,317.0,2208.42,-179.64,-0.87,3.36,3.83,3.07,1.17,3.42,5.0,1.58,3.04,4.55,3.08,2.15,1.92,5.0,2.57,0.29,4.71,5.0,0.0,4.04,2.69,0
2026-01-30T12:33:18.844131,426,student_4_youtube_wjFILuh9u_4_6f4020b2_05273f46,youtube_wjFILuh9u_4_6f4020b2,jpn5,1,0.95,engaged,60.44,-0.0129,-0.0031,-0.006,-0.0005,-0.0034,-0.0059,-145.05,-151.29,-37.64,289.09,2170.87,-179.04,1.38,2.99,3.65,2.89,1.35,3.6,5.0,1.4,3.12,4.58,3.22,2.25,1.78,5.0,2.68,0.24,4.76,5.0,0.0,4.11,2.63,0
2026-01-30T12:33:19.848809,427,student_4_youtube_wjFILuh9u_4_6f4020b2_05273f46,youtube_wjFILuh9u_4_6f4020b2,jpn5,1,0.95,engaged,60.6,-0.0095,-0.0034,-0.006,-0.0006,-0.0027,-0.006,-148.04,-153.08,-38.56,287.09,2158.26,-179.27,1.64,3.13,3.76,3.01,1.24,3.65,5.0,1.35,3.07,4.62,3.21,2.25,1.79,5.0,2.68,0.21,4.79,5.0,0.0,4.11,2.67,0
2026-01-30T12:33:20.876699,428,student_4_youtube_wjFILuh9u_4_6f4020b2_05273f46,youtube_wjFILuh9u_4_6f4020b2,jpn5,1,0.95,engaged,60.0,-0.013,-0.0043,-0.006,-0.0013,-0.0048,-0.006,-141.24,-142.86,-30.27,290.54,2170.96,-178.36,-0.92,3.17,3.86,3.08,1.14,3.52,5.0,1.48,3.07,4.58,3.2,2.24,1.8,5.0,2.67,0.27,4.73,5.0,0.0,4.1,2.69,0
2026-01-30T12:33:21.915169,429,student_4_youtube_wjFILuh9u_4_6f4020b2_05273f46,youtube_wjFILuh9u_4_6f4020b2,jpn5,1,0.95,engaged,60.49,-0.0113,-0.0033,-0.0058,-0.0028,-0.008,-0.0058,-135.92,-138.3,-46.3,321.03,2210.13,179.82,2.77,3.08,3.62,2.85,1.38,3.66,5.0,1.34,2.98,4.6,3.1,2.17,1.9,5.0,2.59,0.23,4.77,5.0,0.0,4.05,2.62,0
2026-01-30T12:33:22.942781,430,student_4_youtube_wjFILuh9u_4_6f4020b2_05273f46,youtube_wjFILuh9u_4_6f4020b2,jpn5,1,0.95,engaged,60.05,-0.0109,-0.0018,-0.0059,0.0064,-0.0008,-0.0059,7.3,-167.63,-63.95,296.45,2187.46,-178.3,4.52,1.9,3.55,2.78,1.45,3.57,5.0,1.43,3.09,4.51,3.05,2.14,1.95,5.0,2.54,0.11,4.89,5.0,0.0,4.03,2.59,0
2026-01-30T12:33:23.961294,431,student_4_youtube_wjFILuh9u_4_6f4020b2_05273f46,youtube_wjFILuh9u_4_6f4020b2,jpn5,1,0.95,engaged,60.67,-0.0026,-0.0032,-0.0061,-0.0026,-0.004,-0.0061,-156.99,-149.4,-51.66,281.93,2159.91,-179.18,3.95,2.16,3.54,2.77,1.46,3.67,5.0,1.33,3.06,4.65,3.16,2.21,1.84,5.0,2.64,0.36,4.64,5.0,0.0,4.08,2.59,0
2026-01-30T12:33:24.970369,432,student_4_youtube_wjFILuh9u_4_6f4020b2_05273f46,youtube_wjFILuh9u_4_6f4020b2,jpn5,1,0.95,engaged,58.66,-0.0103,-0.0026,-0.0059,0.0014,-0.0018,-0.0059,23.49,-159.64,-48.97,300.06,2177.73,-177.39,2.66,2.21,3.96,3.19,1.04,3.27,5.0,1.73,3.15,4.55,3.08,2.16,1.92,5.0,2.57,0.34,4.66,5.0,0.0,4.04,2.73,0
2026-01-30T12:33:26.067031,433,student_4_youtube_wjFILuh9u_4_6f4020b2_05273f46,youtube_wjFILuh9u_4_6f4020b2,jpn5,1,0.95,engaged,58.4,-0.0113,-0.0027,-0.0059,-0.0024,-0.0063,-0.0059,-137.61,-144.33,-49.62,343.51,2223.7,179.75,0.8,2.19,3.87,3.08,1.13,3.25,5.0,1.75,2.97,4.71,2.96,2.07,2.04,5.0,2.47,0.42,4.58,5.0,0.0,3.98,2.69,0
2026-01-30T12:33:27.033879,434,student_4_youtube_wjFILuh9u_4_6f4020b2_05273f46,youtube_wjFILuh9u_4_6f4020b2,jpn5,1,0.95,engaged,52.24,-0.0038,-0.0022,-0.0062,0.0065,-0.0054,-0.0058,-8.14,-148.97,70.86,305.26,2172.72,179.67,-17.76,0.85,4.82,4.07,0.18,1.9,4.92,3.1,2.94,4.93,3.07,2.15,1.93,5.0,2.56,0.43,4.57,5.0,0.0,4.0,3.02,1.2
2026-01-30T12:33:28.059423,435,student_4_youtube_wjFILuh9u_4_6f4020b2_05273f46,youtube_wjFILuh9u_4_6f4020b2,jpn5,1,0.95,engaged,73.03,-0.008,-0.0036,-0.0054,0.0019,0.004,-0.0057,18.59,-0.63,-221.21,337.18,2140.93,-177.95,22.58,-2.78,2.87,1.94,2.13,3.8,5.0,1.2,3.08,4.38,2.89,2.02,2.11,5.0,2.41,0.11,4.89,5.0,0.0,3.95,2.31,0
2026-01-30T12:33:29.080748,436,student_4_youtube_wjFILuh9u_4_6f4020b2_05273f46,youtube_wjFILuh9u_4_6f4020b2,jpn5,1,0.95,highly_engaged,84.91,-0.0057,-0.0029,-0.0056,0.0035,0.0014,-0.0059,7.41,7.07,-195.73,309.1,2158.68,179.94,18.12,-2.94,2.56,1.77,2.44,3.74,5.0,1.26,3.06,4.9,2.94,2.06,2.06,5.0,2.45,0.42,4.58,5.0,0.0,3.97,2.26,0
2026-01-30T12:33:30.092667,437,student_4_youtube_wjFILuh9u_4_6f4020b2_05273f46,youtube_wjFILuh9u_4_6f4020b2,jpn5,1,0.95,highly_engaged,83.89,-0.0054,-0.0035,-0.0055,0.006,0.0032,-0.0058,-0.82,1.8,-196.04,326.69,2167.25,179.91,19.11,-2.56,2.71,1.92,2.29,3.49,5.0,1.51,3.02,4.63,3.0,2.1,2.0,5.0,2.5,0.3,4.7,5.0,0.0,4.0,2.31,0
2026-01-30T12:33:31.117014,438,student_4_youtube_wjFILuh9u_4_6f4020b2_05273f46,youtube_wjFILuh9u_4_6f4020b2,jpn5,1,0.95,engaged,60.88,-0.0053,-0.0033,-0.0056,0.0031,-0.0006,-0.0059,8.05,-161.96,-201.96,306.1,2149.25,179.63,19.9,-2.89,2.8,1.97,2.2,3.72,5.0,1.28,3.06,4.68,3.01,2.11,1.99,5.0,2.51,0.08,4.92,5.0,0.0,4.0,2.32,0
2026-01-30T12:33:32.159834,439,student_4_youtube_wjFILuh9u_4_6f4020b2_05273f46,youtube_wjFILuh9u_4_6f4020b2,jpn5,1,0.95,highly_engaged,84.07,-0.0087,-0.0035,-0.0055,0.0058,0.0016,-0.0059,6.22,8.35,-207.97,298.43,2131.67,-179.59,20.13,-2.72,2.71,1.86,2.29,3.52,5.0,1.48,3.02,4.85,3.02,2.12,1.98,5.0,2.52,0.2,4.8,5.0,0.0,4.01,2.29,0
2026-01-30T12:33:33.180308,440,student_4_youtube_wjFILuh9u_4_6f4020b2_05273f46,youtube_wjFILuh9u_4_6f4020b2,jpn5,1,0.95,engaged,59.75,-0.0081,-0.0042,-0.0055,0.0092,-0.0002,-0.0059,-0.83,-160.52,-217.45,296.43,2137.92,-179.59,21.62,-3.2,2.79,1.98,2.21,3.48,5.0,1.52,3.03,4.8,2.96,2.08,2.04,5.0,2.47,0.16,4.84,5.0,0.0,3.98,2.33,0
