timestamp,frame,session_id,lecture_id,course_id,face_detected,confidence,status,engagement_score,gaze_0_x,gaze_0_y,gaze_0_z,gaze_1_x,gaze_1_y,gaze_1_z,gaze_angle_x,gaze_angle_y,pose_Tx,pose_Ty,pose_Tz,pose_Rx,pose_Ry,pose_Rz,AU01_r,AU02_r,AU04_r,AU05_r,AU06_r,AU07_r,AU09_r,AU10_r,AU12_r,AU14_r,AU15_r,AU17_r,AU20_r,AU23_r,AU25_r,AU26_r,AU45_r,smile_intensity,confusion_level,drowsiness_level
2025-11-24T16:17:42.642917,1,student_4_lec_2a96290c_b067bd04,lec_2a96290c,cv101,1,0.95,partially_engaged,42.48,-0.004,0.0012,-0.0029,0.0005,-0.0022,-0.0029,21.8,8.11,86.24,446.19,3918.32,178.99,-19.58,4.34,2.68,2.12,2.32,1.35,2.87,3.65,1.78,3.16,1.66,1.16,3.34,4.93,1.39,2.84,2.16,3.25,5.0,2.27,2.37,7.3
2025-11-24T16:17:43.641629,2,student_4_lec_2a96290c_b067bd04,lec_2a96290c,cv101,1,0.95,engaged,58.42,-0.0005,0.0001,-0.0033,0.0013,-0.0019,-0.0034,-5.63,14.54,12.96,370.26,3657.78,179.83,15.83,-0.34,2.36,1.88,2.64,2.06,3.09,2.94,1.94,3.01,1.74,1.22,3.26,5.0,1.45,2.34,2.66,3.59,0.0,2.42,2.29,0.88
2025-11-24T16:17:44.661812,3,student_4_lec_2a96290c_b067bd04,lec_2a96290c,cv101,1,0.95,partially_engaged,48.27,-0.0034,-0.0021,-0.0034,0.0014,-0.0021,-0.0034,11.77,-147.95,62.26,384.49,3647.93,-177.62,5.69,0.06,2.06,1.57,2.94,2.32,3.24,2.68,1.98,2.85,1.87,1.31,3.13,5.0,1.56,2.12,2.88,3.64,0.0,2.56,2.19,0.36
2025-11-24T16:17:45.671897,4,student_4_lec_2a96290c_b067bd04,lec_2a96290c,cv101,1,0.95,partially_engaged,48.87,-0.0032,-0.0024,-0.0036,0.0006,-0.0007,-0.0035,16.05,-157.47,97.35,385.53,3611.96,-179.22,-5.58,1.55,1.93,1.48,3.07,2.46,3.2,2.54,1.93,2.87,1.91,1.34,3.09,5.0,1.59,2.21,2.79,3.63,0.0,2.56,2.16,0.08
2025-11-24T16:17:46.697807,5,student_4_lec_2a96290c_b067bd04,lec_2a96290c,cv101,1,0.95,partially_engaged,48.89,-0.0026,-0.0016,-0.0034,0.0004,-0.0031,-0.0034,15.36,-146.22,91.27,387.71,3631.45,-179.12,-3.59,1.3,2.18,1.68,2.82,2.49,3.21,2.51,1.92,2.86,1.88,1.32,3.12,5.0,1.57,2.24,2.76,3.63,0.0,2.54,2.23,0.02
2025-11-24T16:17:47.707686,6,student_4_lec_2a96290c_b067bd04,lec_2a96290c,cv101,1,0.95,partially_engaged,49.7,-0.0037,-0.0022,-0.0035,0.0006,-0.0032,-0.0035,17.96,-142.59,96.81,391.45,3621.69,-178.85,-8.03,2.05,2.06,1.54,2.94,2.61,3.32,2.39,1.92,2.8,1.85,1.29,3.15,5.0,1.54,2.5,2.5,3.61,0.0,2.58,2.18,0
2025-11-24T16:17:48.727761,7,student_4_lec_2a96290c_b067bd04,lec_2a96290c,cv101,1,0.95,engaged,72.0,-0.0018,-0.0013,-0.0033,0.0012,0.0,-0.0033,3.83,10.67,121.06,408.54,3589.72,-178.14,-13.55,1.97,2.48,1.91,2.52,2.33,3.25,2.67,1.97,3.04,1.74,1.21,3.26,5.0,1.45,2.02,2.98,3.57,0.0,2.5,2.3,0.34
2025-11-24T16:17:49.751882,8,student_4_lec_2a96290c_b067bd04,lec_2a96290c,cv101,1,0.95,highly_engaged,75.06,-0.001,-0.0013,-0.0035,0.0007,0.0003,-0.0034,2.52,7.79,152.02,389.2,3494.98,-179.87,-22.85,2.45,1.74,1.16,3.26,2.94,3.3,2.06,1.94,2.93,1.77,1.24,3.23,5.0,1.48,2.36,2.64,3.68,0.0,2.54,2.05,0
2025-11-24T16:17:50.769253,9,student_4_lec_2a96290c_b067bd04,lec_2a96290c,cv101,1,0.95,engaged,50.93,-0.0006,-0.0021,-0.0035,0.0011,-0.0072,-0.0033,-3.81,-132.05,193.09,365.93,3432.6,-178.52,-25.34,2.03,1.76,1.18,3.24,2.8,3.47,2.2,2.01,2.94,1.79,1.26,3.21,5.0,1.5,2.44,2.56,3.65,0.0,2.63,2.06,0
2025-11-24T16:17:51.783791,10,student_4_lec_2a96290c_b067bd04,lec_2a96290c,cv101,1,0.95,engaged,51.03,-0.0012,-0.0008,-0.0036,0.001,-0.0086,-0.0035,0.67,-139.52,180.75,365.85,3375.82,-175.5,-20.71,-0.05,1.72,1.2,3.28,2.78,3.38,2.22,2.04,2.89,2.03,1.42,2.97,5.0,1.69,2.4,2.6,3.62,0.0,2.71,2.07,0
2025-11-24T16:17:52.827602,11,student_4_lec_2a96290c_b067bd04,lec_2a96290c,cv101,1,0.95,partially_engaged,49.51,-0.0023,-0.001,-0.0036,0.0001,-0.0011,-0.0034,15.14,-163.3,171.84,385.39,3471.14,-176.84,-18.07,0.25,1.96,1.47,3.04,2.52,3.32,2.48,2.02,2.8,1.95,1.36,3.05,5.0,1.62,2.09,2.91,3.6,0.0,2.63,2.16,0
2025-11-24T16:17:53.833817,12,student_4_lec_2a96290c_b067bd04,lec_2a96290c,cv101,1,0.95,partially_engaged,49.26,-0.0022,-0.0,-0.0035,0.0,-0.0041,-0.0034,16.11,-154.35,166.33,379.6,3446.81,-177.57,-18.93,0.63,2.12,1.59,2.88,2.48,3.34,2.52,1.97,2.83,1.9,1.33,3.1,5.0,1.59,2.31,2.69,3.64,0.0,2.62,2.2,0.04
2025-11-24T16:17:54.836903,13,student_4_lec_2a96290c_b067bd04,lec_2a96290c,cv101,1,0.95,partially_engaged,48.5,-0.0013,-0.0011,-0.0035,-0.0006,-0.0009,-0.0035,-164.87,-164.27,111.55,402.09,3490.78,-176.63,-8.11,-0.09,1.97,1.47,3.03,2.31,3.3,2.69,2.01,3.02,1.92,1.35,3.08,5.0,1.6,2.01,2.99,3.65,0.0,2.61,2.16,0.38
2025-11-24T16:17:55.846702,14,student_4_lec_2a96290c_b067bd04,lec_2a96290c,cv101,1,0.95,partially_engaged,47.71,-0.0016,-0.0006,-0.0035,-0.0015,-0.0052,-0.0034,-156.26,-146.73,137.24,411.41,3470.56,-174.8,-14.09,0.03,2.55,1.99,2.45,2.2,3.3,2.8,2.05,2.93,1.84,1.29,3.16,5.0,1.53,2.02,2.98,3.52,0.0,2.57,2.33,0.6
2025-11-24T16:17:56.875888,15,student_4_lec_2a96290c_b067bd04,lec_2a96290c,cv101,1,0.95,engaged,51.81,-0.0018,-0.0,-0.0036,0.0001,-0.008,-0.0035,12.25,-146.45,160.66,384.88,3367.21,-176.15,-20.21,0.61,1.85,1.26,3.15,2.96,3.45,2.04,2.05,2.94,1.94,1.36,3.06,5.0,1.62,2.27,2.73,3.6,0.0,2.7,2.09,0
2025-11-24T16:17:57.897826,16,student_4_lec_2a96290c_b067bd04,lec_2a96290c,cv101,1,0.95,partially_engaged,49.44,-0.0009,-0.0014,-0.0036,0.0007,-0.0058,-0.0035,1.57,-139.91,164.31,398.4,3406.93,-174.61,-17.21,0.65,2.23,1.65,2.77,2.5,3.36,2.5,2.08,2.89,1.93,1.35,3.07,5.0,1.61,1.93,3.07,3.52,0.0,2.65,2.22,0
2025-11-24T16:17:58.902875,17,student_4_lec_2a96290c_b067bd04,lec_2a96290c,cv101,1,0.95,engaged,50.77,-0.0022,-0.0012,-0.0036,-0.0008,-0.0067,-0.0034,-157.9,-139.48,181.74,383.24,3289.27,-173.8,-19.88,0.47,2.08,1.46,2.92,2.65,3.51,2.35,2.13,3.0,2.05,1.43,2.95,5.0,1.71,1.83,3.17,3.55,0.0,2.78,2.15,0
2025-11-24T16:17:59.936892,18,student_4_lec_2a96290c_b067bd04,lec_2a96290c,cv101,1,0.95,partially_engaged,49.87,-0.0024,-0.0005,-0.0036,-0.0002,-0.0062,-0.0035,-161.04,-145.6,188.44,395.95,3366.81,-174.7,-19.22,1.05,2.12,1.52,2.88,2.57,3.35,2.43,2.11,2.98,1.99,1.4,3.01,5.0,1.66,2.25,2.75,3.58,0.0,2.67,2.17,0
2025-11-24T16:18:00.936633,19,student_4_lec_2a96290c_b067bd04,lec_2a96290c,cv101,1,0.95,partially_engaged,49.95,-0.0015,-0.0021,-0.0036,0.0001,-0.0069,-0.0034,10.48,-132.86,195.97,403.5,3326.18,-172.83,-19.65,1.57,2.38,1.73,2.62,2.58,3.38,2.42,2.15,2.81,2.01,1.41,2.99,5.0,1.68,2.17,2.83,3.5,0.0,2.69,2.24,0
2025-11-24T16:18:01.958012,20,student_4_lec_2a96290c_b067bd04,lec_2a96290c,cv101,1,0.95,engaged,50.55,-0.0017,-0.0013,-0.0037,-0.001,-0.0056,-0.0036,-160.01,-141.87,196.5,400.23,3258.58,-170.55,-18.42,-0.03,2.22,1.63,2.78,2.63,3.47,2.37,2.23,2.73,2.07,1.45,2.93,5.0,1.72,2.18,2.82,3.43,0.0,2.77,2.21,0
2025-11-24T16:18:02.986734,21,student_4_lec_2a96290c_b067bd04,lec_2a96290c,cv101,1,0.95,engaged,63.33,-0.0006,-0.0032,-0.0036,0.0015,0.0004,-0.0035,-6.44,17.86,191.13,389.5,3293.89,-174.3,-20.36,2.19,2.38,1.7,2.62,2.76,3.66,2.24,2.19,2.85,1.92,1.35,3.08,5.0,1.6,2.32,2.68,3.46,0.0,2.79,2.23,0
2025-11-24T16:18:03.996836,22,student_4_lec_2a96290c_b067bd04,lec_2a96290c,cv101,1,0.95,engaged,51.28,-0.0009,-0.0034,-0.0036,-0.0006,-0.005,-0.0035,-167.48,-130.9,174.97,362.89,3276.19,-173.81,-16.63,-0.11,2.16,1.54,2.84,2.74,3.65,2.26,2.16,3.1,1.93,1.35,3.07,5.0,1.61,2.29,2.71,3.55,0.0,2.79,2.18,0
2025-11-24T16:18:05.020043,23,student_4_lec_2a96290c_b067bd04,lec_2a96290c,cv101,1,0.95,engaged,50.53,-0.0004,-0.0017,-0.0037,0.0005,-0.007,-0.0036,-0.88,-136.73,169.82,377.68,3280.01,-173.67,-12.68,0.16,2.29,1.67,2.71,2.62,3.42,2.38,2.21,3.03,2.16,1.51,2.84,5.0,1.8,1.95,3.05,3.62,0.0,2.79,2.22,0
2025-11-24T16:18:06.026025,24,student_4_lec_2a96290c_b067bd04,lec_2a96290c,cv101,1,0.95,engaged,51.71,-0.0028,-0.0012,-0.0037,0.0016,-0.0069,-0.0035,6.42,-139.34,223.52,350.59,3262.37,-176.81,-24.25,0.95,2.0,1.38,3.0,2.87,3.6,2.13,2.1,3.18,1.9,1.33,3.1,5.0,1.58,1.9,3.1,3.69,0.0,2.75,2.13,0
2025-11-24T16:18:07.048585,25,student_4_lec_2a96290c_b067bd04,lec_2a96290c,cv101,1,0.95,engaged,50.85,-0.0021,-0.001,-0.0037,0.0034,-0.0096,-0.0036,-6.89,-137.87,207.34,365.28,3239.09,-173.22,-18.37,-0.17,2.14,1.54,2.86,2.63,3.53,2.37,2.19,3.05,2.13,1.49,2.87,5.0,1.78,2.26,2.74,3.66,0.0,2.83,2.18,0
2025-11-24T16:18:08.045846,26,student_4_lec_2a96290c_b067bd04,lec_2a96290c,cv101,1,0.95,engaged,51.35,-0.0005,-0.0015,-0.0039,-0.0007,-0.0033,-0.0038,-171.53,-149.11,136.14,366.28,3286.35,-174.36,-6.93,-0.94,2.11,1.53,2.89,2.75,3.53,2.25,2.11,3.06,2.12,1.48,2.88,5.0,1.77,2.13,2.87,3.69,0.0,2.83,2.18,0
2025-11-24T16:18:09.047137,27,student_4_lec_2a96290c_b067bd04,lec_2a96290c,cv101,1,0.95,engaged,50.22,-0.0013,-0.001,-0.0037,-0.0002,-0.0019,-0.0036,-168.67,-158.97,180.1,369.55,3329.13,-176.22,-18.64,0.14,2.32,1.69,2.68,2.62,3.48,2.38,2.13,3.1,1.91,1.34,3.09,5.0,1.59,2.33,2.67,3.69,0.0,2.69,2.23,0
2025-11-24T16:18:10.074042,28,student_4_lec_2a96290c_b067bd04,lec_2a96290c,cv101,1,0.95,engaged,51.66,-0.0014,-0.0011,-0.0037,0.0036,-0.0005,-0.0036,-12.01,-167.71,183.28,368.52,3275.31,-175.15,-17.94,0.34,2.22,1.6,2.78,2.89,3.49,2.11,2.2,3.01,2.03,1.42,2.97,5.0,1.69,1.96,3.04,3.65,0.0,2.76,2.2,0
2025-11-24T16:18:11.101450,29,student_4_lec_2a96290c_b067bd04,lec_2a96290c,cv101,1,0.95,engaged,51.94,0.0002,-0.0022,-0.0039,-0.0005,-0.0042,-0.0038,2.1,-141.37,142.81,358.34,3240.95,-174.09,-11.45,-0.71,2.08,1.49,2.92,2.89,3.56,2.11,2.18,3.06,2.06,1.44,2.94,5.0,1.72,2.27,2.73,3.67,0.0,2.81,2.16,0
2025-11-24T16:18:12.105809,30,student_4_lec_2a96290c_b067bd04,lec_2a96290c,cv101,1,0.95,partially_engaged,49.89,-0.001,-0.0006,-0.0038,-0.0018,-0.0065,-0.0037,-159.94,-144.98,126.69,353.48,3269.91,-175.14,-7.7,-1.95,2.17,1.63,2.83,2.53,3.41,2.47,2.15,3.13,2.03,1.42,2.97,5.0,1.69,2.21,2.79,3.76,0.0,2.72,2.21,0
2025-11-24T16:18:13.131571,31,student_4_lec_2a96290c_b067bd04,lec_2a96290c,cv101,1,0.95,engaged,51.41,-0.0018,-0.0005,-0.0038,0.0019,-0.0067,-0.0037,-1.05,-145.95,175.9,349.12,3300.19,-175.97,-18.23,-0.42,2.08,1.49,2.92,2.89,3.46,2.11,2.08,3.19,1.91,1.34,3.09,5.0,1.59,2.25,2.75,3.75,0.0,2.69,2.16,0
2025-11-24T16:18:14.151177,32,student_4_lec_2a96290c_b067bd04,lec_2a96290c,cv101,1,0.95,engaged,50.38,-0.002,-0.001,-0.0038,0.0001,-0.0074,-0.0037,13.21,-140.98,179.02,347.36,3233.74,-173.9,-19.06,-1.07,2.21,1.64,2.79,2.65,3.43,2.35,2.17,3.13,1.98,1.38,3.02,5.0,1.65,2.15,2.85,3.76,0.0,2.71,2.21,0
2025-11-24T16:18:15.157660,33,student_4_lec_2a96290c_b067bd04,lec_2a96290c,cv101,1,0.95,engaged,52.14,-0.0018,-0.0008,-0.0039,0.0005,-0.005,-0.0037,8.48,-147.9,179.1,342.02,3204.12,-173.78,-20.73,-1.59,2.09,1.52,2.91,2.98,3.5,2.02,2.15,3.06,2.05,1.44,2.95,5.0,1.71,2.1,2.9,3.74,0.0,2.77,2.17,0
2025-11-24T16:18:16.187478,34,student_4_lec_2a96290c_b067bd04,lec_2a96290c,cv101,1,0.95,partially_engaged,49.95,-0.002,-0.0006,-0.0037,0.0012,-0.0047,-0.0036,4.81,-148.98,180.94,360.06,3336.55,-177.36,-17.87,0.33,2.31,1.74,2.69,2.57,3.43,2.43,2.09,3.11,1.96,1.37,3.04,5.0,1.63,2.26,2.74,3.75,0.0,2.7,2.25,0
2025-11-24T16:18:17.195040,35,student_4_lec_2a96290c_b067bd04,lec_2a96290c,cv101,1,0.95,partially_engaged,49.85,-0.0018,-0.0011,-0.0039,0.0001,-0.0042,-0.0037,11.81,-147.68,176.76,355.24,3274.12,-174.9,-18.9,-0.36,2.4,1.83,2.6,2.52,3.44,2.48,2.14,2.99,2.03,1.42,2.97,5.0,1.69,2.03,2.97,3.75,0.0,2.73,2.28,0
2025-11-24T16:18:18.224938,36,student_4_lec_2a96290c_b067bd04,lec_2a96290c,cv101,1,0.95,engaged,50.56,-0.0021,-0.001,-0.0038,0.0002,-0.0084,-0.0037,12.83,-139.84,173.63,355.66,3255.47,-173.99,-19.52,-0.93,2.15,1.6,2.85,2.66,3.48,2.34,2.13,3.06,1.98,1.38,3.02,5.0,1.65,2.13,2.87,3.68,0.0,2.73,2.2,0
2025-11-24T16:18:19.260025,37,student_4_lec_2a96290c_b067bd04,lec_2a96290c,cv101,1,0.95,engaged,50.55,-0.0021,-0.0011,-0.0037,-0.0014,-0.0078,-0.0036,-154.53,-139.0,171.37,358.92,3261.83,-174.4,-17.68,-0.76,2.24,1.67,2.76,2.68,3.46,2.32,2.14,3.12,1.97,1.38,3.03,5.0,1.64,2.13,2.87,3.7,0.0,2.71,2.22,0
2025-11-24T16:18:20.280275,38,student_4_lec_2a96290c_b067bd04,lec_2a96290c,cv101,1,0.95,partially_engaged,49.46,-0.0022,-0.0009,-0.0037,0.0004,-0.0016,-0.0035,11.89,-161.36,217.15,354.04,3302.18,-175.84,-23.44,1.1,2.46,1.86,2.54,2.51,3.41,2.49,2.06,3.13,1.88,1.32,3.12,5.0,1.57,2.08,2.92,3.76,0.0,2.65,2.29,0
2025-11-24T16:18:21.307891,39,student_4_lec_2a96290c_b067bd04,lec_2a96290c,cv101,1,0.95,engaged,50.92,-0.0014,0.0,-0.0038,-0.0002,-0.0063,-0.0036,-168.12,29.82,232.34,333.87,3279.01,-177.08,-22.75,1.94,2.29,1.63,2.71,2.72,3.55,2.28,2.06,3.07,1.94,1.36,3.06,5.0,1.62,1.8,3.2,3.71,0.0,2.75,2.21,0
2025-11-24T16:18:22.307768,40,student_4_lec_2a96290c_b067bd04,lec_2a96290c,cv101,1,0.95,partially_engaged,49.44,-0.0015,-0.0004,-0.0038,-0.0003,-0.0034,-0.0036,-167.48,-155.7,227.6,345.36,3288.15,-174.87,-21.96,1.21,2.34,1.77,2.66,2.48,3.4,2.52,2.09,3.05,1.94,1.35,3.06,5.0,1.61,2.04,2.96,3.73,0.0,2.67,2.26,0.04
2025-11-24T16:18:23.336711,41,student_4_lec_2a96290c_b067bd04,lec_2a96290c,cv101,1,0.95,engaged,50.52,-0.0021,-0.0017,-0.0036,0.0016,-0.0041,-0.0035,2.79,-142.78,222.88,371.64,3284.84,-176.78,-20.81,2.64,2.55,1.94,2.45,2.7,3.45,2.3,2.14,3.07,1.97,1.38,3.03,5.0,1.64,2.07,2.93,3.72,0.0,2.71,2.31,0
2025-11-24T16:18:24.376945,42,student_4_lec_2a96290c_b067bd04,lec_2a96290c,cv101,1,0.95,engaged,50.11,-0.0017,-0.0015,-0.0038,0.002,-0.007,-0.0036,-2.08,-137.83,222.23,385.51,3305.95,-174.93,-19.78,2.85,2.51,1.91,2.49,2.6,3.48,2.4,2.16,2.91,1.93,1.35,3.07,5.0,1.61,2.17,2.83,3.6,0.0,2.71,2.3,0
2025-11-24T16:18:25.400858,43,student_4_lec_2a96290c_b067bd04,lec_2a96290c,cv101,1,0.95,engaged,50.25,-0.0028,-0.0018,-0.0038,0.0005,-0.0077,-0.0036,14.23,-135.23,223.9,389.58,3279.14,-174.22,-18.53,2.32,2.44,1.82,2.56,2.59,3.51,2.41,2.21,3.0,1.97,1.38,3.03,5.0,1.64,2.42,2.58,3.57,0.0,2.74,2.27,0
2025-11-24T16:18:26.426016,44,student_4_lec_2a96290c_b067bd04,lec_2a96290c,cv101,1,0.95,engaged,50.83,-0.0022,-0.0016,-0.0038,0.0014,-0.0069,-0.0037,4.08,-137.7,227.31,380.98,3231.85,-174.39,-21.0,1.67,2.32,1.72,2.68,2.69,3.54,2.31,2.21,3.02,1.99,1.4,3.01,5.0,1.66,2.2,2.8,3.57,0.0,2.77,2.24,0
2025-11-24T16:18:27.433895,45,student_4_lec_2a96290c_b067bd04,lec_2a96290c,cv101,1,0.95,engaged,50.24,-0.0024,-0.0019,-0.0038,0.0014,-0.007,-0.0036,5.8,-134.98,229.46,379.65,3226.97,-173.83,-21.23,1.31,2.46,1.86,2.54,2.58,3.52,2.42,2.21,3.05,1.99,1.39,3.01,5.0,1.66,2.29,2.71,3.56,0.0,2.75,2.29,0
2025-11-24T16:18:28.457005,46,student_4_lec_2a96290c_b067bd04,lec_2a96290c,cv101,1,0.95,engaged,52.09,-0.0023,-0.0019,-0.0038,0.0012,-0.0043,-0.0036,6.49,-141.43,228.16,379.96,3247.86,-175.87,-21.46,2.28,2.31,1.66,2.69,3.0,3.52,2.0,2.22,3.04,1.97,1.38,3.03,5.0,1.64,2.44,2.56,3.55,0.0,2.75,2.22,0
2025-11-24T16:18:29.498437,47,student_4_lec_2a96290c_b067bd04,lec_2a96290c,cv101,1,0.95,engaged,51.0,-0.0026,-0.0008,-0.0037,-0.0007,-0.0056,-0.0035,-157.11,-144.59,219.32,363.76,3264.18,-176.88,-20.86,1.74,2.51,1.91,2.49,2.77,3.56,2.23,2.07,2.96,1.9,1.33,3.1,5.0,1.59,1.72,3.28,3.72,0.0,2.73,2.3,0
2025-11-24T16:18:30.495925,48,student_4_lec_2a96290c_b067bd04,lec_2a96290c,cv101,1,0.95,engaged,52.22,-0.0027,-0.0017,-0.0039,0.0013,-0.0039,-0.0038,8.17,-145.33,204.67,293.22,3164.91,-177.81,-9.48,-0.81,2.07,1.47,2.93,2.89,3.67,2.11,2.15,3.26,2.05,1.44,2.95,5.0,1.71,1.93,3.07,4.09,0.0,2.86,2.16,0
2025-11-24T16:18:31.506806,49,student_4_lec_2a96290c_b067bd04,lec_2a96290c,cv101,1,0.95,engaged,52.53,-0.0023,0.0006,-0.0043,-0.0006,-0.0095,-0.0042,-161.95,28.87,177.86,268.68,2956.75,-174.84,-11.8,-2.21,2.36,1.76,2.64,2.88,3.77,2.12,2.33,3.55,2.15,1.5,2.85,5.0,1.79,2.0,3.0,4.22,0.0,2.96,2.25,0
2025-11-24T16:18:32.519195,50,student_4_lec_2a96290c_b067bd04,lec_2a96290c,cv101,1,0.95,engaged,54.0,-0.0016,-0.0026,-0.0042,0.0004,-0.0014,-0.004,7.67,-154.8,256.32,246.46,2918.72,-177.34,-23.63,-0.6,2.35,1.69,2.65,3.12,3.96,1.88,2.29,3.65,2.1,1.47,2.9,5.0,1.75,1.5,3.5,4.24,0.0,3.03,2.23,0
2025-11-24T16:18:33.548286,51,student_4_lec_2a96290c_b067bd04,lec_2a96290c,cv101,1,0.95,engaged,54.01,-0.0042,-0.0002,-0.0043,0.0001,-0.0032,-0.0042,21.8,-160.26,207.65,250.61,2888.12,-173.65,-15.16,-3.31,2.05,1.46,2.95,3.02,3.95,1.98,2.37,3.48,2.32,1.63,2.68,5.0,1.94,1.53,3.47,4.16,0.0,3.13,2.15,0
2025-11-24T16:18:34.573845,52,student_4_lec_2a96290c_b067bd04,lec_2a96290c,cv101,1,0.95,engaged,53.88,-0.003,-0.0007,-0.0043,0.0002,-0.006,-0.0042,15.85,-148.16,213.66,250.4,2975.96,-176.88,-16.93,-2.43,2.12,1.55,2.88,3.1,3.86,1.9,2.29,3.5,2.2,1.54,2.8,5.0,1.84,1.5,3.5,4.17,0.0,3.03,2.18,0
2025-11-24T16:18:35.586251,53,student_4_lec_2a96290c_b067bd04,lec_2a96290c,cv101,1,0.95,engaged,50.06,-0.0023,-0.0007,-0.0042,0.0002,-0.0063,-0.0041,12.76,-146.74,228.94,255.35,3019.68,-175.3,-18.31,-3.4,2.43,1.89,2.57,2.31,3.76,2.69,2.26,3.5,2.19,1.53,2.81,5.0,1.83,1.88,3.12,4.12,0.0,2.97,2.3,0.38
2025-11-24T16:18:36.603278,54,student_4_lec_2a96290c_b067bd04,lec_2a96290c,cv101,1,0.95,engaged,51.51,-0.0032,-0.0016,-0.0041,0.0001,-0.005,-0.0039,18.77,-143.44,236.96,250.26,2969.5,-175.09,-20.16,-2.74,2.39,1.81,2.61,2.64,3.76,2.36,2.28,3.55,2.19,1.53,2.81,5.0,1.83,1.74,3.26,4.14,0.0,2.97,2.27,0
2025-11-24T16:18:37.621296,55,student_4_lec_2a96290c_b067bd04,lec_2a96290c,cv101,1,0.95,engaged,53.2,-0.0018,-0.0011,-0.004,0.001,-0.007,-0.0039,4.88,-141.77,251.22,252.0,2973.29,-176.22,-21.38,-1.63,2.11,1.51,2.89,2.93,3.87,2.07,2.34,3.43,2.21,1.55,2.79,5.0,1.84,1.58,3.42,4.16,0.0,3.04,2.17,0
2025-11-24T16:18:38.636230,56,student_4_lec_2a96290c_b067bd04,lec_2a96290c,cv101,1,0.95,engaged,52.79,-0.0021,-0.0012,-0.0041,-0.0003,-0.0083,-0.004,-164.25,-139.57,246.38,257.47,2954.92,-173.82,-20.67,-1.65,2.2,1.59,2.8,2.85,3.87,2.15,2.41,3.28,2.19,1.54,2.81,5.0,1.83,1.82,3.18,4.07,0.0,3.03,2.2,0
2025-11-24T16:18:39.660721,57,student_4_lec_2a96290c_b067bd04,lec_2a96290c,cv101,1,0.95,engaged,54.08,-0.0025,-0.0018,-0.0042,0.0002,-0.0054,-0.004,13.73,-141.94,229.2,255.3,2921.77,-172.77,-19.87,-2.9,2.1,1.49,2.9,3.08,3.91,1.92,2.4,3.23,2.28,1.59,2.72,5.0,1.9,1.69,3.31,4.03,0.0,3.09,2.16,0
2025-11-24T16:18:40.666999,58,student_4_lec_2a96290c_b067bd04,lec_2a96290c,cv101,1,0.95,engaged,53.5,-0.0019,-0.0008,-0.004,0.0011,-0.0066,-0.0039,4.83,-144.93,246.78,256.62,2987.98,-175.64,-20.02,-1.31,2.34,1.68,2.66,3.07,3.77,1.93,2.29,3.47,2.22,1.56,2.78,5.0,1.85,1.98,3.02,4.08,0.0,3.0,2.23,0
2025-11-24T16:18:41.692784,59,student_4_lec_2a96290c_b067bd04,lec_2a96290c,cv101,1,0.95,engaged,52.6,-0.0021,-0.0014,-0.0041,0.0024,-0.0091,-0.004,-1.84,-137.4,245.93,257.08,2918.05,-172.2,-19.51,-2.15,2.3,1.67,2.7,2.78,3.86,2.22,2.41,3.34,2.28,1.6,2.72,5.0,1.9,1.62,3.38,4.0,0.0,3.07,2.22,0
2025-11-24T16:18:42.738786,60,student_4_lec_2a96290c_b067bd04,lec_2a96290c,cv101,1,0.95,engaged,52.24,-0.0012,-0.0015,-0.0041,0.0007,-0.0072,-0.0039,2.9,-139.32,260.48,270.97,2939.26,-172.32,-21.54,-1.44,2.65,2.0,2.35,2.82,3.79,2.18,2.42,3.23,2.15,1.51,2.85,5.0,1.79,1.86,3.14,3.97,0.0,2.97,2.33,0
2025-11-24T16:18:43.754725,61,student_4_lec_2a96290c_b067bd04,lec_2a96290c,cv101,1,0.95,engaged,53.29,-0.0009,-0.0012,-0.0042,-0.0003,-0.0075,-0.0041,-172.36,-141.19,254.69,271.8,2889.53,-171.18,-18.59,-1.0,2.5,1.79,2.5,2.94,3.86,2.06,2.47,3.24,2.3,1.61,2.7,5.0,1.92,1.88,3.12,3.85,0.0,3.08,2.26,0
2025-11-24T16:18:44.786304,62,student_4_lec_2a96290c_b067bd04,lec_2a96290c,cv101,1,0.95,engaged,52.85,-0.0026,-0.0016,-0.0042,0.0017,-0.0064,-0.004,4.8,-140.73,249.09,282.75,2916.03,-170.31,-17.86,-1.83,2.34,1.71,2.66,2.83,3.87,2.17,2.47,3.15,2.3,1.61,2.7,5.0,1.92,2.12,2.88,3.86,0.0,3.08,2.24,0
2025-11-24T16:18:45.786706,63,student_4_lec_2a96290c_b067bd04,lec_2a96290c,cv101,1,0.95,engaged,52.83,-0.0008,-0.0012,-0.0041,-0.0004,-0.0077,-0.004,-171.33,-140.57,258.51,285.13,2977.15,-172.23,-18.26,-1.06,2.49,1.85,2.51,2.89,3.81,2.11,2.4,3.16,2.25,1.58,2.75,5.0,1.88,1.84,3.16,3.82,0.0,3.03,2.28,0
2025-11-24T16:18:46.809639,64,student_4_lec_2a96290c_b067bd04,lec_2a96290c,cv101,1,0.95,engaged,51.44,-0.0018,-0.0004,-0.0041,0.0005,-0.0049,-0.0039,8.1,-151.27,257.84,294.38,2971.68,-170.18,-20.13,-1.25,2.61,1.99,2.39,2.66,3.72,2.34,2.39,3.1,2.19,1.53,2.81,5.0,1.82,1.95,3.05,3.86,0.0,2.96,2.33,0
2025-11-24T16:18:47.849456,65,student_4_lec_2a96290c_b067bd04,lec_2a96290c,cv101,1,0.95,engaged,51.27,-0.0026,-0.0012,-0.0041,-0.0004,-0.0056,-0.0039,-160.9,-144.37,249.2,296.75,2956.73,-170.28,-18.21,-1.56,2.73,2.1,2.27,2.57,3.73,2.43,2.39,3.24,2.32,1.62,2.68,5.0,1.93,1.91,3.09,3.83,0.0,3.02,2.37,0
2025-11-24T16:18:48.874580,66,student_4_lec_2a96290c_b067bd04,lec_2a96290c,cv101,1,0.95,engaged,52.0,-0.0017,-0.0021,-0.004,0.0,-0.0087,-0.0039,10.93,-133.43,258.68,310.01,3023.61,-170.73,-17.37,-0.85,2.63,1.92,2.37,2.76,3.74,2.24,2.42,3.16,2.22,1.56,2.78,5.0,1.85,2.21,2.79,3.68,0.0,2.98,2.31,0
2025-11-24T16:18:49.899395,67,student_4_lec_2a96290c_b067bd04,lec_2a96290c,cv101,1,0.95,engaged,52.56,-0.0012,-0.0008,-0.0041,0.0004,-0.0027,-0.004,5.42,-157.08,239.37,305.59,3003.1,-172.0,-15.04,-0.97,2.69,2.0,2.31,2.83,3.76,2.17,2.38,3.13,2.35,1.65,2.65,5.0,1.96,1.48,3.52,3.73,0.0,3.05,2.33,0
2025-11-24T16:18:50.908155,68,student_4_lec_2a96290c_b067bd04,lec_2a96290c,cv101,1,0.95,partially_engaged,49.62,-0.0006,0.001,-0.004,-0.0008,-0.0035,-0.0042,-170.61,12.99,-0.98,314.43,3139.6,-174.96,21.67,-3.16,2.36,1.83,2.64,2.43,3.39,2.57,2.16,3.11,2.19,1.54,2.81,5.0,1.83,1.57,3.43,3.91,0.0,2.79,2.28,0.14
2025-11-24T16:18:51.931055,69,student_4_lec_2a96290c_b067bd04,lec_2a96290c,cv101,1,0.95,engaged,50.02,0.0008,-0.0016,-0.004,0.0061,-0.0063,-0.0043,146.91,-141.32,50.82,233.64,2905.36,-179.53,28.33,-4.92,2.47,1.89,2.53,2.32,3.72,2.68,2.36,3.62,2.2,1.54,2.8,5.0,1.83,1.31,3.69,4.29,0.0,2.96,2.3,0.36
2025-11-24T16:18:52.971877,70,student_4_lec_2a96290c_b067bd04,lec_2a96290c,cv101,1,0.95,engaged,52.47,-0.0009,-0.002,-0.0043,0.0019,-0.0049,-0.0045,-5.59,-144.05,87.94,229.89,2922.44,-177.89,24.96,-2.28,2.18,1.54,2.82,2.77,3.78,2.23,2.34,3.62,2.33,1.63,2.67,5.0,1.94,1.56,3.44,4.16,0.0,3.05,2.18,0
2025-11-24T16:18:53.989694,71,student_4_lec_2a96290c_b067bd04,lec_2a96290c,cv101,1,0.95,engaged,50.94,-0.0017,-0.0011,-0.0043,0.0018,-0.0031,-0.0045,0.3,-155.46,99.46,240.7,2941.27,-177.17,23.32,-1.23,2.67,2.03,2.33,2.58,3.63,2.42,2.35,3.52,2.24,1.57,2.76,5.0,1.87,1.91,3.09,4.18,0.0,2.94,2.34,0
2025-11-24T16:18:55.009787,72,student_4_lec_2a96290c_b067bd04,lec_2a96290c,cv101,1,0.95,engaged,52.44,-0.0016,-0.0017,-0.0043,0.0029,-0.0058,-0.0043,-6.71,-142.77,218.61,242.85,2988.76,-175.45,10.62,-1.19,2.23,1.54,2.77,2.69,3.88,2.31,2.39,3.69,2.35,1.64,2.65,5.0,1.96,1.93,3.07,4.15,0.0,3.12,2.18,0
2025-11-24T16:18:56.026848,73,student_4_lec_2a96290c_b067bd04,lec_2a96290c,cv101,1,0.95,engaged,52.49,-0.0038,-0.0021,-0.0043,-0.0039,-0.0039,-0.0046,-139.47,-147.01,102.48,236.06,2821.45,-175.18,23.74,-3.99,2.32,1.66,2.68,2.7,3.84,2.3,2.48,3.51,2.44,1.71,2.56,5.0,2.03,1.64,3.36,4.14,0.0,3.14,2.22,0
2025-11-24T16:18:57.048973,74,student_4_lec_2a96290c_b067bd04,lec_2a96290c,cv101,1,0.95,engaged,52.41,-0.0014,-0.0009,-0.0043,-0.001,-0.0058,-0.0045,-164.9,-148.26,88.52,235.0,2852.41,-175.07,23.39,-3.9,2.36,1.7,2.64,2.65,3.97,2.35,2.45,3.52,2.33,1.63,2.67,5.0,1.94,1.87,3.13,4.13,0.0,3.15,2.23,0
2025-11-24T16:18:58.057521,75,student_4_lec_2a96290c_b067bd04,lec_2a96290c,cv101,1,0.95,engaged,52.78,-0.0004,-0.0,-0.0042,0.0043,-0.0061,-0.0045,-19.08,-153.16,71.82,232.43,2815.44,-173.34,23.9,-4.1,2.55,1.89,2.45,2.71,4.01,2.29,2.54,3.27,2.37,1.66,2.63,5.0,1.98,1.78,3.22,4.05,0.0,3.19,2.3,0
2025-11-24T16:18:59.083289,76,student_4_lec_2a96290c_b067bd04,lec_2a96290c,cv101,1,0.95,engaged,52.94,-0.0016,-0.0002,-0.0043,0.0002,-0.0024,-0.0045,9.15,-164.64,77.39,234.44,2837.82,-173.01,22.77,-3.18,2.41,1.72,2.59,2.79,3.87,2.21,2.48,3.42,2.44,1.71,2.56,5.0,2.03,1.92,3.08,4.06,0.0,3.16,2.24,0
2025-11-24T16:19:00.108146,77,student_4_lec_2a96290c_b067bd04,lec_2a96290c,cv101,1,0.95,engaged,53.07,-0.0011,-0.0009,-0.0043,0.0009,-0.0028,-0.0045,1.04,-158.18,66.28,234.57,2796.69,-172.95,25.63,-3.16,2.41,1.71,2.59,2.76,4.01,2.24,2.49,3.34,2.38,1.67,2.62,5.0,1.99,1.64,3.36,4.12,0.0,3.19,2.24,0
2025-11-24T16:19:01.117098,78,student_4_lec_2a96290c_b067bd04,lec_2a96290c,cv101,1,0.95,engaged,51.95,0.0021,0.0007,-0.0041,0.0027,-0.0001,-0.0044,150.79,-4.44,31.73,242.96,2800.82,-171.17,25.77,-3.44,2.65,1.94,2.35,2.53,3.93,2.47,2.49,3.26,2.46,1.72,2.54,5.0,2.05,1.68,3.32,4.02,0.0,3.2,2.31,0
2025-11-24T16:19:02.138953,79,student_4_lec_2a96290c_b067bd04,lec_2a96290c,cv101,1,0.95,engaged,51.69,0.0019,0.0016,-0.0042,0.0029,-0.0052,-0.0045,150.97,14.26,26.69,243.83,2779.66,-171.31,26.56,-3.67,2.74,2.03,2.26,2.51,3.96,2.49,2.55,3.32,2.34,1.64,2.66,5.0,1.95,1.79,3.21,4.0,0.0,3.15,2.34,0
2025-11-24T16:19:03.186688,80,student_4_lec_2a96290c_b067bd04,lec_2a96290c,cv101,1,0.95,engaged,50.93,-0.0017,-0.0003,-0.0042,0.0015,-0.0032,-0.0045,1.64,-160.17,77.99,242.15,2852.27,-174.63,27.37,-3.45,2.7,2.03,2.3,2.48,3.85,2.52,2.47,3.45,2.15,1.51,2.85,5.0,1.79,2.01,2.99,4.12,0.0,3.0,2.34,0.04
2025-11-24T16:19:04.287817,81,student_4_lec_2a96290c_b067bd04,lec_2a96290c,cv101,1,0.95,engaged,52.02,0.0004,-0.0006,-0.0043,0.0005,-0.0028,-0.0046,174.08,-160.75,73.62,252.3,2811.92,-172.79,26.03,-4.28,2.52,1.87,2.48,2.66,3.79,2.34,2.52,3.32,2.39,1.67,2.61,5.0,1.99,1.22,3.78,4.04,0.0,3.09,2.29,0
2025-11-24T16:19:05.226166,82,student_4_lec_2a96290c_b067bd04,lec_2a96290c,cv101,1,0.95,engaged,52.2,0.0018,0.0022,-0.0041,0.001,-0.0029,-0.0044,161.81,2.52,64.17,246.29,2782.53,-173.16,27.21,-4.61,2.65,1.95,2.35,2.74,3.82,2.26,2.55,3.4,2.27,1.59,2.73,5.0,1.89,2.0,3.0,4.05,0.0,3.04,2.32,0
2025-11-24T16:19:06.236891,83,student_4_lec_2a96290c_b067bd04,lec_2a96290c,cv101,1,0.95,engaged,51.75,0.0019,-0.001,-0.0043,0.0017,-0.0034,-0.0045,157.9,-154.84,76.03,240.15,2831.37,-175.09,25.29,-4.91,2.42,1.78,2.58,2.61,3.81,2.39,2.43,3.52,2.31,1.62,2.69,5.0,1.93,1.83,3.17,4.14,0.0,3.06,2.26,0
2025-11-24T16:19:07.270911,84,student_4_lec_2a96290c_b067bd04,lec_2a96290c,cv101,1,0.95,engaged,54.05,-0.0001,-0.0041,-0.0041,0.0028,-0.0097,-0.0042,-15.98,-124.36,125.71,226.39,2865.71,-174.46,21.96,-4.34,1.8,1.19,3.2,2.93,4.07,2.07,2.44,3.31,2.33,1.63,2.67,5.0,1.94,1.9,3.1,4.09,0.0,3.2,2.06,0
2025-11-24T16:19:08.301477,85,student_4_lec_2a96290c_b067bd04,lec_2a96290c,cv101,1,0.95,engaged,51.59,0.0009,-0.0002,-0.0042,0.0026,-0.0037,-0.0044,158.94,-158.4,49.37,249.51,2849.63,-175.42,24.94,-6.04,2.27,1.64,2.73,2.59,3.71,2.41,2.45,3.47,2.39,1.67,2.61,5.0,1.99,1.66,3.34,3.98,0.0,3.05,2.21,0
2025-11-24T16:19:09.346756,86,student_4_lec_2a96290c_b067bd04,lec_2a96290c,cv101,1,0.95,engaged,51.97,0.0008,0.0003,-0.0039,0.0014,-0.0037,-0.0043,164.86,18.5,19.01,262.6,2815.36,-172.66,29.62,-6.32,2.31,1.59,2.69,2.63,3.91,2.37,2.51,2.95,2.2,1.54,2.8,5.0,1.83,1.74,3.26,3.86,0.0,3.06,2.2,0
2025-11-24T16:19:10.355921,87,student_4_lec_2a96290c_b067bd04,lec_2a96290c,cv101,1,0.95,engaged,52.54,0.0012,-0.0019,-0.0041,0.0006,-0.0039,-0.0045,168.06,-147.11,24.47,261.81,2788.95,-170.41,26.84,-6.07,2.33,1.67,2.67,2.67,3.98,2.33,2.55,3.07,2.33,1.63,2.67,5.0,1.94,1.81,3.19,3.8,0.0,3.16,2.22,0
2025-11-24T16:19:11.353005,88,student_4_lec_2a96290c_b067bd04,lec_2a96290c,cv101,1,0.95,engaged,51.61,0.0013,-0.0012,-0.0041,0.0016,-0.0033,-0.0045,161.33,-153.34,15.05,264.09,2794.8,-171.02,28.01,-5.33,2.46,1.8,2.54,2.58,3.84,2.42,2.55,3.04,2.27,1.59,2.73,5.0,1.89,1.63,3.37,3.77,0.0,3.05,2.27,0
2025-11-24T16:19:12.376330,89,student_4_lec_2a96290c_b067bd04,lec_2a96290c,cv101,1,0.95,engaged,50.56,0.0023,0.0037,-0.0042,0.002,-0.0089,-0.0046,153.91,10.72,-30.39,262.46,2721.76,-168.49,24.86,-5.09,2.95,2.2,2.05,2.17,3.99,2.83,2.53,3.27,2.52,1.76,2.48,5.0,2.1,1.98,3.02,3.79,0.0,3.25,2.4,0.66
2025-11-24T16:19:13.418685,90,student_4_lec_2a96290c_b067bd04,lec_2a96290c,cv101,1,0.95,engaged,55.17,-0.0052,-0.0012,-0.0044,0.0028,-0.0023,-0.0046,9.15,-159.16,62.33,219.39,2825.43,-172.95,20.34,-4.56,1.84,1.22,3.16,3.16,4.07,1.84,2.54,3.68,2.4,1.68,2.6,5.0,2.0,1.71,3.29,4.16,0.0,3.24,2.07,0
2025-11-24T16:19:14.440082,91,student_4_lec_2a96290c_b067bd04,lec_2a96290c,cv101,1,0.95,engaged,54.26,-0.0017,-0.0024,-0.0043,0.0019,-0.0059,-0.0046,-0.89,-139.25,28.44,232.96,2785.44,-171.97,24.05,-4.41,2.25,1.59,2.75,3.05,3.93,1.95,2.52,3.18,2.44,1.71,2.56,5.0,2.03,1.54,3.46,4.05,0.0,3.19,2.2,0
2025-11-24T16:19:15.464082,92,student_4_lec_2a96290c_b067bd04,lec_2a96290c,cv101,1,0.95,engaged,53.09,-0.0025,-0.0012,-0.0042,0.0024,-0.0017,-0.0045,1.51,-161.71,17.5,239.0,2832.33,-172.62,25.56,-5.3,2.13,1.52,2.87,2.77,4.0,2.23,2.53,3.2,2.34,1.64,2.66,5.0,1.95,1.65,3.35,4.07,0.0,3.17,2.17,0
2025-11-24T16:19:16.471454,93,student_4_lec_2a96290c_b067bd04,lec_2a96290c,cv101,1,0.95,partially_engaged,49.07,-0.0034,-0.0022,-0.0041,-0.0109,-0.0021,-0.0043,-125.76,-152.64,-182.62,331.33,2823.94,-178.89,24.39,-6.4,2.48,1.78,2.52,2.08,3.95,2.92,2.26,4.43,1.88,1.32,3.12,5.0,1.57,1.95,3.05,3.82,0.0,2.92,2.26,0.84
2025-11-24T16:19:17.502230,94,student_4_lec_2a96290c_b067bd04,lec_2a96290c,cv101,1,0.95,engaged,53.46,0.001,-0.0061,-0.004,0.0038,-0.0034,-0.0045,152.73,-132.98,263.21,-410.41,-2787.32,-151.5,33.53,-179.74,2.47,1.65,2.53,2.62,4.53,2.38,3.01,3.0,2.15,1.51,2.85,4.3,1.79,2.67,2.33,2.79,0.0,3.34,2.22,0
2025-11-24T16:19:18.548740,95,student_4_lec_2a96290c_b067bd04,lec_2a96290c,cv101,1,0.95,engaged,53.54,0.0037,-0.0046,-0.0042,0.0057,-0.0055,-0.0049,134.84,-132.1,260.64,-414.73,-2474.74,-148.19,37.49,-174.63,3.74,2.69,1.26,2.22,5.0,2.78,3.33,3.39,2.65,1.86,2.35,4.84,2.21,1.7,3.3,3.19,0.0,3.83,2.56,0.56
2025-11-24T16:19:19.560078,96,student_4_lec_2a96290c_b067bd04,lec_2a96290c,cv101,1,0.95,engaged,55.53,0.007,-0.005,-0.0044,0.0046,-0.0051,-0.0052,130.29,-133.22,249.89,-430.98,-2404.05,-144.4,36.17,-173.11,3.33,2.22,1.67,2.64,5.0,2.36,3.46,2.78,2.67,1.87,2.33,5.0,2.22,1.79,3.21,3.27,0.0,3.83,2.41,0
2025-11-24T16:19:20.580047,97,student_4_lec_2a96290c_b067bd04,lec_2a96290c,cv101,0,0.0,no_face,0.0,0.0,0.0,0.0,0.0,0.0,0.0,0.0,0.0,0.0,0.0,0.0,0.0,0.0,0.0,0.0,0.0,0.0,0.0,0.0,0.0,0.0,0.0,0.0,0.0,0.0,0.0,0.0,0.0,0.0,0.0,0.0,0.0,0.0,0.0
2025-11-24T16:19:21.594491,98,student_4_lec_2a96290c_b067bd04,lec_2a96290c,cv101,1,0.95,engaged,54.52,-0.0035,-0.0021,-0.0044,0.0013,-0.0031,-0.0045,11.19,-150.39,86.07,103.26,2791.24,-176.94,14.27,2.02,2.71,2.11,2.29,3.03,4.1,1.97,2.38,3.97,2.48,1.73,2.52,5.0,2.06,1.44,3.56,4.71,0.0,3.29,2.37,0
2025-11-24T16:19:22.616810,99,student_4_lec_2a96290c_b067bd04,lec_2a96290c,cv101,1,0.95,engaged,55.74,-0.0095,-0.0026,-0.0046,0.0012,-0.0021,-0.0046,24.78,-152.96,158.14,125.66,2734.49,-176.6,-1.29,1.51,2.37,1.71,2.63,3.16,4.29,1.84,2.52,4.15,2.49,1.75,2.51,5.0,2.08,1.37,3.63,4.75,0.0,3.39,2.24,0
2025-11-24T16:19:23.656328,100,student_4_lec_2a96290c_b067bd04,lec_2a96290c,cv101,1,0.95,engaged,55.6,-0.0094,-0.0028,-0.0045,0.0006,-0.0016,-0.0046,28.11,-154.4,151.52,119.22,2727.85,-177.29,1.41,1.11,2.4,1.79,2.6,3.17,4.22,1.83,2.47,4.12,2.51,1.76,2.49,5.0,2.09,1.11,3.89,4.87,0.0,3.36,2.26,0
2025-11-24T16:19:24.679321,101,student_4_lec_2a96290c_b067bd04,lec_2a96290c,cv101,1,0.95,engaged,55.51,-0.0069,-0.0027,-0.0045,0.0026,-0.0038,-0.0045,13.64,-144.53,154.13,112.13,2712.83,-177.42,-0.05,0.84,2.24,1.66,2.76,3.1,4.28,1.9,2.47,4.11,2.51,1.76,2.49,5.0,2.09,1.06,3.94,4.9,0.0,3.4,2.22,0
2025-11-24T16:19:25.705015,102,student_4_lec_2a96290c_b067bd04,lec_2a96290c,cv101,1,0.95,engaged,56.03,-0.0084,-0.0033,-0.0046,0.0004,-0.0032,-0.0046,27.95,-144.37,167.84,116.8,2722.81,-176.57,-5.47,1.21,2.38,1.79,2.62,3.27,4.24,1.73,2.49,3.97,2.47,1.73,2.53,5.0,2.05,1.13,3.87,4.83,0.0,3.36,2.26,0
2025-11-24T16:19:26.719732,103,student_4_lec_2a96290c_b067bd04,lec_2a96290c,cv101,1,0.95,partially_engaged,49.58,-0.0061,-0.002,-0.0041,0.0012,-0.0011,-0.004,19.79,-159.71,231.91,118.09,3024.85,177.74,-12.71,2.26,2.14,1.75,2.86,2.29,3.53,2.71,1.99,3.52,2.28,1.6,2.72,5.0,1.9,1.22,3.78,4.9,0.0,2.9,2.25,0.42
2025-11-24T16:19:27.737188,104,student_4_lec_2a96290c_b067bd04,lec_2a96290c,cv101,1,0.95,partially_engaged,47.14,-0.0022,0.0002,-0.003,0.0003,-0.0037,-0.0031,14.77,23.21,13.51,-321.59,-3671.01,-168.17,28.72,177.83,1.49,1.15,3.51,1.91,3.55,3.09,1.71,2.62,1.69,1.18,3.31,5.0,1.41,0.78,4.22,3.84,0.0,2.62,2.05,1.18
2025-11-24T16:19:28.774645,105,student_4_lec_2a96290c_b067bd04,lec_2a96290c,cv101,1,0.95,partially_engaged,49.68,-0.0047,-0.0016,-0.0034,0.0004,0.0005,-0.0033,23.69,8.46,117.78,272.53,3511.82,176.62,-16.57,0.02,1.69,1.23,3.31,2.62,3.25,2.38,1.86,3.17,1.86,1.3,3.14,5.0,1.55,1.29,3.71,4.01,0.0,2.56,2.08,0
2025-11-24T16:19:29.801240,106,student_4_lec_2a96290c_b067bd04,lec_2a96290c,cv101,1,0.95,partially_engaged,45.3,-0.0037,-0.0013,-0.0035,0.0026,-0.003,-0.0034,4.82,-148.62,139.11,293.01,3506.83,176.85,-17.13,1.18,2.23,1.84,2.77,1.66,3.27,3.34,1.82,3.18,1.81,1.27,3.19,5.0,1.51,1.7,3.3,4.07,0.0,2.54,2.28,1.68
2025-11-24T16:19:30.824032,107,student_4_lec_2a96290c_b067bd04,lec_2a96290c,cv101,1,0.95,partially_engaged,47.84,-0.005,-0.0012,-0.0034,0.0016,-0.0016,-0.0034,15.04,-157.13,134.0,288.2,3454.89,176.7,-18.08,0.3,2.11,1.66,2.89,2.24,3.23,2.76,1.85,3.33,1.86,1.31,3.14,5.0,1.55,1.57,3.43,4.07,0.0,2.54,2.22,0.52
2025-11-24T16:19:31.834538,108,student_4_lec_2a96290c_b067bd04,lec_2a96290c,cv101,1,0.95,partially_engaged,47.26,-0.0063,-0.0009,-0.0035,-0.0003,-0.0002,-0.0034,-147.34,-170.99,128.36,294.12,3489.27,175.98,-17.15,0.37,2.12,1.7,2.88,2.05,3.31,2.95,1.84,3.24,1.88,1.31,3.12,5.0,1.56,1.56,3.44,4.08,0.0,2.59,2.23,0.9
2025-11-24T16:19:32.858332,109,student_4_lec_2a96290c_b067bd04,lec_2a96290c,cv101,1,0.95,partially_engaged,46.39,-0.0029,-0.0006,-0.0035,0.0013,-0.0013,-0.0035,9.66,-164.93,118.84,294.86,3491.89,176.49,-12.71,-0.04,2.16,1.77,2.84,1.92,3.19,3.08,1.82,3.32,1.9,1.33,3.1,5.0,1.58,1.55,3.45,4.12,0.0,2.54,2.26,1.16
2025-11-24T16:19:33.903969,110,student_4_lec_2a96290c_b067bd04,lec_2a96290c,cv101,1,0.95,engaged,69.96,-0.0022,0.0006,-0.0036,0.001,-0.001,-0.0035,7.92,3.01,111.57,298.71,3530.33,175.34,-12.15,-0.44,2.32,1.96,2.68,1.92,3.04,3.08,1.77,3.12,1.91,1.34,3.09,5.0,1.59,1.52,3.48,4.09,0.0,2.48,2.32,1.16
2025-11-24T16:19:34.922731,111,student_4_lec_2a96290c_b067bd04,lec_2a96290c,cv101,1,0.95,partially_engaged,46.92,-0.0019,-0.002,-0.0035,0.001,-0.0014,-0.0034,5.97,-153.89,114.6,320.41,3585.91,178.61,-13.71,-1.79,2.13,1.76,2.87,2.09,3.17,2.91,1.83,2.95,1.81,1.26,3.19,5.0,1.5,1.36,3.64,3.93,0.0,2.49,2.25,0.82
2025-11-24T16:19:35.942968,112,student_4_lec_2a96290c_b067bd04,lec_2a96290c,cv101,1,0.95,partially_engaged,47.39,-0.0074,-0.002,-0.0035,0.0006,-0.0025,-0.0035,27.58,-146.97,119.05,316.52,3531.43,178.48,-17.06,-1.05,2.03,1.65,2.97,2.06,3.36,2.94,1.87,2.89,1.85,1.29,3.15,5.0,1.54,1.69,3.31,3.89,0.0,2.6,2.22,0.88
2025-11-24T16:19:36.951711,113,student_4_lec_2a96290c_b067bd04,lec_2a96290c,cv101,1,0.95,partially_engaged,47.45,-0.0064,-0.0011,-0.0035,-0.0001,0.0005,-0.0034,-148.11,5.12,121.63,311.69,3538.18,175.96,-18.68,-0.09,2.03,1.65,2.97,2.16,3.26,2.84,1.85,3.07,1.79,1.25,3.21,5.0,1.49,1.48,3.52,3.94,0.0,2.52,2.22,0.68
2025-11-24T16:19:37.979727,114,student_4_lec_2a96290c_b067bd04,lec_2a96290c,cv101,1,0.95,partially_engaged,48.18,-0.005,-0.002,-0.0036,0.0009,-0.0029,-0.0035,20.07,-145.9,120.68,312.12,3506.24,177.31,-15.82,-0.41,2.01,1.64,2.99,2.29,3.25,2.71,1.85,3.04,1.89,1.33,3.11,5.0,1.58,1.49,3.51,3.94,0.0,2.57,2.21,0.42
2025-11-24T16:19:39.016375,115,student_4_lec_2a96290c_b067bd04,lec_2a96290c,cv101,1,0.95,partially_engaged,31.49,-0.0074,0.0031,-0.0036,0.0004,0.0004,-0.0034,28.7,156.33,138.28,311.1,3607.65,176.2,-20.51,0.47,2.23,1.86,2.77,1.47,3.21,3.53,1.83,2.81,1.78,1.25,3.22,5.0,1.48,1.86,3.14,3.95,5.0,2.5,2.29,7.06
2025-11-24T16:19:40.040258,116,student_4_lec_2a96290c_b067bd04,lec_2a96290c,cv101,1,0.95,partially_engaged,45.73,-0.0093,0.001,-0.0036,-0.0002,-0.0024,-0.0035,-143.73,9.35,88.25,329.79,3675.53,177.39,-8.99,-3.46,2.1,1.75,2.9,1.88,3.01,3.12,1.77,2.73,1.89,1.32,3.11,5.0,1.57,1.74,3.26,3.88,0.0,2.45,2.25,1.24
2025-11-24T16:19:41.063948,117,student_4_lec_2a96290c_b067bd04,lec_2a96290c,cv101,1,0.95,partially_engaged,47.36,-0.0025,-0.0011,-0.0035,0.001,-0.0038,-0.0034,9.72,-147.43,85.94,318.33,3475.66,177.06,-15.99,-5.68,1.75,1.45,3.25,2.15,3.21,2.85,1.81,3.04,1.8,1.26,3.2,5.0,1.5,1.19,3.81,4.05,0.0,2.5,2.15,0.7
2025-11-24T16:19:42.103364,118,student_4_lec_2a96290c_b067bd04,lec_2a96290c,cv101,1,0.95,partially_engaged,44.57,-0.0017,-0.0005,-0.0037,0.0019,-0.0005,-0.0036,-1.79,-171.72,97.51,296.67,3577.05,173.68,-11.66,-6.37,2.05,1.77,2.95,1.56,3.06,3.44,1.83,3.24,1.94,1.36,3.06,5.0,1.61,1.76,3.24,4.03,0.0,2.5,2.26,1.88
2025-11-24T16:19:43.135826,119,student_4_lec_2a96290c_b067bd04,lec_2a96290c,cv101,1,0.95,partially_engaged,48.02,-0.0033,-0.0021,-0.0036,0.0015,-0.0023,-0.0035,9.82,-148.44,89.84,296.91,3467.71,177.59,-15.46,-6.69,1.71,1.39,3.29,2.19,3.35,2.81,1.87,3.05,1.85,1.3,3.15,5.0,1.55,1.82,3.18,3.95,0.0,2.6,2.13,0.62
2025-11-24T16:19:44.148077,120,student_4_lec_2a96290c_b067bd04,lec_2a96290c,cv101,1,0.95,partially_engaged,48.48,-0.0065,-0.001,-0.0037,0.0005,-0.0032,-0.0036,26.46,-151.69,96.01,289.08,3418.2,178.15,-15.51,-6.6,1.56,1.25,3.44,2.27,3.34,2.73,1.86,3.19,1.9,1.33,3.1,5.0,1.58,1.67,3.33,4.01,0.0,2.62,2.08,0.46
2025-11-24T16:19:45.174493,121,student_4_lec_2a96290c_b067bd04,lec_2a96290c,cv101,1,0.95,partially_engaged,47.94,-0.0046,-0.0011,-0.0036,0.0009,-0.003,-0.0035,19.02,-151.41,99.29,295.57,3431.62,177.77,-16.92,-5.7,1.78,1.44,3.22,2.19,3.35,2.81,1.85,3.04,1.82,1.27,3.18,5.0,1.51,1.58,3.42,4.06,0.0,2.58,2.15,0.62
2025-11-24T16:19:46.185914,122,student_4_lec_2a96290c_b067bd04,lec_2a96290c,cv101,1,0.95,partially_engaged,47.67,-0.0057,-0.0002,-0.0037,0.0004,-0.0023,-0.0036,25.21,-161.85,99.87,296.35,3430.8,178.62,-15.26,-5.6,1.8,1.46,3.2,2.13,3.33,2.87,1.86,3.06,1.84,1.29,3.16,5.0,1.53,1.64,3.36,3.98,0.0,2.58,2.15,0.74
2025-11-24T16:19:47.191675,123,student_4_lec_2a96290c_b067bd04,lec_2a96290c,cv101,1,0.95,partially_engaged,46.84,-0.0049,-0.0014,-0.0036,0.0015,-0.0026,-0.0035,14.9,-151.34,105.45,299.13,3443.32,178.14,-16.39,-5.29,1.89,1.58,3.11,1.93,3.35,3.07,1.85,3.02,1.85,1.3,3.15,5.0,1.54,1.55,3.45,4.03,0.0,2.6,2.19,1.14
2025-11-24T16:19:48.218690,124,student_4_lec_2a96290c_b067bd04,lec_2a96290c,cv101,1,0.95,partially_engaged,45.02,-0.0055,-0.0007,-0.0037,0.0003,-0.0027,-0.0036,25.88,-155.99,112.1,300.46,3463.65,176.86,-15.75,-4.76,2.32,1.97,2.68,1.6,3.23,3.4,1.81,3.11,1.88,1.32,3.12,5.0,1.57,1.46,3.54,4.06,0.0,2.55,2.32,1.8
2025-11-24T16:19:49.254923,125,student_4_lec_2a96290c_b067bd04,lec_2a96290c,cv101,1,0.95,partially_engaged,45.4,-0.0047,-0.0009,-0.0037,0.0007,-0.0026,-0.0036,20.24,-154.51,119.25,302.29,3450.86,177.13,-15.61,-4.9,2.15,1.83,2.85,1.63,3.28,3.37,1.83,3.07,1.92,1.34,3.08,5.0,1.6,1.3,3.7,4.03,0.0,2.6,2.28,1.74
2025-11-24T16:19:50.279990,126,student_4_lec_2a96290c_b067bd04,lec_2a96290c,cv101,1,0.95,partially_engaged,45.8,-0.0051,0.0001,-0.0038,-0.0004,-0.0027,-0.0037,-149.98,17.34,123.36,297.93,3432.57,177.84,-15.78,-4.82,2.03,1.71,2.97,1.73,3.28,3.27,1.83,3.19,1.88,1.31,3.12,5.0,1.56,1.45,3.55,4.05,0.0,2.58,2.24,1.54
2025-11-24T16:19:51.307801,127,student_4_lec_2a96290c_b067bd04,lec_2a96290c,cv101,1,0.95,partially_engaged,47.48,-0.0064,-0.0006,-0.0038,-0.0014,-0.0034,-0.0037,-140.06,-154.53,123.28,303.79,3427.82,178.89,-14.26,-4.76,2.02,1.66,2.98,2.11,3.31,2.89,1.85,3.01,1.85,1.3,3.15,5.0,1.54,1.5,3.5,4.03,0.0,2.58,2.22,0.78
2025-11-24T16:19:52.319123,128,student_4_lec_2a96290c_b067bd04,lec_2a96290c,cv101,1,0.95,partially_engaged,46.9,-0.0086,-0.0008,-0.0038,-0.0021,-0.0023,-0.0037,-132.18,-158.35,138.37,305.48,3464.43,177.87,-13.9,-4.15,1.96,1.62,3.04,1.98,3.26,3.02,1.83,3.09,1.91,1.34,3.09,5.0,1.59,1.36,3.64,3.97,0.0,2.58,2.21,1.04
2025-11-24T16:19:53.338242,129,student_4_lec_2a96290c_b067bd04,lec_2a96290c,cv101,1,0.95,partially_engaged,45.4,-0.0039,-0.0011,-0.0038,-0.0009,-0.0024,-0.0037,-150.34,-155.57,154.67,303.01,3426.45,178.52,-16.59,-3.99,2.19,1.86,2.81,1.61,3.33,3.39,1.83,3.06,1.9,1.33,3.1,5.0,1.59,1.44,3.56,4.05,0.0,2.62,2.29,1.78
2025-11-24T16:19:54.374578,130,student_4_lec_2a96290c_b067bd04,lec_2a96290c,cv101,1,0.95,partially_engaged,31.09,-0.0007,-0.0001,-0.0038,-0.0005,-0.0018,-0.0037,-170.89,-166.05,150.87,307.8,3458.7,178.12,-14.76,-5.03,2.54,2.19,2.46,1.26,3.2,3.74,1.82,3.11,1.94,1.36,3.06,5.0,1.62,1.29,3.71,4.03,5.0,2.57,2.4,7.48
2025-11-24T16:19:55.403956,131,student_4_lec_2a96290c_b067bd04,lec_2a96290c,cv101,1,0.95,partially_engaged,47.15,-0.005,-0.0011,-0.0037,0.0009,-0.0021,-0.0036,19.43,-156.79,153.86,301.64,3418.31,177.67,-18.55,-4.25,1.93,1.61,3.07,1.99,3.35,3.01,1.83,2.98,1.88,1.32,3.12,5.0,1.57,1.22,3.78,4.05,0.0,2.62,2.2,1.02
2025-11-24T16:19:56.423650,132,student_4_lec_2a96290c_b067bd04,lec_2a96290c,cv101,1,0.95,partially_engaged,46.2,-0.0038,-0.0011,-0.0038,0.0002,-0.0023,-0.0037,21.29,-155.6,151.57,304.01,3457.42,177.37,-16.92,-3.6,1.99,1.69,3.01,1.83,3.28,3.17,1.8,3.15,1.86,1.3,3.14,5.0,1.55,1.42,3.58,4.06,0.0,2.57,2.23,1.34
2025-11-24T16:19:57.433155,133,student_4_lec_2a96290c_b067bd04,lec_2a96290c,cv101,1,0.95,partially_engaged,47.34,-0.004,-0.0014,-0.0037,0.0007,-0.0038,-0.0036,18.1,-146.4,151.68,302.78,3416.54,178.12,-17.5,-4.01,2.03,1.7,2.97,2.04,3.28,2.96,1.82,3.02,1.99,1.4,3.01,5.0,1.66,1.24,3.76,4.01,0.0,2.63,2.23,0.92
2025-11-24T16:19:58.456637,134,student_4_lec_2a96290c_b067bd04,lec_2a96290c,cv101,1,0.95,partially_engaged,46.77,-0.0069,-0.0008,-0.0038,0.0002,-0.0018,-0.0036,29.16,-161.19,148.59,303.24,3420.91,177.0,-17.29,-3.95,2.07,1.73,2.93,1.9,3.33,3.1,1.81,3.11,1.94,1.36,3.06,5.0,1.61,1.51,3.49,4.04,0.0,2.63,2.24,1.2
2025-11-24T16:19:59.504776,135,student_4_lec_2a96290c_b067bd04,lec_2a96290c,cv101,1,0.95,partially_engaged,47.23,-0.0038,-0.0009,-0.0037,0.0002,-0.0013,-0.0036,21.24,-163.07,124.18,323.98,3514.63,178.03,-12.63,-5.03,2.07,1.71,2.93,2.09,3.21,2.91,1.84,2.85,1.92,1.35,3.08,5.0,1.6,1.21,3.79,3.92,0.0,2.56,2.24,0.82
2025-11-24T16:20:00.519946,136,student_4_lec_2a96290c_b067bd04,lec_2a96290c,cv101,1,0.95,partially_engaged,48.16,-0.0012,-0.0022,-0.0037,0.0018,-0.0018,-0.0036,-4.6,-151.28,125.75,319.61,3452.29,179.08,-19.14,-4.85,1.77,1.35,3.23,2.21,3.36,2.79,1.9,3.13,1.86,1.3,3.14,5.0,1.55,1.41,3.59,3.96,0.0,2.61,2.12,0.58
2025-11-24T16:20:01.548215,137,student_4_lec_2a96290c_b067bd04,lec_2a96290c,cv101,1,0.95,partially_engaged,49.36,-0.001,-0.0015,-0.0039,0.0019,-0.0012,-0.0038,-5.93,-160.53,163.03,300.27,3358.04,178.03,-18.4,-3.54,1.75,1.31,3.25,2.38,3.42,2.62,1.9,3.35,2.02,1.41,2.98,5.0,1.68,1.93,3.07,3.99,0.0,2.72,2.1,0.24
2025-11-24T16:20:02.552514,138,student_4_lec_2a96290c_b067bd04,lec_2a96290c,cv101,1,0.95,engaged,50.04,-0.002,-0.002,-0.0039,0.0014,-0.0015,-0.0038,3.21,-155.53,176.44,309.83,3388.1,179.76,-18.84,-4.13,1.68,1.25,3.32,2.59,3.36,2.41,1.93,3.15,1.97,1.38,3.03,5.0,1.64,2.1,2.9,3.89,0.0,2.67,2.08,0
2025-11-24T16:20:03.577259,139,student_4_lec_2a96290c_b067bd04,lec_2a96290c,cv101,1,0.95,engaged,50.15,-0.0028,-0.0016,-0.0038,0.0003,-0.0046,-0.0036,16.25,-142.82,207.25,289.43,3258.89,-177.69,-25.56,-3.81,1.67,1.24,3.33,2.47,3.61,2.53,2.01,3.18,1.95,1.36,3.05,5.0,1.62,1.89,3.11,3.87,0.0,2.78,2.08,0.06
2025-11-24T16:20:04.620648,140,student_4_lec_2a96290c_b067bd04,lec_2a96290c,cv101,1,0.95,engaged,50.69,-0.0066,-0.0007,-0.0039,0.0017,-0.0047,-0.004,17.85,-150.02,59.19,299.04,3268.76,-177.28,4.5,-6.11,1.75,1.27,3.25,2.51,3.63,2.49,2.12,3.24,2.13,1.49,2.87,5.0,1.78,2.35,2.65,3.9,0.0,2.88,2.09,0
2025-11-24T16:20:05.643769,141,student_4_lec_2a96290c_b067bd04,lec_2a96290c,cv101,0,0.0,no_face,0.0,0.0,0.0,0.0,0.0,0.0,0.0,0.0,0.0,0.0,0.0,0.0,0.0,0.0,0.0,0.0,0.0,0.0,0.0,0.0,0.0,0.0,0.0,0.0,0.0,0.0,0.0,0.0,0.0,0.0,0.0,0.0,0.0,0.0,0.0
2025-11-24T16:20:06.667481,142,student_4_lec_2a96290c_b067bd04,lec_2a96290c,cv101,1,0.95,partially_engaged,49.21,0.0021,-0.0028,-0.0034,0.0032,-0.0082,-0.0036,143.23,-127.05,-380.91,415.07,3187.63,-173.15,24.9,-9.55,1.77,1.13,3.23,2.36,3.58,2.64,2.18,2.97,1.71,1.2,3.29,5.0,1.42,2.09,2.91,3.35,0.0,2.65,2.04,0.28
2025-11-24T16:20:07.670274,143,student_4_lec_2a96290c_b067bd04,lec_2a96290c,cv101,1,0.95,partially_engaged,49.53,-0.0003,-0.0002,-0.0036,0.0008,-0.0031,-0.0039,-3.27,-158.64,-363.77,412.19,3171.59,-174.01,21.63,-9.29,1.81,1.2,3.19,2.49,3.43,2.51,2.21,2.97,1.82,1.27,3.18,5.0,1.52,2.33,2.67,3.47,0.0,2.62,2.07,0.02
2025-11-24T16:20:08.696991,144,student_4_lec_2a96290c_b067bd04,lec_2a96290c,cv101,1,0.95,engaged,50.28,0.0002,-0.0009,-0.0038,-0.001,-0.0017,-0.004,5.74,-161.46,-330.54,424.44,3187.15,-172.2,19.46,-7.65,1.65,1.05,3.35,2.58,3.49,2.42,2.23,2.84,1.9,1.33,3.1,5.0,1.58,2.39,2.61,3.38,0.0,2.7,2.02,0
2025-11-24T16:20:09.707039,145,student_4_lec_2a96290c_b067bd04,lec_2a96290c,cv101,1,0.95,partially_engaged,48.7,0.0065,-0.0036,-0.0035,-0.0013,-0.0042,-0.0038,-21.21,-132.82,-353.6,454.05,2985.03,-165.53,19.67,-8.13,2.25,1.61,2.75,2.03,3.74,2.97,2.45,2.63,2.07,1.45,2.93,5.0,1.73,2.38,2.62,3.05,0.0,2.91,2.2,0.94
2025-11-24T16:20:10.728607,146,student_4_lec_2a96290c_b067bd04,lec_2a96290c,cv101,0,0.0,no_face,0.0,0.0,0.0,0.0,0.0,0.0,0.0,0.0,0.0,0.0,0.0,0.0,0.0,0.0,0.0,0.0,0.0,0.0,0.0,0.0,0.0,0.0,0.0,0.0,0.0,0.0,0.0,0.0,0.0,0.0,0.0,0.0,0.0,0.0,0.0
2025-11-24T16:20:11.751578,147,student_4_lec_2a96290c_b067bd04,lec_2a96290c,cv101,0,0.0,no_face,0.0,0.0,0.0,0.0,0.0,0.0,0.0,0.0,0.0,0.0,0.0,0.0,0.0,0.0,0.0,0.0,0.0,0.0,0.0,0.0,0.0,0.0,0.0,0.0,0.0,0.0,0.0,0.0,0.0,0.0,0.0,0.0,0.0,0.0,0.0
2025-11-24T16:20:12.760533,148,student_4_lec_2a96290c_b067bd04,lec_2a96290c,cv101,0,0.0,no_face,0.0,0.0,0.0,0.0,0.0,0.0,0.0,0.0,0.0,0.0,0.0,0.0,0.0,0.0,0.0,0.0,0.0,0.0,0.0,0.0,0.0,0.0,0.0,0.0,0.0,0.0,0.0,0.0,0.0,0.0,0.0,0.0,0.0,0.0,0.0
2025-11-24T16:20:13.784182,149,student_4_lec_2a96290c_b067bd04,lec_2a96290c,cv101,0,0.0,no_face,0.0,0.0,0.0,0.0,0.0,0.0,0.0,0.0,0.0,0.0,0.0,0.0,0.0,0.0,0.0,0.0,0.0,0.0,0.0,0.0,0.0,0.0,0.0,0.0,0.0,0.0,0.0,0.0,0.0,0.0,0.0,0.0,0.0,0.0,0.0
2025-11-24T16:20:14.786178,150,student_4_lec_2a96290c_b067bd04,lec_2a96290c,cv101,0,0.0,no_face,0.0,0.0,0.0,0.0,0.0,0.0,0.0,0.0,0.0,0.0,0.0,0.0,0.0,0.0,0.0,0.0,0.0,0.0,0.0,0.0,0.0,0.0,0.0,0.0,0.0,0.0,0.0,0.0,0.0,0.0,0.0,0.0,0.0,0.0,0.0
2025-11-24T16:20:15.815074,151,student_4_lec_2a96290c_b067bd04,lec_2a96290c,cv101,0,0.0,no_face,0.0,0.0,0.0,0.0,0.0,0.0,0.0,0.0,0.0,0.0,0.0,0.0,0.0,0.0,0.0,0.0,0.0,0.0,0.0,0.0,0.0,0.0,0.0,0.0,0.0,0.0,0.0,0.0,0.0,0.0,0.0,0.0,0.0,0.0,0.0
2025-11-24T16:20:16.841511,152,student_4_lec_2a96290c_b067bd04,lec_2a96290c,cv101,1,0.95,engaged,64.38,0.0008,-0.0022,-0.0068,0.0038,-0.0065,-0.007,162.31,-149.62,-336.3,724.64,1785.22,-167.69,1.84,-3.65,3.54,2.52,1.46,4.42,5.0,0.58,4.46,3.36,3.38,2.36,1.62,5.0,2.81,3.12,1.88,4.17,0.0,4.19,2.51,0
2025-11-24T16:20:17.841825,153,student_4_lec_2a96290c_b067bd04,lec_2a96290c,cv101,0,0.0,no_face,0.0,0.0,0.0,0.0,0.0,0.0,0.0,0.0,0.0,0.0,0.0,0.0,0.0,0.0,0.0,0.0,0.0,0.0,0.0,0.0,0.0,0.0,0.0,0.0,0.0,0.0,0.0,0.0,0.0,0.0,0.0,0.0,0.0,0.0,0.0
2025-11-24T16:20:18.902095,154,student_4_lec_2a96290c_b067bd04,lec_2a96290c,cv101,1,0.95,partially_engaged,49.69,-0.0028,-0.0013,-0.0037,0.0011,-0.0041,-0.0037,9.94,-146.15,7.61,270.61,3301.95,179.71,-16.32,0.17,2.23,1.68,2.77,2.38,3.6,2.62,2.03,3.28,2.01,1.41,2.99,5.0,1.68,2.04,2.96,3.95,0.0,2.8,2.23,0.24
2025-11-24T16:20:19.947288,155,student_4_lec_2a96290c_b067bd04,lec_2a96290c,cv101,1,0.95,partially_engaged,48.91,-0.0056,-0.0023,-0.0037,0.0035,-0.0024,-0.0035,6.33,-147.05,37.66,252.53,3295.46,174.05,-25.3,3.08,2.3,1.84,2.7,2.35,3.5,2.65,1.93,3.44,1.82,1.27,3.18,5.0,1.51,1.51,3.49,4.34,0.0,2.66,2.28,0.3
2025-11-24T16:20:20.952320,156,student_4_lec_2a96290c_b067bd04,lec_2a96290c,cv101,1,0.95,partially_engaged,48.84,-0.0054,-0.0022,-0.0037,0.0025,-0.0057,-0.0036,10.56,-135.56,39.32,260.97,3276.32,175.74,-21.37,1.96,2.23,1.82,2.77,2.33,3.45,2.67,1.93,3.41,1.9,1.33,3.1,5.0,1.58,1.42,3.58,4.33,0.0,2.67,2.27,0.34
2025-11-24T16:20:22.000668,157,student_4_lec_2a96290c_b067bd04,lec_2a96290c,cv101,1,0.95,partially_engaged,49.12,-0.0039,-0.002,-0.0037,0.004,-0.0074,-0.0036,-0.87,-133.58,36.32,261.93,3242.99,178.38,-20.7,1.18,2.35,1.91,2.65,2.35,3.52,2.65,1.96,3.35,1.92,1.34,3.08,5.0,1.6,1.54,3.46,4.26,0.0,2.72,2.3,0.3
2025-11-24T16:20:23.064312,158,student_4_lec_2a96290c_b067bd04,lec_2a96290c,cv101,1,0.95,engaged,61.79,-0.0038,-0.0024,-0.0039,0.0002,0.0021,-0.0036,20.32,0.43,152.53,302.09,3110.7,179.34,-27.17,11.57,3.01,2.29,1.99,2.52,3.52,2.48,2.02,3.44,1.96,1.37,3.04,5.0,1.64,1.8,3.2,4.27,0.0,2.74,2.43,0
2025-11-24T16:20:24.105883,159,student_4_lec_2a96290c_b067bd04,lec_2a96290c,cv101,1,0.95,partially_engaged,50.0,-0.0036,-0.0021,-0.0039,0.0003,-0.0011,-0.0037,19.11,-158.29,145.53,300.0,3142.78,178.62,-23.21,9.89,2.88,2.31,2.12,2.56,3.51,2.44,2.04,3.25,2.0,1.4,3.0,5.0,1.67,1.92,3.08,4.06,0.0,2.75,2.44,0
2025-11-24T16:20:25.109617,160,student_4_lec_2a96290c_b067bd04,lec_2a96290c,cv101,1,0.95,engaged,50.34,-0.0036,-0.0016,-0.0038,0.0014,-0.0024,-0.0038,11.66,-152.57,39.01,297.85,3158.32,177.14,-14.05,0.05,2.09,1.6,2.91,2.49,3.56,2.51,1.99,3.58,2.15,1.5,2.85,5.0,1.79,1.59,3.41,4.35,0.0,2.85,2.2,0.02
2025-11-24T16:20:26.166068,161,student_4_lec_2a96290c_b067bd04,lec_2a96290c,cv101,1,0.95,engaged,50.36,-0.0034,-0.0031,-0.0036,0.0015,-0.0041,-0.0036,10.1,-135.71,-4.08,326.01,3223.71,-176.71,-4.5,-2.32,2.21,1.64,2.79,2.46,3.75,2.54,2.26,3.31,1.96,1.37,3.04,5.0,1.64,1.56,3.44,3.89,0.0,2.85,2.21,0.08
2025-11-24T16:20:27.220928,162,student_4_lec_2a96290c_b067bd04,lec_2a96290c,cv101,1,0.95,engaged,52.23,-0.0024,-0.0014,-0.0037,0.0015,-0.0054,-0.0037,5.54,-141.63,-40.07,339.91,3228.94,-176.44,8.82,-2.53,1.85,1.29,3.15,2.88,3.69,2.12,2.18,3.11,2.02,1.41,2.98,5.0,1.68,1.66,3.34,3.99,0.0,2.85,2.1,0
2025-11-24T16:20:28.282387,163,student_4_lec_2a96290c_b067bd04,lec_2a96290c,cv101,1,0.95,engaged,50.57,-0.0031,-0.0007,-0.0039,0.0023,-0.0029,-0.0038,3.56,-155.8,89.24,310.44,3165.18,179.81,-18.14,-0.93,2.21,1.71,2.79,2.53,3.63,2.47,2.06,3.54,2.1,1.47,2.9,5.0,1.75,1.56,3.44,4.15,0.0,2.87,2.24,0
2025-11-24T16:20:29.410801,164,student_4_lec_2a96290c_b067bd04,lec_2a96290c,cv101,1,0.95,engaged,51.78,-0.0043,-0.0016,-0.0044,0.0001,-0.0065,-0.0042,21.55,-141.48,154.88,229.91,2966.01,179.1,-18.24,-2.45,2.09,1.56,2.91,2.69,3.8,2.31,2.15,3.85,2.11,1.48,2.89,5.0,1.76,1.61,3.39,4.46,0.0,2.96,2.19,0
2025-11-24T16:20:30.376759,165,student_4_lec_2a96290c_b067bd04,lec_2a96290c,cv101,1,0.95,partially_engaged,48.31,-0.0015,-0.0016,-0.0036,-0.0003,-0.0018,-0.0037,-166.39,-154.78,-162.21,316.46,3243.77,-179.69,21.96,-7.33,1.63,1.21,3.37,2.24,3.23,2.76,1.94,3.41,2.04,1.43,2.96,5.0,1.7,1.74,3.26,4.13,0.0,2.63,2.07,0.52
2025-11-24T16:20:31.381866,166,student_4_lec_2a96290c_b067bd04,lec_2a96290c,cv101,1,0.95,engaged,61.28,-0.0012,-0.0021,-0.0035,0.0024,0.0003,-0.0036,-7.1,13.22,-170.03,349.62,3402.05,179.59,16.81,-8.23,1.45,1.08,3.55,2.48,3.33,2.52,2.0,3.08,1.83,1.28,3.17,5.0,1.52,2.17,2.83,4.02,0.0,2.58,2.03,0.04
2025-11-24T16:20:32.432884,167,student_4_lec_2a96290c_b067bd04,lec_2a96290c,cv101,1,0.95,partially_engaged,48.65,-0.0025,-0.001,-0.0037,0.0031,-0.0026,-0.0038,-2.39,-155.3,-173.67,360.21,3307.77,-179.11,21.91,-6.71,1.81,1.35,3.19,2.39,3.33,2.61,2.09,3.16,1.74,1.22,3.26,5.0,1.45,2.31,2.69,3.77,0.0,2.54,2.12,0.22
2025-11-24T16:20:33.482447,168,student_4_lec_2a96290c_b067bd04,lec_2a96290c,cv101,1,0.95,engaged,52.22,-0.0027,-0.001,-0.0038,0.0043,-0.0036,-0.0038,-6.52,-151.47,67.65,289.51,3081.21,179.64,-15.23,-2.06,1.7,1.19,3.3,2.77,3.74,2.23,2.14,3.89,2.18,1.52,2.82,5.0,1.81,1.62,3.38,4.19,0.0,2.96,2.06,0
2025-11-24T16:20:34.568032,169,student_4_lec_2a96290c_b067bd04,lec_2a96290c,cv101,1,0.95,engaged,52.05,-0.0027,-0.0013,-0.0042,0.0013,-0.0067,-0.0043,7.68,-142.87,25.98,312.94,3034.11,-175.52,11.33,-2.48,2.35,1.71,2.65,2.78,3.75,2.22,2.33,3.36,2.15,1.5,2.85,5.0,1.79,2.1,2.9,3.96,0.0,2.95,2.24,0
2025-11-24T16:20:35.623446,170,student_4_lec_2a96290c_b067bd04,lec_2a96290c,cv101,1,0.95,engaged,54.74,0.0025,-0.0065,-0.0043,0.0034,-0.0127,-0.004,145.07,-115.58,296.41,284.54,2778.06,-176.33,-21.28,0.69,2.38,1.68,2.62,3.14,4.07,1.86,2.22,3.68,2.3,1.61,2.7,5.0,1.92,2.04,2.96,4.33,0.0,3.19,2.23,0
2025-11-24T16:20:36.625948,171,student_4_lec_2a96290c_b067bd04,lec_2a96290c,cv101,1,0.95,engaged,56.17,-0.0008,-0.0042,-0.0044,0.0081,-0.0115,-0.0041,-26.46,-123.07,340.53,250.19,2669.82,-174.05,-25.11,2.88,2.72,1.93,2.28,3.29,4.43,1.71,2.57,3.78,2.25,1.57,2.75,5.0,1.87,1.19,3.81,4.26,0.0,3.34,2.31,0
2025-11-24T16:20:37.656094,172,student_4_lec_2a96290c_b067bd04,lec_2a96290c,cv101,1,0.95,engaged,57.54,-0.0004,-0.0044,-0.0045,0.0053,-0.0068,-0.0043,-23.17,-128.92,334.9,253.43,2622.72,-170.11,-21.34,1.52,2.72,1.94,2.28,3.6,4.36,1.4,2.64,3.67,2.37,1.66,2.63,5.0,1.98,1.76,3.24,4.09,0.0,3.37,2.31,0
2025-11-24T16:20:38.708474,173,student_4_lec_2a96290c_b067bd04,lec_2a96290c,cv101,1,0.95,engaged,57.01,-0.0008,-0.0056,-0.0046,0.0012,-0.0031,-0.0043,-2.67,-136.47,335.93,264.54,2588.5,-169.81,-21.61,2.33,2.93,2.09,2.07,3.53,4.39,1.47,2.69,3.78,2.23,1.56,2.77,5.0,1.86,1.44,3.56,4.06,0.0,3.31,2.36,0
2025-11-24T16:20:39.771176,174,student_4_lec_2a96290c_b067bd04,lec_2a96290c,cv101,1,0.95,engaged,58.52,-0.0023,-0.0045,-0.0046,0.0019,-0.0064,-0.0042,1.5,-129.31,312.93,266.34,2560.03,-170.06,-21.4,2.19,2.77,1.95,2.23,3.79,4.38,1.21,2.71,3.61,2.44,1.71,2.56,5.0,2.04,1.06,3.94,4.12,0.0,3.41,2.32,0
2025-11-24T16:20:40.829118,175,student_4_lec_2a96290c_b067bd04,lec_2a96290c,cv101,1,0.95,engaged,54.05,-0.0023,-0.0021,-0.0044,0.0009,-0.0073,-0.0046,8.29,-138.28,-30.31,-238.23,-2832.12,-170.66,25.87,-177.03,2.57,1.78,2.43,3.05,3.99,1.95,2.54,3.61,2.27,1.59,2.73,5.0,1.89,1.86,3.14,4.39,0.0,3.13,2.26,0
2025-11-24T16:20:41.885518,176,student_4_lec_2a96290c_b067bd04,lec_2a96290c,cv101,1,0.95,engaged,53.26,0.0041,-0.0011,-0.0042,0.0013,-0.0084,-0.0046,150.03,-141.94,-43.86,281.67,2647.36,-164.09,23.46,2.79,2.52,1.75,2.48,2.69,4.15,2.31,2.71,2.99,2.45,1.72,2.55,5.0,2.04,1.98,3.02,3.6,0.0,3.3,2.25,0
2025-11-24T16:20:42.944906,177,student_4_lec_2a96290c_b067bd04,lec_2a96290c,cv101,1,0.95,engaged,50.68,0.0034,-0.0019,-0.0036,0.0022,-0.0035,-0.004,143.9,-145.46,65.63,-364.16,-3044.17,-157.08,26.34,-176.8,2.86,2.0,2.14,2.21,4.21,2.79,2.76,2.65,2.12,1.48,2.88,5.0,1.76,2.43,2.57,3.1,0.0,3.17,2.33,0.58
2025-11-24T16:20:43.992942,178,student_4_lec_2a96290c_b067bd04,lec_2a96290c,cv101,1,0.95,engaged,54.48,0.0032,-0.0078,-0.0048,0.0022,-0.0045,-0.0048,150.93,-129.18,113.1,323.64,2664.34,-163.45,6.69,-2.04,3.0,2.21,2.0,2.9,4.23,2.1,2.71,3.06,2.59,1.81,2.41,5.0,2.15,1.9,3.1,3.6,0.0,3.41,2.4,0
2025-11-24T16:20:45.060236,179,student_4_lec_2a96290c_b067bd04,lec_2a96290c,cv101,1,0.95,engaged,54.13,0.0036,-0.0017,-0.0042,0.0011,-0.0098,-0.0047,153.34,-136.83,-15.49,308.98,2596.99,-164.2,24.9,-0.67,2.39,1.62,2.61,2.75,4.25,2.25,2.73,3.03,2.62,1.84,2.38,5.0,2.19,2.14,2.86,3.6,0.0,3.44,2.21,0
2025-11-24T16:20:46.115736,180,student_4_lec_2a96290c_b067bd04,lec_2a96290c,cv101,1,0.95,engaged,55.15,0.0024,-0.0029,-0.0045,-0.0018,-0.0053,-0.0048,-3.74,-139.56,18.98,302.28,2632.28,-166.37,27.23,1.09,2.77,1.9,2.23,3.12,4.29,1.88,2.68,3.63,2.29,1.6,2.71,5.0,1.91,1.82,3.18,3.77,0.0,3.29,2.3,0
2025-11-24T16:20:47.145555,181,student_4_lec_2a96290c_b067bd04,lec_2a96290c,cv101,1,0.95,engaged,53.15,0.0009,-0.0009,-0.0043,0.0019,-0.0074,-0.0047,163.02,-145.34,-7.03,318.39,2655.34,-165.81,25.94,-0.42,2.83,2.04,2.17,2.7,4.19,2.3,2.75,2.95,2.36,1.65,2.64,5.0,1.97,2.23,2.77,3.62,0.0,3.28,2.35,0
2025-11-24T16:20:48.165183,182,student_4_lec_2a96290c_b067bd04,lec_2a96290c,cv101,1,0.95,engaged,54.16,0.0,-0.0008,-0.0045,-0.0016,-0.0082,-0.0048,9.08,-145.49,27.74,321.07,2680.65,-167.26,22.53,0.1,2.74,1.94,2.26,2.87,4.2,2.13,2.68,3.36,2.48,1.74,2.52,5.0,2.07,1.92,3.08,3.7,0.0,3.34,2.31,0
2025-11-24T16:20:49.203098,183,student_4_lec_2a96290c_b067bd04,lec_2a96290c,cv101,1,0.95,engaged,58.55,-0.0006,-0.0033,-0.0045,0.0024,-0.0088,-0.0043,-11.01,-129.75,290.88,238.43,2653.8,-173.29,-20.36,-2.13,2.05,1.33,2.95,3.89,4.15,1.11,2.57,3.79,2.44,1.71,2.56,5.0,2.03,1.86,3.14,4.45,0.0,3.29,2.11,0
2025-11-24T16:20:50.214198,184,student_4_lec_2a96290c_b067bd04,lec_2a96290c,cv101,1,0.95,engaged,55.48,-0.0013,-0.0042,-0.0046,0.007,-0.0058,-0.0043,-21.29,-132.26,400.79,233.72,2692.22,-171.46,-23.13,-0.23,2.51,1.81,2.49,3.22,4.27,1.78,2.54,3.48,2.25,1.58,2.75,5.0,1.88,1.39,3.61,4.25,0.0,3.26,2.27,0
2025-11-24T16:20:51.259903,185,student_4_lec_2a96290c_b067bd04,lec_2a96290c,cv101,1,0.95,engaged,57.01,0.002,-0.0077,-0.0048,0.0014,-0.0083,-0.0044,159.84,-119.86,500.42,229.49,2590.69,-170.27,-18.14,-0.42,2.5,1.74,2.5,3.48,4.23,1.52,2.51,3.7,2.52,1.76,2.48,5.0,2.1,1.45,3.55,4.28,0.0,3.38,2.25,0
2025-11-24T16:20:52.306658,186,student_4_lec_2a96290c_b067bd04,lec_2a96290c,cv101,1,0.95,engaged,57.67,-0.0047,-0.0055,-0.0046,0.0011,-0.0063,-0.0043,15.58,-126.96,451.34,243.35,2614.8,-170.26,-20.12,0.59,2.69,1.87,2.31,3.6,4.45,1.4,2.63,3.57,2.3,1.61,2.7,5.0,1.92,1.73,3.27,4.08,0.0,3.38,2.29,0
2025-11-24T16:20:53.393006,187,student_4_lec_2a96290c_b067bd04,lec_2a96290c,cv101,1,0.95,engaged,57.41,-0.0031,-0.0058,-0.0046,0.0023,-0.0046,-0.0043,3.1,-130.78,456.79,242.18,2636.43,-170.82,-17.65,1.05,2.57,1.79,2.43,3.53,4.4,1.47,2.66,3.74,2.38,1.67,2.62,5.0,1.99,1.67,3.33,4.05,0.0,3.39,2.26,0
2025-11-24T16:20:54.428666,188,student_4_lec_2a96290c_b067bd04,lec_2a96290c,cv101,1,0.95,engaged,58.32,-0.0022,-0.0048,-0.0047,-0.0008,-0.0037,-0.0044,-162.58,-137.2,453.48,241.38,2597.55,-169.49,-16.26,0.72,2.62,1.82,2.38,3.75,4.37,1.25,2.67,3.7,2.41,1.69,2.59,5.0,2.01,1.7,3.3,4.09,0.0,3.39,2.27,0
2025-11-24T16:20:55.477949,189,student_4_lec_2a96290c_b067bd04,lec_2a96290c,cv101,1,0.95,engaged,58.93,-0.0036,-0.0078,-0.0049,-0.0014,-0.0064,-0.0047,-153.49,-124.35,315.56,243.74,2552.7,-168.83,-6.71,-1.93,2.48,1.72,2.52,3.58,4.61,1.42,2.74,3.6,2.79,1.95,2.21,5.0,2.32,1.65,3.35,4.14,0.0,3.7,2.24,0
2025-11-24T16:20:56.542914,190,student_4_lec_2a96290c_b067bd04,lec_2a96290c,cv101,1,0.95,engaged,58.39,-0.0015,-0.0024,-0.0047,0.0031,-0.0069,-0.0045,-8.62,-137.99,296.0,243.71,2541.3,-171.42,-15.62,-1.12,2.82,1.97,2.18,3.55,4.61,1.45,2.76,3.64,2.6,1.82,2.4,5.0,2.17,1.5,3.5,4.29,0.0,3.61,2.32,0
2025-11-24T16:20:57.613368,191,student_4_lec_2a96290c_b067bd04,lec_2a96290c,cv101,1,0.95,engaged,58.84,-0.004,-0.0052,-0.0048,0.0035,-0.0056,-0.0046,1.55,-131.13,261.14,244.17,2569.43,-169.83,-12.94,-2.62,2.59,1.75,2.41,3.59,4.67,1.41,2.81,3.56,2.63,1.84,2.37,5.0,2.19,1.21,3.79,4.06,0.0,3.65,2.25,0
2025-11-24T16:20:58.668042,192,student_4_lec_2a96290c_b067bd04,lec_2a96290c,cv101,1,0.95,engaged,58.0,-0.0037,-0.0032,-0.0048,0.0007,-0.01,-0.0047,14.35,-130.52,245.85,236.66,2560.4,-172.15,-13.14,-3.08,2.52,1.69,2.48,3.39,4.72,1.61,2.75,3.77,2.56,1.79,2.44,5.0,2.13,1.53,3.47,4.35,0.0,3.64,2.23,0
2025-11-24T16:20:59.725076,193,student_4_lec_2a96290c_b067bd04,lec_2a96290c,cv101,1,0.95,engaged,54.4,-0.0046,-0.0,-0.0049,-0.0005,-0.0117,-0.0052,-155.82,-146.88,7.52,217.11,2453.89,-172.12,19.43,-3.77,2.32,1.64,2.68,2.7,4.38,2.3,2.69,4.02,2.7,1.89,2.3,5.0,2.25,1.6,3.4,4.63,0.0,3.54,2.21,0
2025-11-24T16:21:00.724713,194,student_4_lec_2a96290c_b067bd04,lec_2a96290c,cv101,1,0.95,engaged,56.61,-0.0005,-0.0013,-0.0047,0.0004,-0.0038,-0.0051,0.78,-153.76,-28.49,243.47,2525.0,-170.72,26.02,-3.78,2.45,1.67,2.55,3.27,4.34,1.73,2.81,3.68,2.63,1.84,2.37,5.0,2.19,1.87,3.13,4.16,0.0,3.48,2.22,0
2025-11-24T16:21:01.785314,195,student_4_lec_2a96290c_b067bd04,lec_2a96290c,cv101,1,0.95,engaged,54.94,-0.0018,-0.0007,-0.005,0.0016,-0.0042,-0.0053,1.12,-156.95,-10.52,272.82,2556.79,-169.9,21.99,-2.54,2.96,2.16,2.04,3.02,4.3,1.98,2.81,3.63,2.45,1.72,2.55,5.0,2.04,1.92,3.08,4.2,0.0,3.38,2.39,0
2025-11-24T16:21:02.779467,196,student_4_lec_2a96290c_b067bd04,lec_2a96290c,cv101,1,0.95,engaged,56.65,-0.0034,-0.0011,-0.0047,-0.0014,-0.0044,-0.0049,-154.2,-152.67,42.1,250.32,2590.97,-170.62,25.64,-3.63,2.24,1.45,2.76,3.38,4.44,1.62,2.85,3.64,2.2,1.54,2.8,5.0,1.83,1.32,3.68,4.1,0.0,3.32,2.15,0
2025-11-24T16:21:03.830046,197,student_4_lec_2a96290c_b067bd04,lec_2a96290c,cv101,1,0.95,engaged,57.97,-0.0005,-0.0032,-0.0047,0.0089,-0.011,-0.0049,-27.82,-129.94,76.51,224.43,2536.18,-170.69,17.3,-4.02,1.95,1.25,3.05,3.5,4.46,1.5,2.85,3.65,2.58,1.81,2.42,5.0,2.15,1.84,3.16,4.3,0.0,3.52,2.08,0
2025-11-24T16:21:04.890737,198,student_4_lec_2a96290c_b067bd04,lec_2a96290c,cv101,1,0.95,engaged,56.46,-0.0,-0.0008,-0.0046,-0.0046,-0.0077,-0.005,-158.43,-146.7,-50.58,271.17,2451.36,-165.85,24.52,-3.29,2.78,1.88,2.22,3.26,4.4,1.74,2.98,3.5,2.52,1.76,2.48,5.0,2.1,1.78,3.22,3.8,0.0,3.46,2.29,0
2025-11-24T16:21:05.940548,199,student_4_lec_2a96290c_b067bd04,lec_2a96290c,cv101,1,0.95,engaged,54.25,0.0042,-0.0023,-0.0041,0.0007,-0.0044,-0.0046,152.9,-143.33,-54.19,298.33,2456.69,-165.36,29.3,-2.83,3.22,2.27,1.78,2.66,4.69,2.34,3.01,3.13,2.37,1.66,2.63,5.0,1.98,2.1,2.9,3.6,0.0,3.53,2.42,0
2025-11-24T16:21:06.996542,200,student_4_lec_2a96290c_b067bd04,lec_2a96290c,cv101,1,0.95,engaged,57.43,0.0001,-0.0037,-0.0046,0.0082,-0.0123,-0.0049,149.68,-126.5,4.19,247.7,2502.91,-169.85,23.58,-5.52,1.87,1.06,3.13,3.36,4.62,1.64,2.93,3.59,2.34,1.64,2.66,5.0,1.95,1.24,3.76,4.1,0.0,3.48,2.02,0
2025-11-24T16:21:08.041412,201,student_4_lec_2a96290c_b067bd04,lec_2a96290c,cv101,1,0.95,engaged,54.84,0.0007,-0.0004,-0.0047,-0.0072,-0.0078,-0.0051,22.85,-149.12,-51.04,250.4,2467.12,-169.64,24.85,-4.66,2.53,1.73,2.47,2.84,4.38,2.16,2.83,3.68,2.63,1.84,2.37,5.0,2.19,1.82,3.18,4.17,0.0,3.5,2.24,0
2025-11-24T16:21:09.115385,202,student_4_lec_2a96290c_b067bd04,lec_2a96290c,cv101,1,0.95,engaged,56.66,-0.0005,-0.0029,-0.0047,0.0006,-0.0069,-0.005,-0.16,-137.02,7.86,290.47,2511.1,-166.29,24.93,-2.38,2.85,1.95,2.15,3.27,4.65,1.73,2.89,3.05,2.25,1.58,2.75,5.0,1.88,2.2,2.8,3.84,0.0,3.45,2.32,0
2025-11-24T16:21:10.150393,203,student_4_lec_2a96290c_b067bd04,lec_2a96290c,cv101,1,0.95,engaged,55.17,-0.0024,0.0003,-0.0048,-0.0001,-0.0053,-0.0051,-166.04,21.45,5.05,278.86,2506.48,-168.42,25.03,-2.11,2.83,2.02,2.17,2.98,4.29,2.02,2.79,3.77,2.66,1.86,2.34,5.0,2.22,1.36,3.64,4.07,0.0,3.48,2.34,0
2025-11-24T16:21:11.218881,204,student_4_lec_2a96290c_b067bd04,lec_2a96290c,cv101,1,0.95,engaged,55.51,0.0007,0.0001,-0.0047,0.002,-0.0045,-0.0051,164.85,20.29,-8.85,282.73,2469.65,-167.14,25.49,-2.14,2.71,1.86,2.29,2.96,4.45,2.04,2.83,3.57,2.64,1.85,2.36,5.0,2.2,1.64,3.36,4.0,0.0,3.54,2.29,0
2025-11-24T16:21:12.277582,205,student_4_lec_2a96290c_b067bd04,lec_2a96290c,cv101,1,0.95,engaged,55.77,0.0003,-0.0009,-0.0045,0.0016,-0.0052,-0.0049,169.45,-150.97,-20.86,307.08,2453.09,-165.94,28.32,-1.99,2.81,1.92,2.19,3.03,4.64,1.97,2.94,3.29,2.34,1.64,2.66,5.0,1.95,1.59,3.41,3.76,0.0,3.49,2.31,0
2025-11-24T16:21:13.273234,206,student_4_lec_2a96290c_b067bd04,lec_2a96290c,cv101,1,0.95,engaged,54.53,0.0013,-0.0004,-0.0045,0.0013,-0.0065,-0.0049,164.4,-150.9,-5.23,305.99,2470.11,-165.21,26.93,-0.0,3.22,2.27,1.78,2.7,4.61,2.3,2.87,3.37,2.55,1.78,2.45,5.0,2.12,1.93,3.07,3.77,0.0,3.58,2.42,0
2025-11-24T16:21:14.318915,207,student_4_lec_2a96290c_b067bd04,lec_2a96290c,cv101,1,0.95,engaged,55.56,0.0017,-0.0008,-0.0046,0.0022,-0.0061,-0.005,158.06,-149.95,-11.34,-330.72,-2761.01,-156.64,21.65,-175.59,3.08,2.18,1.92,2.95,4.52,2.05,2.98,3.25,2.64,1.85,2.36,5.0,2.2,1.97,3.03,3.59,0.0,3.58,2.39,0
2025-11-24T16:21:15.387344,208,student_4_lec_2a96290c_b067bd04,lec_2a96290c,cv101,1,0.95,engaged,55.29,0.0017,0.0007,-0.0047,-0.0054,-0.0085,-0.0052,13.23,24.87,-15.25,308.87,2418.55,-162.35,23.61,0.26,2.93,2.08,2.07,2.81,4.62,2.19,2.99,3.22,2.66,1.86,2.34,5.0,2.22,1.69,3.31,3.7,0.0,3.64,2.36,0
2025-11-24T16:21:16.426490,209,student_4_lec_2a96290c_b067bd04,lec_2a96290c,cv101,1,0.95,engaged,52.85,0.0024,-0.001,-0.0045,0.0052,-0.0043,-0.0049,142.75,-152.73,-28.95,288.07,2482.75,-166.45,27.32,-2.44,3.45,2.57,1.55,2.5,4.5,2.5,2.94,3.3,2.31,1.61,2.69,5.0,1.92,1.97,3.03,3.87,0.0,3.41,2.52,0
2025-11-24T16:21:17.435750,210,student_4_lec_2a96290c_b067bd04,lec_2a96290c,cv101,1,0.95,engaged,55.41,-0.0035,-0.0008,-0.0047,-0.007,-0.0068,-0.0051,-134.79,-148.8,-51.53,269.18,2510.06,-165.88,21.95,-4.33,2.61,1.79,2.39,3.06,4.24,1.94,2.77,3.62,2.63,1.84,2.37,5.0,2.19,1.88,3.12,3.95,0.0,3.44,2.26,0
2025-11-24T16:21:18.484509,211,student_4_lec_2a96290c_b067bd04,lec_2a96290c,cv101,1,0.95,engaged,55.08,0.0002,-0.0006,-0.0043,-0.0034,-0.0083,-0.0048,16.38,-146.07,-122.93,290.15,2482.89,-164.02,22.21,-6.84,2.08,1.26,2.92,2.82,4.45,2.18,2.93,3.06,2.62,1.83,2.38,5.0,2.18,1.63,3.37,3.54,0.0,3.54,2.09,0
2025-11-24T16:21:19.525921,212,student_4_lec_2a96290c_b067bd04,lec_2a96290c,cv101,1,0.95,engaged,55.2,0.0037,-0.0034,-0.0043,-0.0013,-0.0052,-0.0047,-12.45,-136.97,-133.8,293.62,2505.56,-164.92,26.37,-7.8,2.16,1.36,2.84,2.92,4.44,2.08,2.85,3.11,2.48,1.73,2.52,5.0,2.07,1.64,3.36,3.55,0.0,3.46,2.12,0
2025-11-24T16:21:20.596681,213,student_4_lec_2a96290c_b067bd04,lec_2a96290c,cv101,1,0.95,engaged,52.91,0.0029,-0.001,-0.0042,-0.0008,-0.0041,-0.0046,-12.32,-152.73,-133.57,296.5,2535.38,-163.64,26.31,-8.11,2.25,1.46,2.75,2.35,4.49,2.65,2.88,2.94,2.52,1.76,2.48,5.0,2.1,1.91,3.09,3.45,0.0,3.5,2.15,0.3
2025-11-24T16:21:21.661735,214,student_4_lec_2a96290c_b067bd04,lec_2a96290c,cv101,1,0.95,engaged,56.16,0.0017,-0.0024,-0.0044,0.0039,-0.011,-0.0045,148.98,-131.89,-82.24,282.21,2693.88,-167.82,13.93,-5.81,2.14,1.36,2.86,3.32,4.36,1.68,2.79,3.05,2.17,1.52,2.83,5.0,1.81,1.8,3.2,3.77,0.0,3.27,2.12,0
2025-11-24T16:21:22.711703,215,student_4_lec_2a96290c_b067bd04,lec_2a96290c,cv101,1,0.95,engaged,53.4,-0.0004,-0.0031,-0.0046,-0.0022,-0.0088,-0.0049,-165.33,-132.8,-103.56,260.45,2642.69,-168.32,20.18,-5.95,2.17,1.45,2.83,2.61,4.23,2.39,2.64,3.37,2.55,1.79,2.45,5.0,2.13,1.48,3.52,3.8,0.0,3.39,2.15,0
2025-11-24T16:21:23.716395,216,student_4_lec_2a96290c_b067bd04,lec_2a96290c,cv101,1,0.95,engaged,54.51,-0.0013,-0.0005,-0.0044,-0.0007,-0.0012,-0.0048,-167.28,-169.66,-142.18,265.58,2669.47,-169.5,23.41,-7.72,1.96,1.27,3.04,3.02,4.09,1.98,2.62,3.45,2.36,1.65,2.64,5.0,1.97,2.17,2.83,3.89,0.0,3.22,2.09,0
2025-11-24T16:21:24.770309,217,student_4_lec_2a96290c_b067bd04,lec_2a96290c,cv101,1,0.95,engaged,55.2,-0.0002,-0.0041,-0.0046,0.0003,-0.0124,-0.0045,-0.93,-124.06,44.73,224.28,2761.62,-170.8,-10.91,-5.67,1.83,1.15,3.17,3.03,4.28,1.97,2.47,3.5,2.41,1.68,2.59,5.0,2.01,1.82,3.18,4.2,0.0,3.35,2.05,0
2025-11-24T16:21:25.819835,218,student_4_lec_2a96290c_b067bd04,lec_2a96290c,cv101,1,0.95,engaged,56.03,-0.0012,-0.0029,-0.0045,0.0019,-0.0091,-0.0045,-4.18,-131.82,25.57,231.95,2772.9,-169.59,-3.01,-5.61,1.77,1.13,3.23,3.25,4.18,1.75,2.64,3.5,2.49,1.74,2.51,5.0,2.07,2.01,2.99,4.02,0.0,3.33,2.04,0
2025-11-24T16:21:26.888744,219,student_4_lec_2a96290c_b067bd04,lec_2a96290c,cv101,1,0.95,engaged,53.96,-0.0044,-0.0019,-0.0045,0.0019,-0.0063,-0.0048,11.22,-142.14,-109.57,246.05,2699.42,-170.15,19.58,-5.47,2.11,1.45,2.89,2.89,4.02,2.11,2.61,3.69,2.5,1.75,2.5,5.0,2.09,1.3,3.7,4.01,0.0,3.26,2.15,0
2025-11-24T16:21:27.935424,220,student_4_lec_2a96290c_b067bd04,lec_2a96290c,cv101,1,0.95,engaged,54.06,-0.0024,-0.0006,-0.0042,0.0019,-0.0025,-0.0045,3.52,-161.45,-129.64,272.56,2709.09,-167.74,24.18,-6.1,2.26,1.54,2.74,2.93,4.19,2.07,2.68,2.9,2.22,1.55,2.78,5.0,1.85,2.17,2.83,3.75,0.0,3.21,2.18,0
2025-11-24T16:21:28.989631,221,student_4_lec_2a96290c_b067bd04,lec_2a96290c,cv101,1,0.95,highly_engaged,76.14,-0.0006,0.0006,-0.0043,0.0012,-0.0035,-0.0046,-2.8,14.58,-163.59,290.26,2678.61,-166.17,22.18,-7.97,2.41,1.68,2.59,2.49,4.12,2.51,2.69,2.93,2.34,1.64,2.66,5.0,1.95,2.22,2.78,3.61,0.0,3.23,2.23,0.02
2025-11-24T16:21:30.062581,222,student_4_lec_2a96290c_b067bd04,lec_2a96290c,cv101,1,0.95,engaged,53.73,-0.0015,-0.0029,-0.004,0.0012,-0.0049,-0.0043,2.33,-137.86,-155.12,279.21,2727.77,-167.52,24.92,-7.44,1.64,0.98,3.36,2.89,4.15,2.11,2.6,3.17,2.09,1.46,2.91,5.0,1.74,2.14,2.86,3.55,0.0,3.12,1.99,0
2025-11-24T16:21:31.102413,223,student_4_lec_2a96290c_b067bd04,lec_2a96290c,cv101,1,0.95,engaged,53.45,0.0028,-0.0068,-0.0039,0.0037,-0.0103,-0.0036,139.14,-114.44,190.44,250.53,2805.05,-168.72,-24.56,-2.48,1.78,1.19,3.22,2.78,4.06,2.22,2.19,3.23,2.37,1.66,2.63,5.0,1.98,1.39,3.61,4.26,0.0,3.21,2.06,0
2025-11-24T16:21:32.164274,224,student_4_lec_2a96290c_b067bd04,lec_2a96290c,cv101,1,0.95,engaged,57.07,0.0042,-0.0063,-0.0042,0.0024,-0.0103,-0.0039,142.08,-117.45,325.93,240.31,2694.36,-173.97,-22.05,1.38,2.24,1.42,2.76,3.45,4.33,1.55,2.39,3.85,2.42,1.69,2.58,5.0,2.02,1.5,3.5,4.36,0.0,3.38,2.14,0
2025-11-24T16:21:33.212172,225,student_4_lec_2a96290c_b067bd04,lec_2a96290c,cv101,1,0.95,engaged,56.37,-0.0077,-0.0071,-0.0046,0.0018,-0.0085,-0.0043,18.56,-119.79,333.61,246.14,2647.74,-170.79,-21.78,1.42,2.75,1.94,2.25,3.31,4.38,1.69,2.62,3.56,2.39,1.68,2.61,5.0,1.99,1.26,3.74,4.08,0.0,3.38,2.31,0
2025-11-24T16:21:34.280089,226,student_4_lec_2a96290c_b067bd04,lec_2a96290c,cv101,1,0.95,engaged,58.59,-0.0042,-0.0047,-0.0045,0.0033,-0.0077,-0.0043,2.47,-126.53,322.17,235.62,2610.27,-171.6,-21.64,0.88,2.58,1.79,2.42,3.78,4.36,1.22,2.65,3.66,2.5,1.75,2.5,5.0,2.08,1.42,3.58,4.16,0.0,3.43,2.26,0
2025-11-24T16:21:35.329238,227,student_4_lec_2a96290c_b067bd04,lec_2a96290c,cv101,1,0.95,engaged,57.8,-0.0032,-0.0038,-0.0046,0.0029,-0.0061,-0.0043,0.81,-132.93,316.64,237.67,2586.05,-169.83,-20.16,0.34,2.64,1.88,2.36,3.63,4.32,1.37,2.67,3.72,2.49,1.74,2.51,5.0,2.07,1.47,3.53,4.15,0.0,3.41,2.29,0
2025-11-24T16:21:36.373705,228,student_4_lec_2a96290c_b067bd04,lec_2a96290c,cv101,1,0.95,engaged,56.56,-0.0037,-0.0037,-0.0047,0.0036,-0.01,-0.0045,-0.17,-128.01,280.78,247.47,2612.49,-170.11,-15.57,-0.29,2.58,1.86,2.42,3.35,4.27,1.65,2.63,3.77,2.55,1.78,2.45,5.0,2.12,1.47,3.53,4.21,0.0,3.41,2.29,0
2025-11-24T16:21:37.446924,229,student_4_lec_2a96290c_b067bd04,lec_2a96290c,cv101,1,0.95,engaged,56.45,-0.0013,-0.0028,-0.0048,-0.0043,-0.0054,-0.0048,-151.29,-140.79,164.08,293.25,2657.98,-168.21,-3.49,0.46,2.94,2.11,2.06,3.33,4.33,1.67,2.71,3.52,2.49,1.74,2.51,5.0,2.07,1.76,3.24,3.93,0.0,3.41,2.37,0
2025-11-24T16:21:38.494959,230,student_4_lec_2a96290c_b067bd04,lec_2a96290c,cv101,1,0.95,engaged,53.98,-0.0043,-0.003,-0.0042,-0.0023,-0.0031,-0.0041,-142.66,-143.94,4.39,266.15,2825.9,-175.21,11.38,-4.59,1.73,1.14,3.27,2.96,4.05,2.04,2.38,3.9,2.24,1.57,2.76,5.0,1.87,2.24,2.76,4.36,0.0,3.15,2.05,0
2025-11-24T16:21:39.567734,231,student_4_lec_2a96290c_b067bd04,lec_2a96290c,cv101,1,0.95,partially_engaged,49.87,-0.0041,-0.0023,-0.0038,-0.0004,-0.0041,-0.0039,-153.71,-141.17,212.27,-340.69,-3160.06,-174.08,29.66,174.49,1.61,1.13,3.39,2.42,3.41,2.58,2.09,3.31,2.19,1.53,2.81,5.0,1.82,1.89,3.11,4.07,0.0,2.8,2.04,0.16
2025-11-24T16:21:40.629320,232,student_4_lec_2a96290c_b067bd04,lec_2a96290c,cv101,0,0.0,no_face,0.0,0.0,0.0,0.0,0.0,0.0,0.0,0.0,0.0,0.0,0.0,0.0,0.0,0.0,0.0,0.0,0.0,0.0,0.0,0.0,0.0,0.0,0.0,0.0,0.0,0.0,0.0,0.0,0.0,0.0,0.0,0.0,0.0,0.0,0.0
2025-11-24T16:21:41.701826,233,student_4_lec_2a96290c_b067bd04,lec_2a96290c,cv101,1,0.95,partially_engaged,47.38,-0.0028,-0.0009,-0.0028,0.0021,-0.0005,-0.0029,4.33,-166.26,-193.86,585.51,3911.86,179.72,18.01,-8.47,1.21,0.75,3.79,2.29,3.07,2.71,1.81,2.89,1.55,1.09,3.45,5.0,1.3,2.62,2.38,3.21,0.0,2.31,1.92,0.42
2025-11-24T16:21:42.740545,234,student_4_lec_2a96290c_b067bd04,lec_2a96290c,cv101,0,0.0,no_face,0.0,0.0,0.0,0.0,0.0,0.0,0.0,0.0,0.0,0.0,0.0,0.0,0.0,0.0,0.0,0.0,0.0,0.0,0.0,0.0,0.0,0.0,0.0,0.0,0.0,0.0,0.0,0.0,0.0,0.0,0.0,0.0,0.0,0.0,0.0
2025-11-24T16:21:43.797644,235,student_4_lec_2a96290c_b067bd04,lec_2a96290c,cv101,1,0.95,engaged,56.41,0.0002,-0.0015,-0.0045,0.0011,-0.0095,-0.005,171.96,-139.6,-193.11,314.33,2421.17,-167.56,24.51,-0.99,2.73,1.91,2.27,3.2,4.47,1.8,2.88,3.52,2.54,1.78,2.46,5.0,2.12,1.26,3.74,3.96,0.0,3.5,2.3,0
2025-11-24T16:21:44.855249,236,student_4_lec_2a96290c_b067bd04,lec_2a96290c,cv101,1,0.95,engaged,51.06,-0.0002,0.0006,-0.0046,-0.0051,-0.0061,-0.0049,-155.84,22.07,-149.08,344.06,2487.63,-166.07,16.51,1.77,3.99,3.02,1.01,1.99,4.51,3.01,2.94,3.47,2.61,1.83,2.39,5.0,2.17,1.88,3.12,3.78,0.0,3.56,2.67,1.02
2025-11-24T16:21:45.899502,237,student_4_lec_2a96290c_b067bd04,lec_2a96290c,cv101,1,0.95,engaged,57.75,-0.0003,-0.0018,-0.0051,0.0021,-0.0056,-0.0053,-9.23,-147.37,-138.4,321.15,2438.2,-167.83,13.31,1.89,3.12,2.21,1.88,3.43,4.55,1.57,2.92,3.75,2.67,1.87,2.33,5.0,2.22,1.6,3.4,4.05,0.0,3.61,2.4,0
2025-11-24T16:21:46.955114,238,student_4_lec_2a96290c_b067bd04,lec_2a96290c,cv101,1,0.95,highly_engaged,78.07,0.0012,0.004,-0.0049,-0.0007,-0.0083,-0.0053,-3.39,9.13,-213.2,296.53,2401.4,-168.43,21.53,0.37,3.3,2.45,1.7,2.68,4.43,2.32,2.88,3.98,2.64,1.85,2.36,5.0,2.2,1.65,3.35,4.19,0.0,3.54,2.48,0
2025-11-24T16:21:47.959044,239,student_4_lec_2a96290c_b067bd04,lec_2a96290c,cv101,1,0.95,engaged,59.18,0.0002,-0.0043,-0.0048,0.0028,-0.0082,-0.005,164.39,-129.74,-152.2,279.89,2442.69,-168.01,12.0,-3.17,2.22,1.41,2.78,3.6,4.79,1.4,2.96,3.77,2.56,1.79,2.44,5.0,2.13,1.42,3.58,4.23,0.0,3.67,2.14,0
2025-11-24T16:21:48.988923,240,student_4_lec_2a96290c_b067bd04,lec_2a96290c,cv101,1,0.95,engaged,54.23,-0.0007,-0.0002,-0.0049,-0.0046,-0.0107,-0.0053,-155.17,-146.89,-227.24,283.44,2423.18,-169.84,18.17,-3.86,2.99,2.2,2.01,2.67,4.43,2.33,2.85,3.86,2.71,1.9,2.29,5.0,2.26,1.72,3.28,4.41,0.0,3.57,2.4,0
2025-11-24T16:21:50.048382,241,student_4_lec_2a96290c_b067bd04,lec_2a96290c,cv101,1,0.95,engaged,55.98,0.0004,0.0009,-0.0045,0.0022,-0.0038,-0.005,165.69,12.87,-268.84,317.44,2390.42,-165.37,21.0,-3.7,2.82,1.94,2.18,2.98,4.58,2.02,3.09,3.35,2.67,1.87,2.33,5.0,2.22,1.74,3.26,3.84,0.0,3.62,2.31,0
2025-11-24T16:21:51.161677,242,student_4_lec_2a96290c_b067bd04,lec_2a96290c,cv101,1,0.95,engaged,56.82,0.0018,-0.0009,-0.0046,0.0008,-0.0082,-0.005,164.97,-144.97,-253.39,329.99,2424.32,-165.58,20.98,-1.55,2.99,1.97,2.01,3.17,4.67,1.83,2.91,3.61,2.55,1.78,2.45,5.0,2.12,1.83,3.17,3.79,0.0,3.61,2.32,0
2025-11-24T16:21:52.177597,243,student_4_lec_2a96290c_b067bd04,lec_2a96290c,cv101,1,0.95,engaged,55.31,0.0039,0.004,-0.0048,0.0046,-0.0113,-0.0053,140.15,12.52,-265.21,290.41,2351.04,-167.04,19.47,-3.06,3.04,2.19,1.96,2.81,4.58,2.19,2.92,3.84,2.75,1.92,2.25,5.0,2.29,1.21,3.79,4.22,0.0,3.67,2.4,0
2025-11-24T16:21:53.228778,244,student_4_lec_2a96290c_b067bd04,lec_2a96290c,cv101,1,0.95,engaged,57.32,0.0003,-0.0026,-0.0047,0.0061,-0.0103,-0.0051,153.24,-133.81,-261.35,304.65,2428.08,-167.61,19.36,-3.23,2.48,1.65,2.52,3.26,4.61,1.74,2.89,3.57,2.65,1.85,2.35,5.0,2.21,1.48,3.52,4.01,0.0,3.63,2.22,0
2025-11-24T16:21:54.282251,245,student_4_lec_2a96290c_b067bd04,lec_2a96290c,cv101,1,0.95,engaged,55.91,0.0028,-0.0029,-0.0045,0.0027,-0.0069,-0.005,149.63,-136.67,-242.84,337.07,2457.64,-165.97,20.62,-1.75,3.01,2.13,1.99,3.09,4.5,1.91,2.87,3.66,2.52,1.76,2.48,5.0,2.1,1.67,3.33,3.79,0.0,3.51,2.38,0
2025-11-24T16:21:55.434886,246,student_4_lec_2a96290c_b067bd04,lec_2a96290c,cv101,1,0.95,engaged,57.81,0.0019,-0.003,-0.0047,0.0002,-0.0059,-0.0051,168.17,-139.28,-241.74,348.94,2342.38,-161.98,20.22,-1.61,2.66,1.8,2.34,3.22,4.93,1.78,3.08,2.96,2.57,1.8,2.43,5.0,2.14,1.88,3.12,3.69,0.0,3.75,2.27,0
2025-11-24T16:21:56.398871,247,student_4_lec_2a96290c_b067bd04,lec_2a96290c,cv101,1,0.95,engaged,57.87,0.0019,-0.0037,-0.0046,0.003,-0.0051,-0.0051,153.8,-138.44,270.81,-376.45,-2626.6,-153.16,29.95,-175.04,2.59,1.66,2.41,3.2,4.98,1.8,3.1,3.31,2.55,1.78,2.45,5.0,2.12,1.85,3.15,3.65,0.0,3.77,2.22,0
2025-11-24T16:21:57.401999,248,student_4_lec_2a96290c_b067bd04,lec_2a96290c,cv101,1,0.95,engaged,58.68,0.0012,-0.0024,-0.0045,0.0004,-0.0059,-0.005,170.08,-141.11,265.03,-383.3,-2606.75,-150.12,30.37,-174.63,2.72,1.77,2.28,3.38,5.0,1.62,3.15,3.03,2.56,1.79,2.44,5.0,2.13,2.23,2.77,3.49,0.0,3.78,2.26,0
2025-11-24T16:21:58.456968,249,student_4_lec_2a96290c_b067bd04,lec_2a96290c,cv101,1,0.95,engaged,57.39,0.0005,-0.0029,-0.0045,0.002,-0.0062,-0.005,165.75,-138.18,-243.51,364.36,2336.73,-160.85,21.98,0.02,2.79,1.87,2.21,3.12,4.98,1.88,3.09,3.4,2.51,1.76,2.49,5.0,2.09,2.22,2.78,3.58,0.0,3.75,2.29,0
2025-11-24T16:21:59.527733,250,student_4_lec_2a96290c_b067bd04,lec_2a96290c,cv101,1,0.95,engaged,57.37,0.0003,-0.0019,-0.0045,0.0009,-0.0062,-0.005,172.97,-143.14,254.4,-389.47,-2618.89,-148.04,28.64,-174.2,2.95,1.97,2.05,3.05,5.0,1.95,3.1,3.1,2.66,1.86,2.34,5.0,2.21,2.12,2.88,3.51,0.0,3.83,2.32,0
2025-11-24T16:22:00.575298,251,student_4_lec_2a96290c_b067bd04,lec_2a96290c,cv101,1,0.95,engaged,57.25,0.0016,-0.0032,-0.0046,0.0033,-0.0094,-0.0051,154.1,-131.78,-251.33,368.08,2313.01,-159.69,21.33,0.37,2.84,1.91,2.16,3.02,5.0,1.98,3.13,2.99,2.65,1.86,2.35,5.0,2.21,1.8,3.2,3.45,0.0,3.83,2.3,0
2025-11-24T16:22:01.634080,252,student_4_lec_2a96290c_b067bd04,lec_2a96290c,cv101,1,0.95,engaged,58.12,0.0006,-0.0012,-0.0048,-0.0014,-0.0095,-0.0052,4.32,-142.25,-248.04,368.16,2276.17,-158.93,18.8,0.92,2.81,1.83,2.19,3.18,5.0,1.82,3.13,3.04,2.74,1.92,2.26,5.0,2.28,1.86,3.14,3.5,0.0,3.87,2.28,0
2025-11-24T16:22:02.693136,253,student_4_lec_2a96290c_b067bd04,lec_2a96290c,cv101,1,0.95,engaged,57.19,0.0028,-0.0054,-0.0046,0.0028,-0.0085,-0.0051,149.94,-125.88,-263.68,364.45,2272.2,-159.6,21.71,0.37,2.97,2.05,2.03,2.97,5.0,2.03,3.1,3.12,2.77,1.94,2.23,5.0,2.31,1.98,3.02,3.6,0.0,3.88,2.35,0
2025-11-24T16:22:03.741540,254,student_4_lec_2a96290c_b067bd04,lec_2a96290c,cv101,1,0.95,engaged,57.88,0.004,-0.0038,-0.0046,0.0012,-0.004,-0.005,152.39,-140.88,-261.75,350.78,2291.69,-162.36,21.95,-1.79,2.64,1.73,2.36,3.12,5.0,1.88,3.09,3.38,2.73,1.91,2.27,5.0,2.27,1.53,3.47,3.74,0.0,3.87,2.24,0
2025-11-24T16:22:04.788794,255,student_4_lec_2a96290c_b067bd04,lec_2a96290c,cv101,1,0.95,engaged,56.98,0.0032,-0.0031,-0.0046,0.001,-0.004,-0.005,156.93,-143.68,-263.7,353.68,2302.32,-161.39,20.96,-1.13,2.72,1.82,2.28,2.91,5.0,2.09,3.1,3.37,2.75,1.93,2.25,5.0,2.3,1.74,3.26,3.64,0.0,3.88,2.27,0
2025-11-24T16:22:05.824270,256,student_4_lec_2a96290c_b067bd04,lec_2a96290c,cv101,1,0.95,engaged,57.16,0.0031,-0.003,-0.0048,0.0012,-0.0042,-0.0053,157.06,-144.77,-267.93,352.35,2280.27,-160.14,19.55,-0.94,2.76,1.82,2.24,2.95,5.0,2.05,3.12,3.35,2.75,1.93,2.25,5.0,2.29,2.02,2.98,3.67,0.0,3.88,2.27,0
2025-11-24T16:22:06.845448,257,student_4_lec_2a96290c_b067bd04,lec_2a96290c,cv101,1,0.95,engaged,55.54,0.0045,-0.0035,-0.0045,0.0031,-0.0044,-0.005,141.55,-140.73,-269.6,357.16,2334.27,-160.41,21.36,-0.86,3.17,2.21,1.83,2.66,5.0,2.34,3.1,3.14,2.62,1.84,2.38,5.0,2.19,1.64,3.36,3.56,0.0,3.81,2.4,0
2025-11-24T16:22:07.909189,258,student_4_lec_2a96290c_b067bd04,lec_2a96290c,cv101,1,0.95,engaged,57.47,0.0014,-0.0038,-0.0046,0.0028,-0.0067,-0.005,157.06,-133.34,281.1,-383.99,-2590.43,-146.92,28.94,-174.06,2.97,1.91,2.03,3.06,5.0,1.94,3.19,2.87,2.68,1.88,2.32,5.0,2.24,1.65,3.35,3.43,0.0,3.84,2.3,0
2025-11-24T16:22:08.984122,259,student_4_lec_2a96290c_b067bd04,lec_2a96290c,cv101,1,0.95,engaged,56.88,0.0016,-0.0015,-0.0045,0.0026,-0.0053,-0.005,156.57,-147.3,-277.35,363.99,2272.75,-159.9,22.55,-1.03,2.85,1.82,2.15,2.95,5.0,2.05,3.2,2.97,2.6,1.82,2.4,5.0,2.17,1.45,3.55,3.51,0.0,3.8,2.27,0
2025-11-24T16:22:10.015107,260,student_4_lec_2a96290c_b067bd04,lec_2a96290c,cv101,1,0.95,engaged,55.8,0.0032,-0.0042,-0.0043,0.0029,-0.0047,-0.0047,146.08,-135.49,300.98,-408.66,-2610.34,-147.05,30.61,-173.95,3.1,2.1,1.9,2.8,5.0,2.2,3.22,2.55,2.41,1.69,2.59,5.0,2.01,1.9,3.1,3.23,0.0,3.71,2.37,0
2025-11-24T16:22:11.072279,261,student_4_lec_2a96290c_b067bd04,lec_2a96290c,cv101,1,0.95,engaged,57.7,0.0008,-0.0018,-0.0045,0.0007,-0.0039,-0.0049,171.23,-149.68,305.62,-405.31,-2603.08,-148.81,30.18,-174.85,2.77,1.76,2.23,3.11,5.0,1.89,3.06,3.18,2.66,1.86,2.34,5.0,2.21,1.68,3.32,3.5,0.0,3.83,2.25,0
2025-11-24T16:22:12.055670,262,student_4_lec_2a96290c_b067bd04,lec_2a96290c,cv101,1,0.95,engaged,57.51,0.0028,-0.0025,-0.0046,0.002,-0.0077,-0.0052,153.75,-137.52,-301.3,381.42,2279.54,-159.54,21.77,-0.59,2.68,1.65,2.32,3.08,5.0,1.92,3.1,3.14,2.61,1.83,2.39,5.0,2.18,1.93,3.07,3.46,0.0,3.8,2.22,0
2025-11-24T16:22:13.065514,263,student_4_lec_2a96290c_b067bd04,lec_2a96290c,cv101,1,0.95,engaged,56.63,0.0028,-0.0012,-0.0046,-0.0007,-0.0097,-0.0051,-11.61,-141.46,-307.89,382.4,2279.5,-158.65,21.24,0.27,2.82,1.85,2.18,2.89,5.0,2.11,3.09,3.06,2.61,1.83,2.39,5.0,2.18,1.79,3.21,3.41,0.0,3.8,2.28,0
2025-11-24T16:22:14.117328,264,student_4_lec_2a96290c_b067bd04,lec_2a96290c,cv101,1,0.95,engaged,56.62,0.0048,-0.0042,-0.0041,0.0031,-0.0082,-0.0046,138.15,-126.6,-356.43,412.2,2263.31,-157.63,20.58,-1.1,2.76,1.88,2.24,2.85,5.0,2.15,3.16,2.7,2.71,1.9,2.29,5.0,2.26,1.8,3.2,3.23,0.0,3.85,2.29,0
2025-11-24T16:22:15.172161,265,student_4_lec_2a96290c_b067bd04,lec_2a96290c,cv101,1,0.95,engaged,56.93,0.0051,-0.0029,-0.0044,0.0042,-0.0038,-0.0049,134.93,-144.42,419.69,-445.28,-2520.6,-143.59,35.82,-171.89,3.11,2.04,1.89,2.98,5.0,2.02,3.23,3.05,2.6,1.82,2.4,5.0,2.17,1.28,3.72,3.36,0.0,3.8,2.35,0
2025-11-24T16:22:16.231113,266,student_4_lec_2a96290c_b067bd04,lec_2a96290c,cv101,1,0.95,engaged,56.26,0.0075,-0.0113,-0.0045,0.006,-0.0087,-0.0051,125.54,-116.02,-364.18,409.12,2192.64,-157.91,22.42,0.61,3.43,2.4,1.57,2.86,5.0,2.14,3.27,2.5,2.58,1.8,2.42,5.0,2.15,1.47,3.53,3.2,0.0,3.79,2.47,0
2025-11-24T16:22:17.287981,267,student_4_lec_2a96290c_b067bd04,lec_2a96290c,cv101,1,0.95,engaged,56.33,0.0045,-0.0061,-0.0044,0.0057,-0.0104,-0.0049,132.5,-120.43,-363.46,412.81,2233.58,-159.09,22.25,0.88,3.44,2.4,1.56,2.88,5.0,2.12,3.26,2.63,2.57,1.8,2.43,5.0,2.14,1.55,3.45,3.27,0.0,3.79,2.47,0
2025-11-24T16:22:18.331071,268,student_4_lec_2a96290c_b067bd04,lec_2a96290c,cv101,1,0.95,engaged,57.81,0.0124,-0.0136,-0.0046,0.0015,-0.0094,-0.0051,137.09,-113.51,-323.87,395.58,2225.61,-155.17,24.2,3.67,3.19,2.26,1.81,3.21,5.0,1.79,3.2,2.37,2.57,1.8,2.43,5.0,2.14,1.43,3.57,3.24,0.0,3.79,2.42,0
2025-11-24T16:22:19.338909,269,student_4_lec_2a96290c_b067bd04,lec_2a96290c,cv101,1,0.95,engaged,56.25,0.0061,-0.0093,-0.0045,0.0048,-0.008,-0.0051,131.6,-119.13,-327.39,388.48,2253.61,-158.78,24.23,2.57,3.17,2.18,1.83,2.84,5.0,2.16,3.21,2.84,2.58,1.81,2.42,5.0,2.15,1.72,3.28,3.39,0.0,3.79,2.39,0
2025-11-24T16:22:20.384818,270,student_4_lec_2a96290c_b067bd04,lec_2a96290c,cv101,1,0.95,engaged,57.22,0.0072,-0.0117,-0.0045,0.0059,-0.0054,-0.005,126.11,-121.87,-319.81,378.9,2221.5,-159.25,24.88,1.62,3.15,2.11,1.85,3.06,5.0,1.94,3.18,2.94,2.58,1.81,2.42,5.0,2.15,1.64,3.36,3.46,0.0,3.79,2.37,0
2025-11-24T16:22:21.439282,271,student_4_lec_2a96290c_b067bd04,lec_2a96290c,cv101,1,0.95,engaged,56.98,0.0066,-0.0082,-0.0046,0.0022,-0.0068,-0.0051,140.65,-123.01,-336.47,378.85,2214.64,-159.3,22.58,1.25,3.28,2.25,1.72,2.95,5.0,2.05,3.12,3.14,2.74,1.92,2.26,5.0,2.28,1.85,3.15,3.73,0.0,3.87,2.42,0
2025-11-24T16:22:22.488638,272,student_4_lec_2a96290c_b067bd04,lec_2a96290c,cv101,1,0.95,engaged,58.99,0.0014,-0.0054,-0.0047,0.0162,-0.0033,-0.0046,134.68,-137.79,-110.81,302.14,2431.73,-176.07,-26.38,-5.18,2.5,1.65,2.5,3.53,4.93,1.47,2.96,4.08,2.46,1.72,2.54,5.0,2.05,1.25,3.75,4.64,0.0,3.69,2.22,0
2025-11-24T16:22:23.497699,273,student_4_lec_2a96290c_b067bd04,lec_2a96290c,cv101,1,0.95,engaged,55.97,0.0035,-0.0005,-0.0047,-0.0036,-0.0118,-0.0052,-0.93,-144.02,373.24,-354.45,-2525.33,-155.14,33.57,-177.52,3.01,2.12,1.99,2.68,5.0,2.32,3.27,3.35,2.79,1.95,2.21,5.0,2.32,1.7,3.3,3.9,0.0,3.9,2.37,0
2025-11-24T16:22:24.554471,274,student_4_lec_2a96290c_b067bd04,lec_2a96290c,cv101,1,0.95,engaged,57.98,0.0045,-0.0055,-0.0046,0.0008,-0.0059,-0.0052,153.27,-130.8,-355.06,351.71,2183.39,-162.8,24.21,-1.38,2.78,1.84,2.22,3.26,5.0,1.74,3.26,2.81,2.47,1.73,2.53,5.0,2.06,1.76,3.24,3.85,0.0,3.74,2.28,0
2025-11-24T16:22:25.616294,275,student_4_lec_2a96290c_b067bd04,lec_2a96290c,cv101,1,0.95,engaged,55.96,0.0032,-0.0004,-0.0043,0.0032,-0.0035,-0.0048,145.09,-159.26,425.73,-420.8,-2455.17,-145.87,35.56,-172.46,2.77,1.82,2.23,2.66,5.0,2.34,3.39,3.14,2.78,1.95,2.22,5.0,2.32,1.7,3.3,3.58,0.0,3.89,2.27,0
2025-11-24T16:22:26.680138,276,student_4_lec_2a96290c_b067bd04,lec_2a96290c,cv101,1,0.95,engaged,57.76,0.0067,-0.0074,-0.0044,0.0023,-0.0036,-0.005,139.4,-132.5,-418.74,403.75,2173.11,-160.44,22.82,-1.18,2.54,1.7,2.46,3.11,5.0,1.89,3.2,3.11,2.68,1.88,2.32,5.0,2.24,1.35,3.65,3.65,0.0,3.84,2.23,0
2025-11-24T16:22:27.735543,277,student_4_lec_2a96290c_b067bd04,lec_2a96290c,cv101,1,0.95,engaged,55.57,0.0095,-0.0105,-0.0043,0.0043,-0.0009,-0.0049,126.55,-141.14,-436.23,413.84,2160.46,-158.58,23.85,-0.66,2.83,1.95,2.17,2.62,5.0,2.38,3.22,2.87,2.69,1.89,2.31,5.0,2.24,1.79,3.21,3.48,0.0,3.84,2.32,0
2025-11-24T16:22:28.787981,278,student_4_lec_2a96290c_b067bd04,lec_2a96290c,cv101,1,0.95,engaged,55.45,0.0096,-0.0109,-0.0045,0.0074,-0.0069,-0.0051,120.12,-119.72,-409.08,453.19,2167.29,-156.78,21.86,1.16,3.75,2.79,1.25,2.69,5.0,2.31,3.41,2.16,2.61,1.82,2.39,5.0,2.17,1.02,3.98,3.07,0.0,3.8,2.6,0
2025-11-24T16:22:29.842119,279,student_4_lec_2a96290c_b067bd04,lec_2a96290c,cv101,1,0.95,engaged,58.12,0.0027,-0.0038,-0.0046,-0.001,-0.0068,-0.005,-9.08,-133.64,403.08,-459.36,-2464.52,-142.03,33.0,-170.37,3.17,2.22,1.83,3.18,5.0,1.82,3.39,3.06,2.81,1.97,2.19,5.0,2.35,1.62,3.38,3.42,0.0,3.91,2.41,0
2025-11-24T16:22:30.899600,280,student_4_lec_2a96290c_b067bd04,lec_2a96290c,cv101,1,0.95,engaged,58.83,0.0019,-0.0013,-0.0044,0.0033,-0.0044,-0.005,151.44,-150.96,462.72,-495.49,-2471.49,-142.14,37.22,-167.84,3.24,2.09,1.76,3.38,5.0,1.62,3.36,3.35,2.7,1.89,2.3,5.0,2.25,1.84,3.16,3.42,0.0,3.85,2.36,0
2025-11-24T16:22:31.957168,281,student_4_lec_2a96290c_b067bd04,lec_2a96290c,cv101,1,0.95,engaged,56.64,0.0074,-0.0049,-0.0044,0.0032,-0.0069,-0.005,134.12,-128.85,452.57,-456.02,-2421.37,-145.22,40.75,-167.22,3.19,2.26,1.81,2.99,5.0,2.01,3.33,3.7,2.45,1.71,2.55,5.0,2.04,1.27,3.73,3.67,0.0,3.73,2.42,0
2025-11-24T16:22:33.003338,282,student_4_lec_2a96290c_b067bd04,lec_2a96290c,cv101,1,0.95,engaged,55.72,0.0025,0.0004,-0.0044,0.0097,-0.0047,-0.005,133.87,18.76,479.45,-474.65,-2391.09,-143.59,41.08,-168.67,3.47,2.37,1.53,2.68,5.0,2.32,3.46,3.47,2.71,1.9,2.29,5.0,2.26,0.92,4.08,3.64,0.0,3.85,2.46,0
2025-11-24T16:22:34.071260,283,student_4_lec_2a96290c_b067bd04,lec_2a96290c,cv101,1,0.95,engaged,57.25,0.0035,-0.0018,-0.0045,0.0088,-0.0061,-0.0051,131.37,-144.04,483.31,-482.15,-2356.95,-143.81,41.64,-169.02,3.09,2.03,1.91,3.04,5.0,1.96,3.43,3.2,2.63,1.84,2.37,5.0,2.19,1.29,3.71,3.77,0.0,3.81,2.34,0
2025-11-24T16:22:35.130248,284,student_4_lec_2a96290c_b067bd04,lec_2a96290c,cv101,1,0.95,engaged,57.33,0.0077,-0.0064,-0.0045,0.0102,-0.0072,-0.0051,118.47,-125.25,-440.54,439.75,2104.54,-161.72,24.68,1.16,3.16,2.28,1.84,3.08,5.0,1.92,3.4,3.04,2.63,1.84,2.37,5.0,2.19,1.15,3.85,3.58,0.0,3.81,2.43,0
2025-11-24T16:22:36.186803,285,student_4_lec_2a96290c_b067bd04,lec_2a96290c,cv101,1,0.95,engaged,56.74,0.0063,-0.0065,-0.0044,0.0078,-0.0042,-0.0049,123.51,-131.66,-475.66,454.58,2106.88,-161.13,24.49,-0.83,3.09,2.15,1.91,2.96,5.0,2.04,3.33,3.21,2.56,1.79,2.44,5.0,2.13,1.4,3.6,3.83,0.0,3.78,2.38,0
2025-11-24T16:22:37.230917,286,student_4_lec_2a96290c_b067bd04,lec_2a96290c,cv101,1,0.95,engaged,56.69,0.0059,-0.0038,-0.0044,0.0127,-0.0054,-0.0051,119.33,-136.08,514.71,-481.55,-2328.75,-139.03,44.3,-167.89,3.21,2.22,1.79,2.91,5.0,2.09,3.42,3.04,2.67,1.87,2.33,5.0,2.23,1.37,3.63,3.75,0.0,3.83,2.41,0
2025-11-24T16:22:38.285249,287,student_4_lec_2a96290c_b067bd04,lec_2a96290c,cv101,1,0.95,engaged,57.1,0.0104,-0.0103,-0.0045,0.0092,-0.0081,-0.0052,116.33,-118.0,-459.88,443.2,2054.39,-159.84,25.18,0.38,3.56,2.52,1.44,3.03,5.0,1.97,3.41,2.79,2.66,1.86,2.34,5.0,2.21,1.52,3.48,3.61,0.0,3.83,2.51,0
2025-11-24T16:22:39.348929,288,student_4_lec_2a96290c_b067bd04,lec_2a96290c,cv101,1,0.95,engaged,55.26,0.0089,-0.0091,-0.0043,0.0034,-0.005,-0.005,130.62,-124.87,-469.55,449.5,2104.92,-160.46,27.58,0.25,3.89,2.88,1.11,2.71,5.0,2.29,3.33,2.95,2.47,1.73,2.53,5.0,2.06,1.21,3.79,3.54,0.0,3.74,2.63,0
2025-11-24T16:22:40.396666,289,student_4_lec_2a96290c_b067bd04,lec_2a96290c,cv101,1,0.95,engaged,56.93,0.013,-0.0135,-0.0045,0.0114,-0.0073,-0.0051,111.61,-116.6,-392.68,425.61,2056.79,-157.48,25.9,2.11,3.79,2.98,1.21,3.01,5.0,1.99,3.36,2.69,2.7,1.89,2.3,5.0,2.25,0.66,4.34,3.72,0.0,3.85,2.66,0
2025-11-24T16:22:41.467697,290,student_4_lec_2a96290c_b067bd04,lec_2a96290c,cv101,1,0.95,engaged,57.42,0.007,-0.0094,-0.0044,0.0061,-0.0082,-0.0049,125.51,-117.91,443.37,-464.71,-2429.89,-143.78,40.29,-168.5,3.42,2.37,1.58,3.16,5.0,1.84,3.18,3.17,2.5,1.75,2.5,5.0,2.08,1.37,3.63,3.88,0.0,3.75,2.46,0
2025-11-24T16:22:42.522173,291,student_4_lec_2a96290c_b067bd04,lec_2a96290c,cv101,1,0.95,engaged,55.02,0.0086,-0.012,-0.0043,0.0118,-0.0062,-0.005,114.77,-119.35,447.81,-478.89,-2390.58,-141.32,41.05,-167.13,3.67,2.66,1.33,2.6,5.0,2.4,3.35,3.07,2.56,1.79,2.44,5.0,2.13,1.41,3.59,3.75,0.0,3.78,2.55,0
2025-11-24T16:22:43.593455,292,student_4_lec_2a96290c_b067bd04,lec_2a96290c,cv101,1,0.95,engaged,57.12,0.0057,-0.0064,-0.0047,0.0065,-0.0083,-0.0052,129.11,-124.22,-367.8,433.74,2140.05,-159.34,23.67,4.25,3.46,2.39,1.54,2.99,5.0,2.01,3.32,2.79,2.74,1.92,2.26,5.0,2.29,1.11,3.89,3.62,0.0,3.87,2.46,0
2025-11-24T16:22:44.635862,293,student_4_lec_2a96290c_b067bd04,lec_2a96290c,cv101,1,0.95,engaged,56.13,0.0081,-0.007,-0.0045,0.0041,-0.0079,-0.0051,130.32,-122.94,-356.13,429.57,2111.53,-158.4,23.61,2.74,3.85,2.77,1.15,2.76,5.0,2.24,3.33,2.83,2.81,1.97,2.19,5.0,2.34,1.03,3.97,3.57,0.0,3.91,2.59,0
2025-11-24T16:22:45.643318,294,student_4_lec_2a96290c_b067bd04,lec_2a96290c,cv101,1,0.95,engaged,58.05,0.0017,-0.002,-0.0048,0.0055,-0.0062,-0.0053,147.22,-143.78,-366.53,430.94,2138.77,-161.32,23.27,1.54,3.2,2.06,1.8,3.15,5.0,1.85,3.3,3.36,2.81,1.97,2.19,5.0,2.34,1.3,3.7,3.83,0.0,3.91,2.35,0
2025-11-24T16:22:46.678072,295,student_4_lec_2a96290c_b067bd04,lec_2a96290c,cv101,1,0.95,engaged,56.3,0.0035,-0.0002,-0.0046,0.0049,-0.007,-0.0052,139.91,-152.04,-387.83,439.22,2151.07,-161.19,22.84,1.47,3.54,2.4,1.46,2.82,5.0,2.18,3.26,3.33,2.7,1.89,2.3,5.0,2.25,1.76,3.24,3.8,0.0,3.85,2.47,0
2025-11-24T16:22:47.741098,296,student_4_lec_2a96290c_b067bd04,lec_2a96290c,cv101,1,0.95,engaged,58.19,0.0036,-0.0013,-0.0045,0.006,-0.0035,-0.005,135.38,-154.29,-402.88,473.08,2151.12,-159.88,21.57,0.59,3.18,2.07,1.82,3.21,5.0,1.79,3.27,2.95,2.75,1.93,2.25,5.0,2.3,1.77,3.23,3.6,0.0,3.88,2.36,0
2025-11-24T16:22:48.803795,297,student_4_lec_2a96290c_b067bd04,lec_2a96290c,cv101,1,0.95,engaged,56.28,0.0077,-0.006,-0.0044,0.0056,-0.0047,-0.005,126.05,-131.48,-412.56,443.07,2174.74,-161.4,26.06,0.84,3.33,2.32,1.67,2.95,5.0,2.05,3.3,3.26,2.36,1.65,2.64,5.0,1.97,1.44,3.56,3.65,0.0,3.68,2.44,0
2025-11-24T16:22:49.853466,298,student_4_lec_2a96290c_b067bd04,lec_2a96290c,cv101,1,0.95,engaged,57.7,0.0066,-0.0057,-0.0045,0.0048,-0.0103,-0.005,130.01,-122.05,-356.31,413.69,2136.41,-159.69,24.69,1.43,3.15,2.16,1.85,3.15,5.0,1.85,3.38,3.02,2.64,1.85,2.36,5.0,2.2,1.36,3.64,3.4,0.0,3.82,2.39,0
2025-11-24T16:22:50.903938,299,student_4_lec_2a96290c_b067bd04,lec_2a96290c,cv101,1,0.95,engaged,57.03,0.0059,-0.0063,-0.0043,0.0065,-0.0074,-0.005,126.95,-124.22,-373.11,416.33,2126.26,-158.8,25.71,1.28,3.23,2.19,1.77,2.95,5.0,2.05,3.38,2.86,2.75,1.93,2.25,5.0,2.29,1.7,3.3,3.52,0.0,3.88,2.4,0
2025-11-24T16:22:51.962787,300,student_4_lec_2a96290c_b067bd04,lec_2a96290c,cv101,1,0.95,engaged,55.52,0.005,-0.0054,-0.0046,0.0041,-0.0108,-0.0052,137.46,-123.13,-396.8,415.83,2138.03,-160.09,23.01,0.65,3.49,2.39,1.51,2.62,5.0,2.38,3.31,3.06,2.74,1.92,2.26,5.0,2.28,1.33,3.67,3.61,0.0,3.87,2.46,0
2025-11-24T16:22:53.023736,301,student_4_lec_2a96290c_b067bd04,lec_2a96290c,cv101,1,0.95,engaged,57.43,0.0048,-0.0046,-0.0047,0.0041,-0.0082,-0.0054,138.65,-129.55,445.04,-450.63,-2412.93,-141.19,37.32,-169.71,3.09,2.08,1.91,2.99,5.0,2.01,3.3,3.01,2.86,2.0,2.14,5.0,2.38,1.34,3.66,3.61,0.0,3.93,2.36,0
2025-11-24T16:22:54.083277,302,student_4_lec_2a96290c_b067bd04,lec_2a96290c,cv101,1,0.95,engaged,55.95,0.0064,-0.0052,-0.0046,0.0045,-0.0074,-0.0052,132.39,-128.19,-416.18,419.43,2131.5,-159.22,22.29,-0.0,3.28,2.21,1.72,2.72,5.0,2.28,3.32,2.82,2.71,1.9,2.29,5.0,2.26,1.47,3.53,3.53,0.0,3.85,2.4,0
2025-11-24T16:22:55.143809,303,student_4_lec_2a96290c_b067bd04,lec_2a96290c,cv101,1,0.95,engaged,56.86,0.008,-0.006,-0.0044,0.0073,-0.0041,-0.0051,121.97,-133.67,-426.86,428.31,2128.9,-159.03,23.06,-0.9,3.22,2.23,1.78,2.94,5.0,2.06,3.19,3.12,2.69,1.88,2.31,5.0,2.24,1.36,3.64,3.65,0.0,3.84,2.41,0
2025-11-24T16:22:56.192323,304,student_4_lec_2a96290c_b067bd04,lec_2a96290c,cv101,1,0.95,engaged,56.31,0.0047,-0.005,-0.0045,0.0054,-0.0062,-0.0051,133.98,-131.13,-441.25,425.22,2139.3,-160.14,22.61,-0.6,3.23,2.16,1.77,2.8,5.0,2.2,3.25,3.26,2.71,1.9,2.29,5.0,2.26,1.34,3.66,3.67,0.0,3.85,2.39,0
2025-11-24T16:22:57.241075,305,student_4_lec_2a96290c_b067bd04,lec_2a96290c,cv101,1,0.95,engaged,56.98,0.0061,-0.0092,-0.0045,0.008,-0.0079,-0.005,124.14,-119.13,-457.27,425.55,2136.31,-160.19,22.68,-0.9,3.04,2.09,1.96,2.93,5.0,2.07,3.26,2.98,2.75,1.92,2.25,5.0,2.29,1.2,3.8,3.61,0.0,3.88,2.36,0
2025-11-24T16:22:58.245577,306,student_4_lec_2a96290c_b067bd04,lec_2a96290c,cv101,1,0.95,engaged,54.47,0.009,-0.0058,-0.0045,0.0067,-0.0057,-0.0052,122.17,-130.21,-431.46,450.2,2165.67,-156.96,22.65,-1.41,3.79,2.82,1.21,2.4,5.0,2.6,3.28,2.38,2.77,1.94,2.23,5.0,2.31,1.63,3.37,3.26,0.0,3.88,2.61,0.2
2025-11-24T16:22:59.299681,307,student_4_lec_2a96290c_b067bd04,lec_2a96290c,cv101,1,0.95,engaged,54.71,0.0047,-0.0025,-0.0054,0.0005,-0.0043,-0.0057,157.07,-148.75,311.6,-479.39,-2458.14,-142.13,22.19,-174.76,3.35,2.58,1.65,2.27,5.0,2.73,3.27,2.75,3.17,2.22,1.83,5.0,2.64,1.2,3.8,3.55,0.0,4.08,2.53,0.46
2025-11-24T16:23:00.350063,308,student_4_lec_2a96290c_b067bd04,lec_2a96290c,cv101,1,0.95,engaged,56.82,0.0007,-0.0031,-0.0046,0.0032,-0.0064,-0.005,159.69,-137.26,348.78,-490.2,-2532.35,-144.21,29.59,-172.18,3.15,2.23,1.85,2.96,5.0,2.04,3.42,2.98,2.62,1.83,2.38,4.66,2.18,0.5,4.5,3.15,0.0,3.81,2.41,0
2025-11-24T16:23:01.400218,309,student_4_lec_2a96290c_b067bd04,lec_2a96290c,cv101,1,0.95,engaged,56.43,0.0021,-0.0019,-0.0045,0.0004,-0.0063,-0.0049,164.93,-142.52,-375.44,402.48,2213.05,-160.91,19.38,-1.9,2.89,2.0,2.11,2.8,5.0,2.2,3.24,3.13,2.74,1.92,2.26,5.0,2.29,1.7,3.3,3.7,0.0,3.87,2.33,0
2025-11-24T16:23:02.491625,310,student_4_lec_2a96290c_b067bd04,lec_2a96290c,cv101,1,0.95,engaged,56.51,0.006,-0.0096,-0.0047,0.0027,-0.0095,-0.0053,140.33,-117.49,407.39,-431.53,-2420.3,-140.21,35.19,-171.19,3.24,2.22,1.76,2.77,5.0,2.23,3.36,2.41,2.9,2.03,2.1,5.0,2.42,1.57,3.43,3.36,0.0,3.95,2.41,0
2025-11-24T16:23:03.527910,311,student_4_lec_2a96290c_b067bd04,lec_2a96290c,cv101,1,0.95,engaged,57.8,0.0063,-0.0068,-0.0046,0.0039,-0.0096,-0.0051,134.47,-121.08,-384.83,392.51,2137.41,-158.98,22.9,-0.05,3.0,2.03,2.0,3.12,5.0,1.88,3.29,2.91,2.74,1.92,2.26,5.0,2.28,1.6,3.4,3.54,0.0,3.87,2.34,0
2025-11-24T16:23:04.597427,312,student_4_lec_2a96290c_b067bd04,lec_2a96290c,cv101,1,0.95,engaged,56.58,0.0071,-0.0092,-0.0044,0.0067,-0.0073,-0.005,124.13,-119.84,-393.96,397.29,2145.6,-160.13,23.37,-1.08,2.95,1.98,2.05,2.79,5.0,2.21,3.26,2.71,2.85,2.0,2.15,5.0,2.38,1.5,3.5,3.67,0.0,3.92,2.33,0
2025-11-24T16:23:05.659045,313,student_4_lec_2a96290c_b067bd04,lec_2a96290c,cv101,1,0.95,engaged,56.74,0.0073,-0.007,-0.0046,0.0018,-0.0097,-0.0052,141.65,-120.58,-415.73,398.47,2116.19,-158.89,22.81,-0.61,2.88,1.93,2.12,2.86,5.0,2.14,3.27,2.93,2.76,1.93,2.24,5.0,2.3,1.38,3.62,3.63,0.0,3.88,2.31,0
2025-11-24T16:23:06.701237,314,student_4_lec_2a96290c_b067bd04,lec_2a96290c,cv101,1,0.95,engaged,57.37,0.0093,-0.0118,-0.0046,0.0036,-0.0113,-0.0052,130.79,-112.95,-402.34,410.47,2166.65,-158.78,22.11,-1.07,3.25,2.23,1.75,3.04,5.0,1.96,3.25,2.63,2.73,1.91,2.27,5.0,2.28,1.5,3.5,3.47,0.0,3.87,2.41,0
2025-11-24T16:23:07.768592,315,student_4_lec_2a96290c_b067bd04,lec_2a96290c,cv101,1,0.95,engaged,56.91,0.0106,-0.0115,-0.0047,0.0038,-0.0096,-0.0053,128.95,-115.45,-405.0,407.07,2147.82,-159.04,22.26,-1.47,3.47,2.53,1.53,2.97,5.0,2.03,3.23,2.73,2.7,1.89,2.3,5.0,2.25,1.54,3.46,3.54,0.0,3.85,2.51,0
2025-11-24T16:23:08.812813,316,student_4_lec_2a96290c_b067bd04,lec_2a96290c,cv101,1,0.95,engaged,57.18,0.0043,-0.0061,-0.0049,0.0006,-0.0065,-0.0055,156.27,-129.4,-399.33,403.23,2157.36,-160.21,21.0,-1.49,2.77,1.76,2.23,2.95,5.0,2.05,3.25,2.93,2.75,1.93,2.25,5.0,2.29,1.28,3.72,3.68,0.0,3.88,2.25,0
2025-11-24T16:23:09.871999,317,student_4_lec_2a96290c_b067bd04,lec_2a96290c,cv101,1,0.95,engaged,56.33,0.01,-0.0115,-0.0046,0.0031,-0.0098,-0.0053,132.14,-115.08,-384.49,403.27,2106.39,-156.99,22.19,-0.98,3.26,2.22,1.74,2.74,5.0,2.26,3.35,2.33,2.87,2.01,2.13,5.0,2.39,1.06,3.94,3.42,0.0,3.94,2.41,0
2025-11-24T16:23:10.939306,318,student_4_lec_2a96290c_b067bd04,lec_2a96290c,cv101,1,0.95,engaged,57.53,0.0057,-0.005,-0.0045,-0.0016,-0.0054,-0.0049,-16.97,-131.85,-407.79,339.98,2202.25,-164.62,25.25,-5.23,2.83,1.83,2.17,3.16,5.0,1.84,3.33,3.03,2.46,1.72,2.54,5.0,2.05,0.8,4.2,4.02,0.0,3.73,2.28,0
2025-11-24T16:23:11.926583,319,student_4_lec_2a96290c_b067bd04,lec_2a96290c,cv101,1,0.95,engaged,57.05,0.0044,-0.0028,-0.0044,0.0038,-0.0036,-0.0048,138.09,-145.21,-398.25,335.52,2253.52,-165.32,24.34,-8.53,2.34,1.5,2.66,3.13,4.94,1.87,3.15,2.79,2.29,1.6,2.71,5.0,1.9,1.06,3.94,3.82,0.0,3.62,2.17,0
2025-11-24T16:23:12.977230,320,student_4_lec_2a96290c_b067bd04,lec_2a96290c,cv101,1,0.95,engaged,56.0,0.0028,-0.0041,-0.004,-0.0006,-0.0048,-0.0045,-13.4,-133.87,-353.0,405.6,2271.37,-158.88,25.66,-14.19,1.84,1.06,3.16,2.76,5.0,2.24,3.24,1.72,2.43,1.7,2.57,5.0,2.02,1.66,3.34,2.82,0.0,3.71,2.02,0
2025-11-24T16:23:14.034374,321,student_4_lec_2a96290c_b067bd04,lec_2a96290c,cv101,1,0.95,engaged,56.44,0.006,-0.0042,-0.0048,-0.0006,-0.0082,-0.0053,-22.63,-130.83,-323.4,341.93,2223.03,-167.1,23.57,-12.01,1.57,0.93,3.43,2.79,5.0,2.21,3.08,2.93,2.57,1.8,2.43,5.0,2.14,1.24,3.76,3.9,0.0,3.79,1.98,0
2025-11-24T16:23:15.079627,322,student_4_lec_2a96290c_b067bd04,lec_2a96290c,cv101,1,0.95,engaged,56.17,0.006,-0.0031,-0.0047,-0.0066,-0.0064,-0.0053,-0.31,-137.77,407.83,-376.9,-2502.95,-156.23,39.71,174.34,1.73,1.03,3.27,2.79,5.0,2.21,3.11,3.17,2.44,1.7,2.56,5.0,2.03,1.9,3.1,3.62,0.0,3.72,2.01,0
2025-11-24T16:23:16.144681,323,student_4_lec_2a96290c_b067bd04,lec_2a96290c,cv101,1,0.95,engaged,57.38,0.009,-0.0148,-0.0041,-0.0,-0.0063,-0.0046,-32.6,-115.98,-367.32,360.88,2259.31,-163.07,24.88,-8.37,2.25,1.46,2.75,3.19,5.0,1.81,3.14,2.6,2.23,1.56,2.77,5.0,1.86,1.29,3.71,3.5,0.0,3.62,2.15,0
2025-11-24T16:23:17.196823,324,student_4_lec_2a96290c_b067bd04,lec_2a96290c,cv101,1,0.95,engaged,56.0,0.0061,-0.0143,-0.0042,0.0069,-0.0042,-0.0047,124.27,-122.1,-362.49,384.18,2231.71,-158.65,24.98,-5.06,2.64,1.84,2.36,2.84,5.0,2.16,3.24,2.49,2.38,1.66,2.62,5.0,1.98,1.8,3.2,3.19,0.0,3.69,2.28,0
2025-11-24T16:23:18.252730,325,student_4_lec_2a96290c_b067bd04,lec_2a96290c,cv101,1,0.95,engaged,58.77,0.0043,-0.0045,-0.0049,0.0023,-0.0025,-0.0052,147.41,-145.66,-245.34,377.89,2328.83,-162.86,15.16,-2.98,2.52,1.56,2.48,3.26,5.0,1.74,3.01,3.47,2.86,2.0,2.14,5.0,2.38,1.01,3.99,3.87,0.0,3.93,2.19,0
2025-11-24T16:23:19.312257,326,student_4_lec_2a96290c_b067bd04,lec_2a96290c,cv101,1,0.95,engaged,57.53,0.0038,-0.0027,-0.0045,0.001,-0.0116,-0.0051,154.31,-131.38,-350.12,375.72,2252.69,-159.19,21.38,-0.27,2.89,1.99,2.11,3.08,5.0,1.92,3.19,2.71,2.68,1.87,2.32,5.0,2.23,1.84,3.16,3.55,0.0,3.84,2.33,0
2025-11-24T16:23:20.389215,327,student_4_lec_2a96290c_b067bd04,lec_2a96290c,cv101,1,0.95,engaged,56.59,0.0023,-0.0027,-0.0048,0.0019,-0.003,-0.0052,157.24,-150.32,-291.19,389.41,2302.3,-160.79,17.26,-2.01,3.26,2.3,1.74,2.95,4.9,2.05,3.21,2.93,2.67,1.87,2.33,5.0,2.22,1.54,3.46,3.46,0.0,3.79,2.43,0
2025-11-24T16:23:21.436372,328,student_4_lec_2a96290c_b067bd04,lec_2a96290c,cv101,1,0.95,engaged,57.15,0.0029,-0.0008,-0.0048,0.0005,-0.007,-0.0053,162.03,-148.77,-339.91,357.05,2264.52,-163.96,20.2,-1.67,2.71,1.86,2.29,2.98,5.0,2.02,3.1,3.59,2.69,1.88,2.31,5.0,2.24,1.18,3.82,3.96,0.0,3.84,2.29,0
2025-11-24T16:23:22.497813,329,student_4_lec_2a96290c_b067bd04,lec_2a96290c,cv101,1,0.95,engaged,55.37,0.005,-0.0038,-0.0049,0.0012,-0.0066,-0.0053,151.15,-135.41,-318.14,350.51,2311.92,-165.37,18.97,-2.97,3.21,2.24,1.79,2.67,5.0,2.33,3.07,3.47,2.51,1.76,2.49,5.0,2.09,1.38,3.62,3.95,0.0,3.75,2.41,0
2025-11-24T16:23:23.546999,330,student_4_lec_2a96290c_b067bd04,lec_2a96290c,cv101,1,0.95,highly_engaged,81.06,0.0012,0.001,-0.005,-0.0008,-0.003,-0.0052,-2.6,9.59,180.14,-352.08,-2637.19,-156.69,18.4,-179.34,3.31,2.42,1.69,3.11,4.57,1.89,2.84,3.92,3.06,2.14,1.94,5.0,2.55,0.73,4.27,4.34,0.0,3.82,2.47,0
2025-11-24T16:23:24.637556,331,student_4_lec_2a96290c_b067bd04,lec_2a96290c,cv101,1,0.95,engaged,59.06,0.0002,-0.0035,-0.0049,-0.0016,-0.0084,-0.0052,7.14,-133.19,-254.99,358.4,2269.3,-165.36,17.69,-0.38,2.89,1.91,2.11,3.42,5.0,1.58,3.16,3.72,2.7,1.89,2.3,5.0,2.25,1.49,3.51,3.92,0.0,3.85,2.3,0
2025-11-24T16:23:25.668949,332,student_4_lec_2a96290c_b067bd04,lec_2a96290c,cv101,1,0.95,engaged,58.45,0.0006,-0.0019,-0.0051,-0.0077,-0.0056,-0.0054,24.31,-147.08,321.54,-395.27,-2536.42,-150.3,23.01,-175.99,3.13,2.18,1.87,3.26,4.97,1.74,3.23,3.3,2.84,1.99,2.16,5.0,2.37,1.68,3.32,3.72,0.0,3.9,2.39,0
2025-11-24T16:23:26.709577,333,student_4_lec_2a96290c_b067bd04,lec_2a96290c,cv101,1,0.95,engaged,58.18,0.0043,-0.0056,-0.0048,-0.0023,-0.0144,-0.0054,-8.98,-120.58,-356.95,348.55,2205.2,-162.22,18.44,-2.26,3.03,2.13,1.97,3.26,4.97,1.74,3.21,3.24,2.68,1.88,2.32,5.0,2.24,1.46,3.54,3.9,0.0,3.83,2.38,0
2025-11-24T16:23:27.780943,334,student_4_lec_2a96290c_b067bd04,lec_2a96290c,cv101,1,0.95,engaged,58.63,0.0042,-0.0034,-0.0048,-0.0005,-0.0071,-0.0053,-17.9,-135.85,-366.69,342.99,2201.78,-164.09,21.79,-3.49,2.87,1.93,2.13,3.37,5.0,1.63,3.23,3.43,2.59,1.81,2.41,5.0,2.16,0.98,4.02,3.9,0.0,3.79,2.31,0
2025-11-24T16:23:28.833842,335,student_4_lec_2a96290c_b067bd04,lec_2a96290c,cv101,1,0.95,engaged,57.09,0.0065,-0.0059,-0.0043,-0.002,-0.0082,-0.0047,-16.94,-122.7,424.61,-382.11,-2614.41,-157.56,40.74,-178.32,2.66,1.83,2.34,3.34,4.76,1.66,3.08,3.13,2.14,1.5,2.86,5.0,1.79,1.39,3.61,3.68,0.0,3.45,2.28,0
2025-11-24T16:23:29.893427,336,student_4_lec_2a96290c_b067bd04,lec_2a96290c,cv101,1,0.95,engaged,54.83,0.0082,-0.0073,-0.0045,-0.0051,-0.0016,-0.0047,-6.91,-141.33,294.17,-465.73,-2820.13,-152.18,22.73,177.4,3.02,2.22,1.98,2.95,4.45,2.05,2.99,3.19,2.35,1.65,2.65,4.83,1.96,1.86,3.14,3.09,0.0,3.4,2.41,0
2025-11-24T16:23:30.952923,337,student_4_lec_2a96290c_b067bd04,lec_2a96290c,cv101,1,0.95,engaged,55.52,0.0003,-0.0033,-0.0044,0.0007,-0.005,-0.0048,174.09,-138.33,354.74,-518.72,-2801.01,-145.26,29.07,-175.75,2.15,1.37,2.85,2.93,4.58,2.07,3.0,2.71,2.43,1.7,2.57,5.0,2.02,2.4,2.6,2.91,0.0,3.5,2.12,0
2025-11-24T16:23:31.996320,338,student_4_lec_2a96290c_b067bd04,lec_2a96290c,cv101,1,0.95,engaged,54.61,0.0003,-0.0032,-0.0042,0.0016,-0.0067,-0.0047,168.62,-133.81,384.33,-519.44,-2843.14,-145.55,30.96,-175.69,2.52,1.76,2.48,2.8,4.59,2.2,2.93,2.74,2.29,1.6,2.71,4.58,1.91,2.61,2.39,2.78,0.0,3.44,2.25,0
2025-11-24T16:23:33.061227,339,student_4_lec_2a96290c_b067bd04,lec_2a96290c,cv101,1,0.95,engaged,56.46,0.0001,-0.0038,-0.0044,0.0019,-0.0067,-0.0047,168.58,-132.04,383.15,-525.04,-2812.48,-143.35,28.71,-174.08,2.79,1.91,2.21,3.21,4.62,1.79,2.94,2.77,2.32,1.62,2.68,4.46,1.93,2.33,2.67,2.76,0.0,3.47,2.3,0
2025-11-24T16:23:34.131661,340,student_4_lec_2a96290c_b067bd04,lec_2a96290c,cv101,1,0.95,engaged,56.27,-0.0014,-0.0038,-0.0043,-0.0006,-0.0091,-0.0047,-166.81,-127.99,367.91,-531.73,-2854.15,-144.67,27.5,-177.24,2.56,1.66,2.44,3.24,4.46,1.76,2.85,2.77,2.33,1.63,2.67,4.64,1.94,2.23,2.77,2.83,0.0,3.4,2.22,0
2025-11-24T16:23:35.168086,341,student_4_lec_2a96290c_b067bd04,lec_2a96290c,cv101,1,0.95,engaged,55.01,0.0005,-0.0035,-0.004,0.0034,-0.0028,-0.0044,157.72,-142.79,373.26,-549.83,-2912.78,-145.42,31.3,-173.24,2.77,1.96,2.23,3.09,4.39,1.91,2.91,3.13,2.15,1.5,2.85,3.49,1.79,2.3,2.7,2.51,0.0,3.27,2.32,0
2025-11-24T16:23:36.247684,342,student_4_lec_2a96290c_b067bd04,lec_2a96290c,cv101,1,0.95,engaged,55.4,-0.001,-0.0037,-0.0044,0.004,-0.0067,-0.0048,-13.22,-132.82,405.6,-498.08,-2876.47,-149.88,31.39,-171.32,3.07,2.18,1.93,3.19,4.23,1.81,2.77,3.44,2.4,1.68,2.6,4.35,2.0,2.3,2.7,3.05,0.0,3.32,2.39,0
2025-11-24T16:23:37.295405,343,student_4_lec_2a96290c_b067bd04,lec_2a96290c,cv101,1,0.95,engaged,54.64,0.0014,-0.0016,-0.0042,0.0028,-0.0104,-0.0046,155.26,-136.79,402.92,-468.05,-2849.52,-151.93,31.38,-173.32,2.73,1.99,2.27,2.9,4.48,2.1,2.77,2.99,2.27,1.59,2.73,5.0,1.89,2.78,2.22,3.3,0.0,3.38,2.33,0
2025-11-24T16:23:38.336564,344,student_4_lec_2a96290c_b067bd04,lec_2a96290c,cv101,0,0.0,no_face,0.0,0.0,0.0,0.0,0.0,0.0,0.0,0.0,0.0,0.0,0.0,0.0,0.0,0.0,0.0,0.0,0.0,0.0,0.0,0.0,0.0,0.0,0.0,0.0,0.0,0.0,0.0,0.0,0.0,0.0,0.0,0.0,0.0,0.0,0.0
2025-11-24T16:23:39.349246,345,student_4_lec_2a96290c_b067bd04,lec_2a96290c,cv101,1,0.95,engaged,60.25,-0.0023,-0.0035,-0.005,-0.0037,-0.005,-0.0045,-147.69,-138.4,91.48,325.26,2455.92,-176.34,-31.09,5.77,3.68,2.78,1.32,4.11,4.52,0.89,2.72,3.5,2.58,1.8,2.42,5.0,2.15,1.54,3.46,4.43,0.0,3.55,2.59,0
2025-11-24T16:23:40.396622,346,student_4_lec_2a96290c_b067bd04,lec_2a96290c,cv101,1,0.95,engaged,58.67,-0.0033,-0.0033,-0.005,-0.0019,-0.0031,-0.0045,-151.67,-146.09,-81.18,-354.7,-2680.63,-166.4,-33.18,-179.27,4.26,3.27,0.74,3.92,4.37,1.08,2.75,3.54,2.47,1.73,2.53,5.0,2.05,1.58,3.42,4.28,0.0,3.42,2.76,0
2025-11-24T16:23:41.452949,347,student_4_lec_2a96290c_b067bd04,lec_2a96290c,cv101,1,0.95,engaged,59.88,-0.0041,-0.0032,-0.0049,0.0002,-0.0025,-0.0045,18.81,-149.03,-83.62,-353.71,-2640.13,-166.85,-34.25,-179.52,4.01,2.99,0.99,4.1,4.51,0.9,2.78,3.75,2.45,1.72,2.55,5.0,2.04,1.45,3.55,4.29,0.0,3.48,2.66,0
2025-11-24T16:23:42.517783,348,student_4_lec_2a96290c_b067bd04,lec_2a96290c,cv101,1,0.95,engaged,59.35,-0.0046,-0.0036,-0.005,0.0003,-0.0,-0.0046,19.5,-161.77,-68.5,-355.23,-2659.55,-164.62,-32.84,179.74,4.01,3.02,0.99,4.01,4.48,0.99,2.83,3.58,2.42,1.69,2.58,5.0,2.02,1.38,3.62,4.19,0.0,3.45,2.67,0
2025-11-24T16:23:43.558849,349,student_4_lec_2a96290c_b067bd04,lec_2a96290c,cv101,1,0.95,engaged,58.49,-0.0052,-0.0024,-0.0047,-0.0024,-0.0021,-0.0047,-142.5,-154.01,-80.82,413.67,2569.71,-170.83,-7.65,2.11,3.43,2.54,1.57,3.68,4.57,1.32,2.89,3.48,2.51,1.76,2.49,5.0,2.09,1.78,3.22,4.01,0.0,3.54,2.51,0
2025-11-24T16:23:44.619427,350,student_4_lec_2a96290c_b067bd04,lec_2a96290c,cv101,1,0.95,engaged,59.76,-0.0033,-0.0049,-0.0052,0.0024,-0.0059,-0.0053,4.33,-134.21,253.48,-474.54,-2670.29,-148.16,15.53,-176.07,2.94,2.02,2.06,3.69,4.84,1.31,3.11,3.01,2.7,1.89,2.3,5.0,2.25,1.83,3.17,3.56,0.0,3.77,2.34,0
2025-11-24T16:23:45.606263,351,student_4_lec_2a96290c_b067bd04,lec_2a96290c,cv101,1,0.95,engaged,58.97,-0.0001,-0.003,-0.0051,-0.0039,-0.0025,-0.0054,-161.24,-152.4,287.02,-468.96,-2687.29,-149.29,17.26,-176.59,3.05,2.16,1.95,3.56,4.61,1.44,3.01,3.31,2.94,2.06,2.06,5.0,2.45,1.6,3.4,3.57,0.0,3.78,2.39,0
2025-11-24T16:23:46.671940,352,student_4_lec_2a96290c_b067bd04,lec_2a96290c,cv101,1,0.95,engaged,58.94,-0.0017,-0.001,-0.0044,0.0006,-0.0054,-0.0046,7.03,-148.93,-287.81,412.98,2486.41,-173.78,20.4,-2.23,2.81,1.93,2.19,3.89,4.52,1.11,2.98,4.47,2.22,1.55,2.78,5.0,1.85,1.72,3.28,4.02,0.0,3.37,2.31,0
2025-11-24T16:23:47.725780,353,student_4_lec_2a96290c_b067bd04,lec_2a96290c,cv101,1,0.95,engaged,61.25,0.0009,-0.0047,-0.0051,-0.0005,-0.0028,-0.0046,-2.02,-143.28,48.45,351.61,2405.62,-171.99,-31.55,-0.12,2.67,1.84,2.33,4.23,4.59,0.77,2.71,3.9,2.57,1.8,2.43,5.0,2.14,1.52,3.48,4.4,0.0,3.58,2.28,0
2025-11-24T16:23:48.723750,354,student_4_lec_2a96290c_b067bd04,lec_2a96290c,cv101,1,0.95,engaged,60.7,-0.0021,-0.0047,-0.0049,-0.0002,-0.0006,-0.0045,-167.03,-154.19,-20.35,-372.85,-2687.25,-163.88,-29.11,174.69,3.37,2.42,1.63,4.17,4.56,0.83,2.78,3.87,2.56,1.79,2.44,5.0,2.13,1.45,3.55,4.18,0.0,3.56,2.47,0
2025-11-24T16:23:49.781756,355,student_4_lec_2a96290c_b067bd04,lec_2a96290c,cv101,1,0.95,engaged,61.01,-0.002,-0.0045,-0.0051,-0.0031,-0.0034,-0.0046,-152.45,-140.95,-21.55,-376.8,-2667.44,-160.71,-28.29,175.21,3.4,2.46,1.6,4.18,4.64,0.82,2.85,3.6,2.6,1.82,2.4,5.0,2.17,1.52,3.48,4.11,0.0,3.62,2.49,0
2025-11-24T16:23:50.867357,356,student_4_lec_2a96290c_b067bd04,lec_2a96290c,cv101,1,0.95,engaged,60.4,-0.0004,-0.0041,-0.0051,0.0011,-0.0019,-0.0047,-4.44,-149.83,-22.32,-376.79,-2682.21,-162.64,-27.48,175.21,3.41,2.5,1.59,4.04,4.63,0.96,2.82,3.78,2.62,1.84,2.38,5.0,2.19,1.46,3.54,4.25,0.0,3.62,2.5,0
2025-11-24T16:23:51.886457,357,student_4_lec_2a96290c_b067bd04,lec_2a96290c,cv101,1,0.95,engaged,60.45,-0.0019,-0.0049,-0.005,0.0005,-0.0015,-0.0046,7.07,-148.92,-19.69,-377.92,-2669.44,-162.38,-27.49,175.5,3.43,2.48,1.57,4.06,4.61,0.94,2.81,3.86,2.62,1.84,2.38,5.0,2.19,1.34,3.66,4.32,0.0,3.62,2.49,0
2025-11-24T16:23:52.942126,358,student_4_lec_2a96290c_b067bd04,lec_2a96290c,cv101,1,0.95,engaged,61.6,-0.0011,-0.0047,-0.0049,-0.0007,-0.0027,-0.0045,-169.51,-142.44,-29.75,-374.66,-2671.32,-162.84,-29.01,175.59,3.26,2.31,1.74,4.3,4.63,0.7,2.83,3.8,2.63,1.84,2.37,5.0,2.19,1.07,3.93,4.19,0.0,3.63,2.44,0
2025-11-24T16:23:54.002340,359,student_4_lec_2a96290c_b067bd04,lec_2a96290c,cv101,1,0.95,engaged,61.36,-0.002,-0.0047,-0.0051,-0.0016,-0.0023,-0.0046,-159.77,-145.36,-33.0,-373.73,-2646.29,-162.9,-30.07,175.89,3.4,2.42,1.6,4.22,4.68,0.78,2.84,3.74,2.63,1.84,2.37,5.0,2.19,1.27,3.73,4.23,0.0,3.65,2.47,0
2025-11-24T16:23:55.057375,360,student_4_lec_2a96290c_b067bd04,lec_2a96290c,cv101,1,0.95,engaged,62.09,-0.0013,-0.0046,-0.0051,-0.0015,-0.0023,-0.0047,-164.34,-145.76,-37.29,-376.28,-2642.89,-163.03,-28.79,176.28,3.41,2.42,1.59,4.39,4.68,0.61,2.84,3.77,2.63,1.84,2.37,5.0,2.19,1.16,3.84,4.25,0.0,3.65,2.47,0
2025-11-24T16:23:56.111896,361,student_4_lec_2a96290c_b067bd04,lec_2a96290c,cv101,1,0.95,engaged,61.28,-0.0027,-0.0048,-0.005,0.0005,-0.0012,-0.0046,11.38,-150.8,-39.48,-382.38,-2668.95,-164.81,-28.6,177.49,3.61,2.58,1.39,4.25,4.63,0.75,2.82,3.79,2.62,1.83,2.38,5.0,2.18,1.35,3.65,4.23,0.0,3.62,2.53,0
2025-11-24T16:23:57.115087,362,student_4_lec_2a96290c_b067bd04,lec_2a96290c,cv101,1,0.95,engaged,61.34,-0.0012,-0.0044,-0.005,-0.0004,-0.0026,-0.0046,-170.28,-144.47,-49.28,-391.1,-2696.43,-164.47,-28.54,178.11,3.77,2.7,1.23,4.25,4.66,0.75,2.83,3.63,2.63,1.84,2.37,5.0,2.19,1.24,3.76,4.15,0.0,3.65,2.57,0
2025-11-24T16:23:58.169283,363,student_4_lec_2a96290c_b067bd04,lec_2a96290c,cv101,1,0.95,engaged,59.95,-0.0018,-0.0056,-0.005,-0.0069,-0.0025,-0.0046,-141.92,-141.87,-45.74,-392.83,-2669.09,-162.11,-29.16,177.4,3.73,2.72,1.27,3.85,4.76,1.15,2.88,3.54,2.67,1.87,2.33,5.0,2.23,1.55,3.45,4.13,0.0,3.71,2.57,0
2025-11-24T16:23:59.221911,364,student_4_lec_2a96290c_b067bd04,lec_2a96290c,cv101,1,0.95,engaged,61.27,-0.0022,-0.0054,-0.005,-0.0009,0.0002,-0.0046,-162.57,22.29,-43.27,-393.14,-2676.78,-162.14,-27.28,176.74,3.5,2.52,1.5,4.25,4.57,0.75,2.84,3.61,2.69,1.89,2.31,5.0,2.24,1.33,3.67,4.17,0.0,3.63,2.51,0
2025-11-24T16:24:00.286666,365,student_4_lec_2a96290c_b067bd04,lec_2a96290c,cv101,1,0.95,engaged,57.19,-0.0009,-0.0046,-0.0048,-0.0023,-0.0013,-0.0049,-162.13,-150.3,-125.98,429.36,2579.27,-169.17,8.67,0.47,3.11,2.21,1.89,3.39,4.46,1.61,2.81,3.58,2.59,1.81,2.41,5.0,2.16,1.76,3.24,3.82,0.0,3.52,2.4,0
2025-11-24T16:24:01.333289,366,student_4_lec_2a96290c_b067bd04,lec_2a96290c,cv101,1,0.95,engaged,58.07,0.001,-0.0029,-0.0048,0.0041,-0.011,-0.0049,154.07,-131.43,-185.21,438.02,2512.17,-168.58,12.09,-1.24,2.86,1.99,2.14,3.45,4.74,1.55,2.91,3.38,2.48,1.73,2.52,5.0,2.06,2.09,2.91,3.72,0.0,3.61,2.33,0
2025-11-24T16:24:02.397998,367,student_4_lec_2a96290c_b067bd04,lec_2a96290c,cv101,1,0.95,engaged,55.46,-0.0015,-0.0012,-0.005,0.001,-0.0023,-0.0053,2.88,-161.49,-238.64,359.68,2468.25,-174.26,16.26,-2.3,2.96,2.22,2.04,3.02,4.31,1.98,2.77,4.23,2.74,1.92,2.26,5.0,2.29,1.35,3.65,4.72,0.0,3.52,2.41,0
2025-11-24T16:24:03.460047,368,student_4_lec_2a96290c_b067bd04,lec_2a96290c,cv101,1,0.95,highly_engaged,79.54,0.0004,0.0053,-0.005,-0.0032,-0.0085,-0.0053,12.98,5.52,-276.52,344.89,2379.34,-171.7,16.01,-2.95,3.1,2.28,1.9,2.92,4.61,2.08,2.89,4.19,2.59,1.81,2.41,5.0,2.16,1.38,3.62,4.58,0.0,3.6,2.43,0
2025-11-24T16:24:04.505856,369,student_4_lec_2a96290c_b067bd04,lec_2a96290c,cv101,1,0.95,engaged,56.85,0.0107,-0.0046,-0.0044,0.0049,-0.0045,-0.0049,123.93,-135.7,321.35,-373.41,-2507.91,-153.84,36.03,-175.03,3.11,2.28,1.89,3.01,5.0,1.99,3.35,3.37,2.53,1.77,2.47,5.0,2.11,1.65,3.35,3.62,0.0,3.76,2.43,0
2025-11-24T16:24:05.504647,370,student_4_lec_2a96290c_b067bd04,lec_2a96290c,cv101,1,0.95,engaged,58.55,0.0017,-0.0017,-0.0045,0.0047,-0.0037,-0.0051,148.39,-152.0,379.89,-431.09,-2543.69,-152.23,37.67,-171.95,3.07,2.08,1.93,3.44,5.0,1.56,3.36,3.73,2.4,1.68,2.6,5.0,2.0,1.78,3.22,3.45,0.0,3.7,2.36,0
2025-11-24T16:24:06.549901,371,student_4_lec_2a96290c_b067bd04,lec_2a96290c,cv101,1,0.95,engaged,57.32,0.0031,-0.0039,-0.0045,0.0038,-0.0068,-0.0051,144.69,-133.17,410.09,-419.57,-2444.19,-147.87,41.48,-171.73,3.14,2.21,1.86,3.16,5.0,1.84,3.23,3.39,2.41,1.69,2.59,5.0,2.01,1.43,3.57,3.82,0.0,3.71,2.4,0
2025-11-24T16:24:07.619112,372,student_4_lec_2a96290c_b067bd04,lec_2a96290c,cv101,1,0.95,engaged,59.82,0.0051,-0.0092,-0.0044,0.0031,-0.007,-0.005,139.76,-120.66,-353.84,395.56,2223.23,-161.88,27.26,-0.47,2.79,1.86,2.21,3.67,5.0,1.33,3.11,3.1,2.52,1.77,2.48,5.0,2.1,1.17,3.83,3.74,0.0,3.76,2.29,0
2025-11-24T16:24:08.671571,373,student_4_lec_2a96290c_b067bd04,lec_2a96290c,cv101,1,0.95,engaged,59.3,-0.0002,-0.0027,-0.0049,0.0058,-0.0073,-0.0053,-22.34,-138.53,-322.59,386.5,2254.75,-161.92,22.56,1.57,3.09,2.1,1.91,3.53,5.0,1.47,3.13,3.41,2.61,1.82,2.39,5.0,2.17,1.69,3.31,3.68,0.0,3.8,2.37,0
2025-11-24T16:24:09.723183,374,student_4_lec_2a96290c_b067bd04,lec_2a96290c,cv101,1,0.95,engaged,59.7,0.0001,-0.0017,-0.0046,0.005,-0.0053,-0.0052,157.35,-146.7,-348.12,385.93,2241.39,-162.99,25.13,0.18,2.82,1.87,2.18,3.66,5.0,1.34,3.11,3.75,2.47,1.73,2.53,5.0,2.06,1.4,3.6,3.82,0.0,3.74,2.29,0
2025-11-24T16:24:10.775961,375,student_4_lec_2a96290c_b067bd04,lec_2a96290c,cv101,1,0.95,engaged,57.96,0.0069,-0.0043,-0.0045,0.001,-0.0059,-0.005,146.03,-133.35,348.25,-445.49,-2617.0,-147.77,32.98,-172.65,3.5,2.56,1.5,3.35,4.91,1.65,3.18,3.02,2.51,1.76,2.49,5.0,2.09,1.95,3.05,3.34,0.0,3.71,2.52,0
2025-11-24T16:24:11.831613,376,student_4_lec_2a96290c_b067bd04,lec_2a96290c,cv101,1,0.95,engaged,60.04,0.0027,-0.0033,-0.0046,0.0017,-0.0062,-0.0051,155.82,-137.08,-314.6,370.32,2291.74,-163.11,24.08,-0.63,2.67,1.81,2.33,3.76,4.99,1.24,3.1,3.83,2.43,1.7,2.57,5.0,2.02,1.79,3.21,3.84,0.0,3.71,2.27,0
2025-11-24T16:24:12.881315,377,student_4_lec_2a96290c_b067bd04,lec_2a96290c,cv101,1,0.95,engaged,60.72,-0.0022,-0.0011,-0.0051,-0.0001,-0.0043,-0.0053,-167.56,-154.66,-193.24,358.43,2321.68,-168.61,15.79,-0.92,3.32,2.42,1.68,3.99,4.75,1.01,3.1,4.01,2.72,1.9,2.28,5.0,2.26,1.68,3.32,4.27,0.0,3.74,2.47,0
2025-11-24T16:24:13.964076,378,student_4_lec_2a96290c_b067bd04,lec_2a96290c,cv101,1,0.95,engaged,60.11,0.0025,-0.0035,-0.0049,0.0011,-0.0051,-0.0054,161.02,-140.61,-271.94,340.02,2270.04,-168.62,23.56,0.77,3.26,2.3,1.74,3.87,4.77,1.13,3.08,4.39,2.62,1.84,2.38,5.0,2.19,1.43,3.57,4.36,0.0,3.69,2.43,0
2025-11-24T16:24:15.010365,379,student_4_lec_2a96290c_b067bd04,lec_2a96290c,cv101,1,0.95,engaged,61.16,0.0014,-0.0055,-0.0047,0.0027,-0.0064,-0.0052,158.51,-129.8,290.9,-395.76,-2545.27,-152.62,31.11,-171.68,3.33,2.31,1.67,3.99,5.0,1.01,3.29,3.37,2.58,1.81,2.42,5.0,2.15,1.62,3.38,3.72,0.0,3.79,2.44,0
2025-11-24T16:24:16.105221,380,student_4_lec_2a96290c_b067bd04,lec_2a96290c,cv101,1,0.95,engaged,59.3,-0.0027,-0.001,-0.0048,-0.0023,-0.004,-0.0051,-153.62,-154.9,-220.27,336.33,2299.49,-166.87,20.06,0.87,3.43,2.48,1.57,3.67,5.0,1.33,3.38,3.86,2.34,1.64,2.66,5.0,1.95,1.42,3.58,3.88,0.0,3.67,2.49,0
2025-11-24T16:24:17.119719,381,student_4_lec_2a96290c_b067bd04,lec_2a96290c,cv101,1,0.95,engaged,61.33,-0.0043,-0.0015,-0.0051,-0.0003,-0.0046,-0.0054,-158.45,-151.22,-231.26,314.11,2303.96,-169.04,17.93,0.49,3.72,2.72,1.28,4.23,4.72,0.77,3.23,3.91,2.59,1.81,2.41,5.0,2.16,1.61,3.39,4.31,0.0,3.65,2.57,0
2025-11-24T16:24:18.129067,382,student_4_lec_2a96290c_b067bd04,lec_2a96290c,cv101,1,0.95,engaged,60.14,-0.0025,0.0007,-0.0052,-0.0078,-0.0078,-0.0056,-140.03,23.39,-259.55,304.76,2259.93,-170.75,17.72,-0.64,3.7,2.73,1.3,3.99,4.55,1.01,3.04,4.48,2.76,1.93,2.24,5.0,2.3,1.27,3.73,4.68,0.0,3.65,2.58,0
2025-11-24T16:24:19.168556,383,student_4_lec_2a96290c_b067bd04,lec_2a96290c,cv101,1,0.95,engaged,61.81,0.0003,-0.0032,-0.0051,0.002,-0.0043,-0.0051,167.98,-144.31,-130.11,295.92,2366.1,-172.07,-2.71,-0.64,2.9,1.93,2.1,4.09,5.0,0.91,3.1,4.31,2.63,1.84,2.37,5.0,2.19,1.21,3.79,4.65,0.0,3.81,2.31,0
2025-11-24T16:24:20.168579,384,student_4_lec_2a96290c_b067bd04,lec_2a96290c,cv101,1,0.95,engaged,59.31,0.0072,-0.0024,-0.0051,-0.0025,-0.0084,-0.0057,-15.12,-139.52,367.92,-322.12,-2421.39,-159.2,37.77,-174.43,3.09,2.15,1.91,3.5,4.84,1.5,3.23,4.19,2.93,2.05,2.07,5.0,2.44,0.84,4.16,4.39,0.0,3.88,2.38,0
2025-11-24T16:24:21.231242,385,student_4_lec_2a96290c_b067bd04,lec_2a96290c,cv101,1,0.95,engaged,57.58,0.0135,-0.0047,-0.0045,0.0025,-0.0042,-0.0051,131.29,-137.17,-359.63,328.63,2158.34,-164.62,27.41,-0.37,2.95,2.05,2.05,3.23,5.0,1.77,3.29,3.46,2.36,1.65,2.64,5.0,1.97,0.87,4.13,4.1,0.0,3.68,2.35,0
2025-11-24T16:24:22.295552,386,student_4_lec_2a96290c_b067bd04,lec_2a96290c,cv101,1,0.95,engaged,59.38,0.0114,-0.0085,-0.0048,-0.0016,-0.0064,-0.0053,-25.47,-124.61,338.97,-358.53,-2502.62,-155.38,36.08,-174.44,3.01,2.15,1.99,3.6,5.0,1.4,3.08,3.78,2.49,1.74,2.51,5.0,2.07,1.18,3.82,4.2,0.0,3.75,2.38,0
2025-11-24T16:24:23.352106,387,student_4_lec_2a96290c_b067bd04,lec_2a96290c,cv101,1,0.95,engaged,59.97,0.0005,-0.0051,-0.0048,0.0029,-0.0045,-0.0053,162.85,-136.57,293.74,-345.33,-2548.16,-161.1,34.51,-173.59,2.8,1.91,2.2,3.78,4.92,1.22,3.12,4.09,2.46,1.72,2.54,5.0,2.05,1.48,3.52,4.17,0.0,3.69,2.3,0
2025-11-24T16:24:24.406408,388,student_4_lec_2a96290c_b067bd04,lec_2a96290c,cv101,1,0.95,engaged,59.54,0.0006,-0.003,-0.0054,-0.0085,-0.0077,-0.0057,24.92,-138.65,-177.02,315.54,2283.39,-167.07,17.58,1.66,3.73,2.79,1.27,3.62,4.85,1.38,3.04,3.82,2.88,2.02,2.12,5.0,2.4,1.26,3.74,4.38,0.0,3.86,2.6,0
2025-11-24T16:24:25.401718,389,student_4_lec_2a96290c_b067bd04,lec_2a96290c,cv101,1,0.95,engaged,59.88,-0.0008,-0.0009,-0.005,-0.0061,-0.0089,-0.0055,-151.53,-145.5,293.65,-326.85,-2510.35,-157.41,34.22,-173.81,3.3,2.36,1.7,3.72,4.84,1.28,3.12,3.58,2.76,1.93,2.24,5.0,2.3,1.88,3.12,4.28,0.0,3.8,2.45,0
2025-11-24T16:24:26.446919,390,student_4_lec_2a96290c_b067bd04,lec_2a96290c,cv101,1,0.95,engaged,72.45,-0.0029,0.0007,-0.0051,0.0016,-0.0058,-0.0056,6.94,19.31,-242.67,314.62,2255.38,-167.15,17.82,-1.22,3.63,2.66,1.37,3.91,4.72,1.09,3.21,4.0,2.85,2.0,2.15,5.0,2.38,0.94,4.06,4.36,0.0,3.79,2.55,0
2025-11-24T16:24:27.540281,391,student_4_lec_2a96290c_b067bd04,lec_2a96290c,cv101,1,0.95,engaged,62.19,-0.0023,-0.0005,-0.0054,-0.0028,-0.0049,-0.0057,-155.2,-156.93,-264.43,289.36,2282.02,-169.56,14.04,-1.62,3.04,2.1,1.96,4.22,4.84,0.78,3.16,4.27,2.8,1.96,2.2,5.0,2.33,1.33,3.67,4.52,0.0,3.82,2.37,0
2025-11-24T16:24:28.556240,392,student_4_lec_2a96290c_b067bd04,lec_2a96290c,cv101,1,0.95,engaged,62.52,-0.0007,-0.0028,-0.005,0.004,-0.0071,-0.0049,-15.77,-137.59,-112.91,256.17,2334.7,-170.71,-22.5,-1.94,3.04,2.14,1.96,4.37,4.84,0.63,3.0,4.49,2.63,1.84,2.37,5.0,2.19,0.97,4.03,4.76,0.0,3.73,2.38,0
2025-11-24T16:24:29.545092,393,student_4_lec_2a96290c_b067bd04,lec_2a96290c,cv101,1,0.95,engaged,61.67,-0.0015,-0.0026,-0.0051,-0.0004,-0.0072,-0.0049,-169.74,-138.55,-75.33,242.11,2367.56,-172.88,-27.44,-0.93,3.19,2.28,1.81,4.11,4.97,0.89,2.99,4.13,2.62,1.83,2.38,5.0,2.18,1.44,3.56,4.59,0.0,3.79,2.43,0
2025-11-24T16:24:30.610635,394,student_4_lec_2a96290c_b067bd04,lec_2a96290c,cv101,1,0.95,engaged,58.42,-0.0006,-0.0099,-0.005,-0.0003,-0.0008,-0.0051,-175.01,-144.09,-257.78,247.61,2355.3,-174.02,13.92,-1.28,2.83,2.07,2.17,3.32,4.9,1.68,2.98,4.54,2.77,1.94,2.23,5.0,2.31,1.32,3.68,4.86,0.0,3.83,2.36,0
2025-11-24T16:24:31.613546,395,student_4_lec_2a96290c_b067bd04,lec_2a96290c,cv101,1,0.95,highly_engaged,81.77,0.0002,0.0044,-0.0049,-0.0016,-0.0055,-0.0053,7.05,2.15,-374.7,319.62,2241.68,-163.8,19.88,-0.44,3.51,2.53,1.49,3.2,5.0,1.8,3.37,3.17,2.63,1.84,2.37,5.0,2.19,1.16,3.84,3.96,0.0,3.81,2.51,0
2025-11-24T16:24:32.657749,396,student_4_lec_2a96290c_b067bd04,lec_2a96290c,cv101,1,0.95,engaged,58.3,0.0025,-0.0038,-0.0048,0.0015,-0.0046,-0.0052,157.91,-140.15,-370.92,344.69,2305.98,-162.78,17.28,0.2,3.55,2.55,1.45,3.46,4.76,1.54,3.17,3.32,2.66,1.86,2.34,5.0,2.22,1.44,3.56,3.8,0.0,3.71,2.52,0
2025-11-24T16:24:33.705663,397,student_4_lec_2a96290c_b067bd04,lec_2a96290c,cv101,1,0.95,engaged,60.4,0.0003,0.0006,-0.0049,-0.0042,-0.0083,-0.0053,17.85,25.1,387.88,-377.95,-2636.9,-153.74,31.81,-172.72,3.39,2.33,1.61,3.95,4.92,1.05,3.09,3.14,2.37,1.66,2.63,5.0,1.98,1.75,3.25,3.67,0.0,3.65,2.44,0
2025-11-24T16:24:34.712046,398,student_4_lec_2a96290c_b067bd04,lec_2a96290c,cv101,1,0.95,engaged,58.39,-0.0008,-0.0008,-0.0051,-0.0067,-0.0102,-0.0055,-150.18,-144.72,-332.86,352.73,2310.8,-162.32,14.05,1.57,3.84,2.8,1.16,3.5,4.71,1.5,3.14,3.54,2.73,1.91,2.27,5.0,2.28,2.06,2.94,3.76,0.0,3.72,2.6,0
2025-11-24T16:24:35.760766,399,student_4_lec_2a96290c_b067bd04,lec_2a96290c,cv101,1,0.95,engaged,58.87,-0.0028,-0.0014,-0.0051,0.001,-0.0054,-0.0054,9.11,-149.79,342.65,-388.42,-2593.06,-148.71,22.84,-173.35,3.92,2.8,1.08,3.54,4.76,1.46,3.18,3.13,2.83,1.98,2.17,5.0,2.36,1.77,3.23,3.6,0.0,3.79,2.6,0
2025-11-24T16:24:36.779971,400,student_4_lec_2a96290c_b067bd04,lec_2a96290c,cv101,1,0.95,engaged,57.67,0.0004,-0.002,-0.0048,0.0025,-0.011,-0.0053,164.94,-136.57,403.41,-342.97,-2513.28,-155.56,38.35,-172.67,2.82,2.0,2.18,3.19,5.0,1.81,3.09,3.59,2.49,1.74,2.51,5.0,2.08,1.87,3.13,4.22,0.0,3.75,2.33,0
2025-11-24T16:24:37.813454,401,student_4_lec_2a96290c_b067bd04,lec_2a96290c,cv101,1,0.95,engaged,57.8,0.0053,-0.0105,-0.0048,0.0016,-0.01,-0.0054,147.53,-116.32,-406.69,344.22,2222.42,-160.98,23.63,1.01,2.75,1.93,2.25,3.16,5.0,1.84,3.12,3.12,2.63,1.84,2.37,5.0,2.19,1.65,3.35,3.87,0.0,3.81,2.31,0
2025-11-24T16:24:38.856344,402,student_4_lec_2a96290c_b067bd04,lec_2a96290c,cv101,1,0.95,engaged,56.9,0.0046,-0.0049,-0.0047,0.0014,-0.0049,-0.0052,150.53,-135.41,-392.8,342.66,2235.37,-162.23,23.89,0.17,3.1,2.17,1.9,2.99,5.0,2.01,3.17,3.05,2.58,1.8,2.42,5.0,2.15,1.36,3.64,3.8,0.0,3.79,2.39,0
2025-11-24T16:24:39.913116,403,student_4_lec_2a96290c_b067bd04,lec_2a96290c,cv101,1,0.95,engaged,59.12,0.0021,-0.0018,-0.0049,-0.0016,-0.0079,-0.0054,-3.38,-142.25,404.73,-326.63,-2518.37,-159.84,35.9,-177.14,3.02,2.13,1.98,3.7,4.72,1.3,3.14,3.77,2.52,1.76,2.48,5.0,2.1,1.33,3.67,4.21,0.0,3.62,2.38,0
2025-11-24T16:24:40.972701,404,student_4_lec_2a96290c_b067bd04,lec_2a96290c,cv101,1,0.95,engaged,59.21,0.0036,-0.0006,-0.0048,0.0028,-0.0048,-0.0053,147.55,-155.12,-385.43,324.9,2256.83,-164.37,19.96,-2.89,2.92,2.02,2.08,3.53,4.98,1.47,3.18,3.47,2.57,1.8,2.43,5.0,2.14,1.53,3.47,4.03,0.0,3.78,2.34,0
2025-11-24T16:24:41.968645,405,student_4_lec_2a96290c_b067bd04,lec_2a96290c,cv101,1,0.95,engaged,56.34,0.0012,-0.0027,-0.0047,0.0018,-0.0042,-0.0052,163.49,-145.7,-404.18,347.45,2253.94,-164.16,22.26,-3.18,3.05,2.11,1.95,2.92,5.0,2.08,3.1,3.59,2.43,1.7,2.57,5.0,2.02,1.31,3.69,3.98,0.0,3.71,2.37,0
2025-11-24T16:24:43.027675,406,student_4_lec_2a96290c_b067bd04,lec_2a96290c,cv101,1,0.95,engaged,59.74,0.0,-0.0027,-0.0048,0.0006,-0.0078,-0.0053,176.39,-137.3,-418.97,378.34,2228.46,-160.93,19.6,-0.72,2.98,1.98,2.02,3.68,5.0,1.32,3.21,2.98,2.47,1.73,2.53,5.0,2.06,2.14,2.86,3.63,0.0,3.74,2.33,0
2025-11-24T16:24:44.091221,407,student_4_lec_2a96290c_b067bd04,lec_2a96290c,cv101,1,0.95,engaged,58.92,0.0008,-0.0034,-0.0047,0.0042,-0.0071,-0.0052,156.13,-135.54,-420.24,385.11,2257.43,-159.22,20.08,-0.1,2.95,2.0,2.05,3.48,5.0,1.52,3.29,2.89,2.49,1.74,2.51,5.0,2.07,1.84,3.16,3.29,0.0,3.75,2.33,0
2025-11-24T16:24:45.138932,408,student_4_lec_2a96290c_b067bd04,lec_2a96290c,cv101,1,0.95,engaged,62.64,0.0022,-0.0044,-0.0052,0.0038,-0.007,-0.0052,150.62,-133.45,-161.53,272.52,2311.35,-173.39,-22.73,-3.89,2.55,1.61,2.45,4.21,4.95,0.79,2.88,4.47,2.82,1.98,2.18,5.0,2.35,1.58,3.42,4.98,0.0,3.88,2.2,0
2025-11-24T16:24:46.187332,409,student_4_lec_2a96290c_b067bd04,lec_2a96290c,cv101,1,0.95,engaged,62.38,-0.0018,-0.0053,-0.0053,-0.0012,-0.0016,-0.0054,-164.53,-149.54,-276.9,287.39,2312.51,-169.93,9.1,-1.86,3.16,2.2,1.84,4.27,4.88,0.73,3.06,4.25,2.74,1.92,2.26,5.0,2.29,0.94,4.06,4.61,0.0,3.81,2.4,0
2025-11-24T16:24:47.244983,410,student_4_lec_2a96290c_b067bd04,lec_2a96290c,cv101,1,0.95,engaged,61.92,0.0029,-0.0045,-0.0051,0.0011,-0.0053,-0.0053,159.27,-136.51,-285.09,297.04,2295.76,-168.07,9.04,-1.19,2.69,1.76,2.31,4.05,5.0,0.95,3.11,3.94,2.75,1.93,2.25,5.0,2.29,1.19,3.81,4.44,0.0,3.88,2.25,0
2025-11-24T16:24:48.300774,411,student_4_lec_2a96290c_b067bd04,lec_2a96290c,cv101,0,0.0,no_face,0.0,0.0,0.0,0.0,0.0,0.0,0.0,0.0,0.0,0.0,0.0,0.0,0.0,0.0,0.0,0.0,0.0,0.0,0.0,0.0,0.0,0.0,0.0,0.0,0.0,0.0,0.0,0.0,0.0,0.0,0.0,0.0,0.0,0.0,0.0
2025-11-24T16:24:49.363877,412,student_4_lec_2a96290c_b067bd04,lec_2a96290c,cv101,1,0.95,engaged,58.74,-0.0032,-0.0035,-0.005,-0.006,-0.0006,-0.0045,-136.94,-158.91,156.79,292.59,2498.06,-173.65,-30.4,2.15,3.64,2.8,1.36,3.97,4.38,1.03,2.69,4.3,2.29,1.6,2.71,5.0,1.91,1.73,3.27,4.24,0.0,3.33,2.6,0
2025-11-24T16:24:50.428916,413,student_4_lec_2a96290c_b067bd04,lec_2a96290c,cv101,1,0.95,engaged,58.96,-0.0029,-0.0033,-0.0051,-0.0025,-0.0026,-0.0046,-151.22,-148.8,-115.8,-305.02,-2724.74,-168.64,-32.04,176.73,3.61,2.73,1.39,3.9,4.43,1.1,2.66,4.26,2.49,1.74,2.51,5.0,2.07,1.05,3.95,4.27,0.0,3.46,2.58,0
2025-11-24T16:24:51.477513,414,student_4_lec_2a96290c_b067bd04,lec_2a96290c,cv101,1,0.95,engaged,58.33,-0.0048,-0.0033,-0.0048,-0.001,-0.0019,-0.0044,-151.03,-150.9,-98.78,-316.86,-2723.11,-163.82,-32.26,174.75,3.44,2.58,1.56,3.72,4.58,1.28,2.78,4.17,2.32,1.62,2.68,5.0,1.93,1.45,3.55,4.08,0.0,3.45,2.53,0
2025-11-24T16:24:52.641397,415,student_4_lec_2a96290c_b067bd04,lec_2a96290c,cv101,1,0.95,engaged,70.39,-0.0044,-0.0036,-0.0049,0.0005,0.0016,-0.0045,17.45,8.37,-84.64,-319.34,-2719.25,-165.92,-30.78,175.27,3.43,2.57,1.57,3.68,4.62,1.32,2.77,4.13,2.39,1.67,2.61,5.0,1.99,1.3,3.7,4.23,0.0,3.5,2.52,0
2025-11-24T16:24:53.602953,416,student_4_lec_2a96290c_b067bd04,lec_2a96290c,cv101,1,0.95,engaged,58.33,-0.0036,-0.0032,-0.0049,-0.0043,-0.0002,-0.0045,-139.77,-162.03,-75.91,-327.75,-2709.93,-165.86,-32.25,174.49,3.39,2.56,1.61,3.72,4.61,1.28,2.79,4.09,2.27,1.59,2.73,5.0,1.89,1.65,3.35,4.15,0.0,3.44,2.52,0
2025-11-24T16:24:54.645521,417,student_4_lec_2a96290c_b067bd04,lec_2a96290c,cv101,1,0.95,engaged,59.72,-0.0035,-0.0022,-0.005,-0.0014,-0.0042,-0.0046,-153.83,-146.83,-39.01,-326.95,-2658.65,-164.68,-27.97,173.04,3.37,2.52,1.63,3.87,4.65,1.13,2.85,4.02,2.62,1.83,2.38,5.0,2.18,1.34,3.66,4.24,0.0,3.64,2.51,0
2025-11-24T16:24:55.708710,418,student_4_lec_2a96290c_b067bd04,lec_2a96290c,cv101,1,0.95,engaged,58.62,-0.0028,-0.0029,-0.0047,0.0004,-0.0047,-0.0044,13.35,-140.68,-12.2,367.6,2514.21,-170.7,-25.08,-1.42,3.37,2.49,1.63,3.75,4.69,1.25,2.92,3.84,2.23,1.56,2.77,5.0,1.86,1.85,3.15,3.91,0.0,3.46,2.5,0
2025-11-24T16:24:56.772199,419,student_4_lec_2a96290c_b067bd04,lec_2a96290c,cv101,1,0.95,engaged,59.16,-0.0036,-0.0026,-0.0048,0.0021,-0.0046,-0.0046,6.06,-143.33,-83.29,428.32,2472.29,-167.49,-12.32,1.46,3.77,2.67,1.23,3.8,4.68,1.2,3.09,3.54,2.46,1.72,2.54,5.0,2.05,2.22,2.78,3.63,0.0,3.57,2.56,0
2025-11-24T16:24:57.834633,420,student_4_lec_2a96290c_b067bd04,lec_2a96290c,cv101,1,0.95,engaged,60.34,-0.0016,-0.0039,-0.0051,-0.0007,-0.0007,-0.0048,-166.83,-157.14,49.2,-454.96,-2680.98,-155.05,-16.05,175.38,3.53,2.45,1.47,3.82,4.9,1.18,3.23,3.46,2.7,1.89,2.3,5.0,2.25,2.28,2.72,3.47,0.0,3.8,2.48,0
2025-11-24T16:24:58.881151,421,student_4_lec_2a96290c_b067bd04,lec_2a96290c,cv101,1,0.95,engaged,62.15,-0.0054,-0.0036,-0.0051,-0.0016,0.0006,-0.0047,-147.47,13.85,5.32,-406.19,-2638.37,-161.76,-24.0,172.97,3.34,2.37,1.66,4.35,4.83,0.65,3.08,3.56,2.53,1.77,2.47,5.0,2.11,1.89,3.11,3.88,0.0,3.68,2.46,0
2025-11-24T16:24:59.863335,422,student_4_lec_2a96290c_b067bd04,lec_2a96290c,cv101,1,0.95,engaged,61.46,-0.0032,-0.0036,-0.0053,-0.003,-0.0,-0.0049,-148.76,-162.6,-2.04,-399.0,-2619.87,-160.93,-23.62,172.92,3.21,2.22,1.79,4.09,4.91,0.91,3.04,3.72,2.62,1.83,2.38,5.0,2.18,2.09,2.91,4.06,0.0,3.77,2.41,0
2025-11-24T16:25:00.916998,423,student_4_lec_2a96290c_b067bd04,lec_2a96290c,cv101,1,0.95,engaged,59.76,-0.0031,-0.0016,-0.0051,0.0003,-0.0051,-0.0049,13.83,-148.36,-69.7,354.02,2447.84,-173.38,-18.93,-2.27,3.37,2.49,1.63,3.78,4.75,1.22,2.95,4.12,2.71,1.9,2.29,5.0,2.26,1.64,3.36,4.46,0.0,3.73,2.5,0
2025-11-24T16:25:01.979092,424,student_4_lec_2a96290c_b067bd04,lec_2a96290c,cv101,1,0.95,engaged,58.94,-0.0102,-0.0088,-0.0047,-0.0002,-0.0082,-0.0045,-146.13,-118.52,81.54,-480.03,-2752.8,-159.06,-21.0,175.47,3.89,2.76,1.11,3.77,4.82,1.23,3.28,3.72,2.22,1.55,2.78,4.17,1.85,2.6,2.4,3.05,0.0,3.52,2.59,0
2025-11-24T16:25:03.044967,425,student_4_lec_2a96290c_b067bd04,lec_2a96290c,cv101,1,0.95,engaged,59.4,-0.0028,-0.0041,-0.005,0.001,-0.0072,-0.0048,8.59,-132.02,100.5,-481.97,-2711.15,-156.47,-12.58,175.09,3.76,2.61,1.24,3.64,5.0,1.36,3.17,3.44,2.49,1.74,2.51,5.0,2.07,1.78,3.22,3.41,0.0,3.75,2.54,0
2025-11-24T16:25:04.093174,426,student_4_lec_2a96290c_b067bd04,lec_2a96290c,cv101,1,0.95,engaged,59.24,-0.0032,-0.0037,-0.0051,-0.0002,-0.0063,-0.0048,-162.4,-135.72,111.63,-492.66,-2732.79,-150.46,-4.85,175.98,3.74,2.66,1.26,3.65,4.84,1.35,3.2,3.18,2.63,1.84,2.37,5.0,2.19,2.5,2.5,3.19,0.0,3.73,2.55,0
2025-11-24T16:25:05.150651,427,student_4_lec_2a96290c_b067bd04,lec_2a96290c,cv101,1,0.95,engaged,59.88,-0.0026,-0.0027,-0.0049,0.002,-0.0005,-0.0045,1.74,-162.36,29.5,-424.92,-2679.95,-162.79,-26.54,173.0,3.27,2.29,1.73,3.97,4.71,1.03,3.14,3.86,2.34,1.64,2.66,5.0,1.95,2.09,2.91,3.56,0.0,3.52,2.43,0
2025-11-24T16:25:06.200707,428,student_4_lec_2a96290c_b067bd04,lec_2a96290c,cv101,1,0.95,engaged,60.14,-0.0049,-0.0042,-0.0053,-0.0023,-0.0002,-0.0049,-146.01,-159.39,17.67,-409.22,-2677.23,-160.55,-20.15,172.48,3.6,2.64,1.4,3.89,4.82,1.11,3.0,3.8,2.58,1.81,2.42,5.0,2.15,1.75,3.25,3.99,0.0,3.7,2.55,0
2025-11-24T16:25:07.262176,429,student_4_lec_2a96290c_b067bd04,lec_2a96290c,cv101,1,0.95,engaged,57.93,-0.0055,-0.0026,-0.0052,-0.002,-0.0009,-0.005,-145.92,-161.25,59.01,-427.12,-2701.59,-156.78,-11.42,172.62,3.54,2.71,1.46,3.35,4.84,1.65,3.14,3.62,2.63,1.84,2.37,5.0,2.19,1.93,3.07,3.75,0.0,3.73,2.57,0
2025-11-24T16:25:08.339180,430,student_4_lec_2a96290c_b067bd04,lec_2a96290c,cv101,1,0.95,engaged,60.18,-0.0072,-0.0015,-0.005,-0.0009,-0.0022,-0.0048,-146.92,-159.0,-91.85,358.59,2475.37,-175.37,-19.04,0.87,3.72,2.72,1.28,4.13,4.58,0.87,2.96,4.14,2.39,1.67,2.61,5.0,1.99,1.25,3.75,4.47,0.0,3.49,2.57,0
