timestamp,frame,session_id,lecture_id,course_id,face_detected,confidence,status,engagement_score,gaze_0_x,gaze_0_y,gaze_0_z,gaze_1_x,gaze_1_y,gaze_1_z,gaze_angle_x,gaze_angle_y,pose_Tx,pose_Ty,pose_Tz,pose_Rx,pose_Ry,pose_Rz,AU01_r,AU02_r,AU04_r,AU05_r,AU06_r,AU07_r,AU09_r,AU10_r,AU12_r,AU14_r,AU15_r,AU17_r,AU20_r,AU23_r,AU25_r,AU26_r,AU45_r,smile_intensity,confusion_level,drowsiness_level
2025-11-24T16:06:41.351918,1,student_4_lec_2a96290c_fc0dad25,lec_2a96290c,cv101,1,0.95,partially_engaged,46.41,-0.0031,-0.0003,-0.0031,-0.0044,-0.0044,-0.0031,-130.04,-150.08,-132.42,386.03,3767.64,-176.79,9.43,1.33,2.33,1.81,2.67,2.01,3.07,2.99,1.84,2.83,1.88,1.32,3.12,5.0,1.57,2.41,2.59,3.39,0.0,2.47,2.27,0.98
2025-11-24T16:06:42.340400,2,student_4_lec_2a96290c_fc0dad25,lec_2a96290c,cv101,1,0.95,partially_engaged,46.17,-0.0031,-0.0007,-0.0031,0.0008,-0.0017,-0.0031,15.24,-159.84,-51.39,354.58,3758.7,178.06,-9.87,3.25,2.53,2.03,2.47,1.93,3.2,3.07,1.87,2.96,1.78,1.25,3.22,5.0,1.49,2.01,2.99,3.74,0.0,2.49,2.34,1.14
2025-11-24T16:06:43.366415,3,student_4_lec_2a96290c_fc0dad25,lec_2a96290c,cv101,1,0.95,partially_engaged,48.53,0.0014,0.0001,-0.0033,0.0013,-0.0014,-0.0035,157.88,10.03,-132.45,388.28,3409.98,-174.96,18.96,-0.41,2.37,1.77,2.63,2.4,3.27,2.6,2.07,3.08,1.82,1.27,3.18,5.0,1.51,2.26,2.74,3.58,0.0,2.54,2.26,0.2
2025-11-24T16:06:44.405330,4,student_4_lec_2a96290c_fc0dad25,lec_2a96290c,cv101,1,0.95,engaged,72.72,-0.0011,-0.0024,-0.0034,0.0012,0.0004,-0.0035,-0.36,13.88,-159.12,381.57,3311.12,-176.27,23.74,-3.09,2.09,1.5,2.91,2.35,3.32,2.65,2.17,2.98,1.92,1.34,3.08,5.0,1.6,2.4,2.6,3.54,0.0,2.62,2.17,0.3
2025-11-24T16:06:45.422501,5,student_4_lec_2a96290c_fc0dad25,lec_2a96290c,cv101,1,0.95,engaged,50.07,-0.0018,-0.0011,-0.0034,0.0048,-0.0017,-0.0036,-12.54,-158.14,-159.45,379.07,3279.39,-175.29,23.78,-3.75,1.96,1.39,3.04,2.58,3.37,2.42,2.22,2.9,2.02,1.42,2.98,5.0,1.69,2.62,2.38,3.53,0.0,2.7,2.13,0
2025-11-24T16:06:46.451274,6,student_4_lec_2a96290c_fc0dad25,lec_2a96290c,cv101,1,0.95,partially_engaged,47.47,-0.0009,-0.0016,-0.0034,0.0002,-0.0013,-0.0035,6.0,-157.07,-137.52,371.45,3337.74,-178.04,20.63,-2.9,2.19,1.64,2.81,2.06,3.37,2.94,2.1,3.16,1.87,1.31,3.13,5.0,1.56,2.32,2.68,3.75,0.0,2.62,2.21,0.88
2025-11-24T16:06:47.458338,7,student_4_lec_2a96290c_fc0dad25,lec_2a96290c,cv101,1,0.95,engaged,73.01,0.0,0.0002,-0.0034,-0.0005,-0.0011,-0.0034,3.66,7.08,-132.75,359.85,3317.58,-177.61,19.9,-3.09,2.19,1.6,2.81,2.39,3.38,2.61,2.09,3.12,1.91,1.33,3.09,5.0,1.59,2.29,2.71,3.76,0.0,2.65,2.2,0.22
2025-11-24T16:06:48.507491,8,student_4_lec_2a96290c_fc0dad25,lec_2a96290c,cv101,1,0.95,partially_engaged,48.69,-0.0002,-0.0015,-0.0034,0.0011,-0.003,-0.0035,-6.92,-147.6,-150.21,380.85,3360.9,-176.83,21.59,-3.29,2.08,1.55,2.92,2.35,3.3,2.65,2.12,2.91,1.94,1.36,3.06,5.0,1.62,2.48,2.52,3.67,0.0,2.62,2.18,0.3
2025-11-24T16:06:49.530486,9,student_4_lec_2a96290c_fc0dad25,lec_2a96290c,cv101,1,0.95,partially_engaged,48.87,-0.0012,-0.0035,-0.0035,0.0014,-0.0034,-0.0036,-1.46,-135.73,-116.47,237.03,3150.99,174.27,19.35,-2.84,1.77,1.41,3.23,2.22,3.25,2.78,1.84,2.92,2.4,1.68,2.6,5.0,2.0,0.29,4.71,4.76,0.0,2.83,2.14,0.56
2025-11-24T16:06:50.557712,10,student_4_lec_2a96290c_fc0dad25,lec_2a96290c,cv101,1,0.95,partially_engaged,48.27,-0.0006,-0.0023,-0.0035,0.0025,-0.0023,-0.0037,-12.33,-147.5,-118.15,249.63,3339.52,177.68,13.79,-4.01,1.63,1.34,3.37,2.09,3.17,2.91,1.96,2.86,2.48,1.73,2.52,5.0,2.06,1.24,3.76,4.24,0.0,2.83,2.11,0.82
2025-11-24T16:06:51.574859,11,student_4_lec_2a96290c_fc0dad25,lec_2a96290c,cv101,1,0.95,partially_engaged,48.42,-0.0008,-0.0029,-0.0035,0.0013,-0.0032,-0.0037,-3.29,-140.06,-125.7,262.39,3256.6,-178.07,13.27,-4.94,1.71,1.33,3.29,1.91,3.36,3.09,2.1,2.4,2.72,1.9,2.28,5.0,2.26,0.74,4.26,3.94,0.0,3.04,2.11,1.18
2025-11-24T16:06:52.578498,12,student_4_lec_2a96290c_fc0dad25,lec_2a96290c,cv101,1,0.95,partially_engaged,32.17,0.0018,0.0026,-0.0036,0.001,0.0009,-0.0039,159.53,155.98,-172.64,315.69,3327.45,179.52,16.88,-5.01,1.89,1.42,3.11,1.45,3.28,3.55,2.05,3.31,2.19,1.53,2.81,5.0,1.82,2.03,2.97,3.95,5.0,2.73,2.14,7.1
2025-11-24T16:06:53.601869,13,student_4_lec_2a96290c_fc0dad25,lec_2a96290c,cv101,1,0.95,partially_engaged,47.78,-0.0017,-0.0029,-0.0035,0.0005,-0.0019,-0.0038,9.35,-146.67,-187.55,349.49,3358.58,-175.88,19.06,-4.9,1.5,1.04,3.5,1.95,3.47,3.05,2.07,2.93,2.05,1.44,2.95,5.0,1.71,1.74,3.26,3.74,0.0,2.76,2.01,1.1
2025-11-24T16:06:54.642528,14,student_4_lec_2a96290c_fc0dad25,lec_2a96290c,cv101,1,0.95,partially_engaged,49.12,-0.0044,-0.0014,-0.0035,0.0016,-0.0026,-0.0036,13.77,-151.2,-107.48,386.66,3489.32,-174.51,2.28,-3.35,1.71,1.3,3.29,2.35,3.28,2.65,2.03,2.95,2.17,1.52,2.83,5.0,1.81,2.11,2.89,3.62,0.0,2.72,2.1,0.3
2025-11-24T16:06:55.667443,15,student_4_lec_2a96290c_fc0dad25,lec_2a96290c,cv101,1,0.95,partially_engaged,48.29,-0.0021,-0.0008,-0.0035,-0.0001,-0.0011,-0.0035,-163.34,-164.8,-56.18,385.05,3569.48,-178.99,-5.01,-1.25,1.82,1.36,3.18,2.26,3.18,2.74,1.95,3.0,2.08,1.46,2.92,5.0,1.73,2.5,2.5,3.66,0.0,2.63,2.12,0.48
2025-11-24T16:06:56.687993,16,student_4_lec_2a96290c_fc0dad25,lec_2a96290c,cv101,1,0.95,partially_engaged,47.95,-0.0029,-0.0015,-0.0035,-0.0,-0.0013,-0.0035,-159.64,-158.63,-48.34,382.25,3555.49,-178.14,-5.18,-1.22,2.05,1.57,2.95,2.15,3.25,2.85,1.98,2.94,2.09,1.46,2.91,5.0,1.74,2.13,2.87,3.68,0.0,2.67,2.19,0.7
2025-11-24T16:06:57.698346,17,student_4_lec_2a96290c_fc0dad25,lec_2a96290c,cv101,1,0.95,partially_engaged,47.5,-0.0041,-0.0015,-0.0035,-0.0016,-0.0018,-0.0035,-142.93,-155.13,-29.34,376.45,3554.95,-179.23,-7.47,-0.11,2.12,1.63,2.88,2.04,3.3,2.96,1.98,2.96,2.04,1.42,2.96,5.0,1.7,2.09,2.91,3.76,0.0,2.67,2.21,0.92
2025-11-24T16:06:58.744639,18,student_4_lec_2a96290c_fc0dad25,lec_2a96290c,cv101,1,0.95,partially_engaged,48.86,-0.0059,-0.0017,-0.0036,0.0002,-0.0016,-0.0036,27.98,-155.15,-38.53,379.58,3520.6,-176.46,-1.97,-0.57,2.02,1.54,2.98,2.31,3.28,2.69,1.99,2.9,2.16,1.51,2.84,5.0,1.8,2.29,2.71,3.64,0.0,2.72,2.18,0.38
2025-11-24T16:06:59.753199,19,student_4_lec_2a96290c_fc0dad25,lec_2a96290c,cv101,1,0.95,partially_engaged,48.4,-0.0063,-0.0018,-0.0035,0.0009,-0.0031,-0.0034,23.44,-144.87,-20.9,384.2,3492.35,-174.92,-8.23,-0.56,2.09,1.58,2.91,2.15,3.39,2.85,2.07,2.8,2.13,1.49,2.87,5.0,1.77,2.19,2.81,3.58,0.0,2.76,2.19,0.7
2025-11-24T16:07:00.782147,20,student_4_lec_2a96290c_fc0dad25,lec_2a96290c,cv101,1,0.95,partially_engaged,49.46,-0.0018,-0.0013,-0.0036,0.0001,-0.0013,-0.0035,11.91,-160.45,32.42,424.5,3470.28,-173.53,-16.78,2.99,2.47,1.81,2.53,2.57,3.31,2.43,2.09,2.8,1.88,1.32,3.12,5.0,1.57,2.9,2.1,3.38,0.0,2.59,2.27,0
2025-11-24T16:07:01.811947,21,student_4_lec_2a96290c_fc0dad25,lec_2a96290c,cv101,1,0.95,partially_engaged,48.76,-0.0009,-0.001,-0.0037,-0.0001,-0.0021,-0.0036,-172.11,-157.19,19.13,430.4,3439.78,-171.23,-8.64,1.41,2.47,1.85,2.53,2.37,3.27,2.63,2.16,2.67,2.03,1.42,2.97,5.0,1.69,2.79,2.21,3.34,0.0,2.65,2.28,0.26
2025-11-24T16:07:02.817455,22,student_4_lec_2a96290c_fc0dad25,lec_2a96290c,cv101,1,0.95,partially_engaged,49.88,-0.0019,-0.0008,-0.0035,0.0015,-0.0039,-0.0035,2.36,-149.14,-1.15,438.43,3424.01,-170.89,-6.21,1.44,2.36,1.7,2.64,2.56,3.38,2.44,2.16,2.66,2.01,1.41,2.99,5.0,1.68,2.81,2.19,3.29,0.0,2.69,2.23,0
2025-11-24T16:07:03.841964,23,student_4_lec_2a96290c_fc0dad25,lec_2a96290c,cv101,1,0.95,partially_engaged,49.77,-0.0029,-0.0026,-0.0035,0.0011,-0.0007,-0.0034,10.87,-155.94,16.15,456.78,3419.4,-169.97,-9.94,2.72,2.46,1.79,2.54,2.58,3.33,2.42,2.14,2.61,1.99,1.39,3.01,5.0,1.66,2.9,2.1,3.26,0.0,2.66,2.26,0
2025-11-24T16:07:04.894716,24,student_4_lec_2a96290c_fc0dad25,lec_2a96290c,cv101,1,0.95,engaged,50.55,-0.0014,-0.0017,-0.0038,-0.0004,-0.001,-0.0038,-166.95,-160.57,53.51,429.46,3305.21,-172.73,-1.26,1.27,2.3,1.58,2.7,2.69,3.35,2.31,2.18,3.12,2.09,1.46,2.91,5.0,1.74,2.4,2.6,3.43,0.0,2.72,2.19,0
2025-11-24T16:07:05.911794,25,student_4_lec_2a96290c_fc0dad25,lec_2a96290c,cv101,1,0.95,engaged,50.24,-0.0036,-0.0011,-0.0038,-0.0005,-0.0026,-0.0037,-154.11,-154.43,81.92,427.99,3260.96,-169.0,-8.24,2.12,2.49,1.8,2.51,2.53,3.43,2.47,2.28,2.8,2.23,1.56,2.77,5.0,1.86,2.61,2.39,3.32,0.0,2.83,2.27,0
2025-11-24T16:07:06.933627,26,student_4_lec_2a96290c_fc0dad25,lec_2a96290c,cv101,1,0.95,engaged,52.05,-0.0018,-0.0019,-0.0036,0.002,-0.0079,-0.0035,-1.26,-133.29,92.81,379.1,3345.36,-173.75,-8.63,1.57,1.95,1.36,3.05,3.03,3.48,1.97,2.15,2.97,1.88,1.32,3.12,5.0,1.57,2.13,2.87,3.64,0.0,2.68,2.12,0
2025-11-24T16:07:07.943079,27,student_4_lec_2a96290c_fc0dad25,lec_2a96290c,cv101,1,0.95,highly_engaged,75.39,-0.0017,-0.0016,-0.0037,0.0026,0.0006,-0.0037,-5.53,7.41,64.02,373.51,3355.48,-174.27,-2.9,0.12,1.96,1.33,3.04,2.77,3.56,2.23,2.17,2.94,2.01,1.4,2.99,5.0,1.67,2.61,2.39,3.65,0.0,2.79,2.11,0
2025-11-24T16:07:08.963253,28,student_4_lec_2a96290c_fc0dad25,lec_2a96290c,cv101,1,0.95,engaged,51.21,-0.0026,-0.0009,-0.0037,0.0013,-0.0025,-0.0037,7.19,-156.06,56.32,371.75,3301.58,-173.07,-2.3,-0.74,2.09,1.48,2.91,2.7,3.52,2.3,2.19,2.88,2.17,1.52,2.83,5.0,1.81,2.35,2.65,3.6,0.0,2.84,2.16,0
2025-11-24T16:07:10.005191,29,student_4_lec_2a96290c_fc0dad25,lec_2a96290c,cv101,1,0.95,engaged,51.05,-0.0037,-0.0013,-0.0035,0.0018,-0.0055,-0.0035,9.77,-141.29,68.17,349.28,3290.39,-174.35,-6.84,-0.19,2.08,1.47,2.92,2.59,3.69,2.41,2.17,3.03,2.09,1.46,2.91,5.0,1.74,2.47,2.53,3.69,0.0,2.89,2.16,0
2025-11-24T16:07:11.027745,30,student_4_lec_2a96290c_fc0dad25,lec_2a96290c,cv101,1,0.95,engaged,50.44,-0.0005,-0.0008,-0.0037,0.0016,-0.0033,-0.0037,-8.16,-153.2,63.58,358.39,3289.6,-172.65,-1.51,0.21,2.11,1.49,2.89,2.51,3.53,2.49,2.21,3.04,2.18,1.52,2.82,5.0,1.81,2.57,2.43,3.59,0.0,2.85,2.16,0
2025-11-24T16:07:12.058088,31,student_4_lec_2a96290c_fc0dad25,lec_2a96290c,cv101,1,0.95,engaged,51.13,-0.0031,-0.0009,-0.0037,0.0006,-0.0023,-0.0037,15.19,-157.43,49.7,345.3,3234.82,-173.96,1.94,-0.78,2.16,1.61,2.84,2.67,3.49,2.33,2.16,3.1,2.26,1.58,2.74,5.0,1.88,2.1,2.9,3.76,0.0,2.88,2.2,0
2025-11-24T16:07:13.061153,32,student_4_lec_2a96290c_fc0dad25,lec_2a96290c,cv101,1,0.95,partially_engaged,49.03,-0.0025,-0.0008,-0.0037,0.0016,-0.0045,-0.0037,5.47,-148.34,70.89,393.59,3359.18,-171.27,-1.36,1.69,2.65,2.0,2.35,2.31,3.38,2.69,2.24,2.85,2.19,1.53,2.81,5.0,1.83,2.39,2.61,3.49,0.0,2.79,2.33,0.38
2025-11-24T16:07:14.083206,33,student_4_lec_2a96290c_fc0dad25,lec_2a96290c,cv101,1,0.95,partially_engaged,48.58,-0.0014,-0.0003,-0.0037,-0.0021,-0.0081,-0.0036,-154.54,-144.8,59.32,401.47,3273.27,-170.2,1.48,1.92,2.8,2.05,2.2,2.15,3.51,2.85,2.27,2.86,2.14,1.5,2.86,5.0,1.78,2.55,2.45,3.43,0.0,2.83,2.35,0.7
2025-11-24T16:07:15.126013,34,student_4_lec_2a96290c_fc0dad25,lec_2a96290c,cv101,1,0.95,engaged,50.16,-0.0012,-0.005,-0.0038,-0.0019,-0.0032,-0.0039,-158.19,-133.97,35.47,401.19,3271.48,-171.44,0.75,2.31,2.34,1.65,2.66,2.46,3.55,2.54,2.19,2.91,2.15,1.5,2.85,5.0,1.79,2.31,2.69,3.52,0.0,2.85,2.22,0.08
2025-11-24T16:07:16.155855,35,student_4_lec_2a96290c_fc0dad25,lec_2a96290c,cv101,1,0.95,engaged,51.42,-0.0037,-0.0026,-0.0037,-0.0013,-0.0081,-0.0037,-148.23,-130.05,42.01,383.95,3241.56,-171.22,-1.5,0.31,2.15,1.46,2.85,2.71,3.66,2.29,2.23,2.81,2.05,1.44,2.95,5.0,1.71,1.99,3.01,3.5,0.0,2.85,2.15,0
2025-11-24T16:07:17.175955,36,student_4_lec_2a96290c_fc0dad25,lec_2a96290c,cv101,1,0.95,partially_engaged,49.06,-0.0006,-0.0002,-0.0039,0.0008,-0.0021,-0.0041,-0.79,-164.71,-125.9,364.06,3156.14,-174.63,19.21,-2.07,2.33,1.77,2.67,2.34,3.27,2.66,2.13,3.03,2.26,1.58,2.74,5.0,1.89,2.15,2.85,3.7,0.0,2.76,2.26,0.32
2025-11-24T16:07:18.195224,37,student_4_lec_2a96290c_fc0dad25,lec_2a96290c,cv101,1,0.95,partially_engaged,48.17,0.0022,-0.0004,-0.0039,0.001,-0.0086,-0.0042,158.44,-145.06,-188.31,357.21,3093.02,-173.98,20.48,-4.37,2.49,1.85,2.51,2.07,3.42,2.93,2.25,3.27,2.2,1.54,2.8,5.0,1.84,2.2,2.8,3.67,0.0,2.81,2.28,0.86
2025-11-24T16:07:19.203978,38,student_4_lec_2a96290c_fc0dad25,lec_2a96290c,cv101,1,0.95,engaged,62.19,0.0002,0.0005,-0.0039,-0.0,-0.0058,-0.004,-1.02,23.68,-144.54,338.91,3109.66,-176.11,17.54,-2.58,2.28,1.71,2.72,2.53,3.39,2.47,2.25,3.29,2.24,1.56,2.76,5.0,1.86,1.92,3.08,3.8,0.0,2.82,2.24,0
2025-11-24T16:07:20.249842,39,student_4_lec_2a96290c_fc0dad25,lec_2a96290c,cv101,1,0.95,engaged,50.73,0.0003,0.0005,-0.0038,0.0018,-0.0034,-0.0041,166.04,16.0,-164.41,345.28,3075.08,-173.6,20.9,-3.55,2.19,1.6,2.81,2.52,3.53,2.48,2.35,3.03,2.34,1.64,2.66,5.0,1.95,1.84,3.16,3.69,0.0,2.93,2.2,0
2025-11-24T16:07:21.265773,40,student_4_lec_2a96290c_fc0dad25,lec_2a96290c,cv101,1,0.95,partially_engaged,49.51,0.0008,0.0008,-0.0039,0.0011,-0.0051,-0.0041,166.52,19.63,-160.99,344.78,3101.75,-174.7,19.93,-3.94,2.29,1.67,2.71,2.26,3.56,2.74,2.3,3.07,2.25,1.58,2.75,5.0,1.88,2.12,2.88,3.73,0.0,2.91,2.22,0.48
2025-11-24T16:07:22.295758,41,student_4_lec_2a96290c_fc0dad25,lec_2a96290c,cv101,1,0.95,engaged,51.58,-0.0016,-0.0014,-0.0035,0.005,-0.0052,-0.0038,-14.29,-142.32,-192.31,377.26,2991.03,-171.4,22.42,-5.75,1.83,1.15,3.17,2.69,3.71,2.31,2.44,2.85,2.06,1.44,2.94,5.0,1.71,1.61,3.39,3.42,0.0,2.88,2.05,0
2025-11-24T16:07:23.295127,42,student_4_lec_2a96290c_fc0dad25,lec_2a96290c,cv101,0,0.0,no_face,0.0,0.0,0.0,0.0,0.0,0.0,0.0,0.0,0.0,0.0,0.0,0.0,0.0,0.0,0.0,0.0,0.0,0.0,0.0,0.0,0.0,0.0,0.0,0.0,0.0,0.0,0.0,0.0,0.0,0.0,0.0,0.0,0.0,0.0,0.0
2025-11-24T16:07:24.326325,43,student_4_lec_2a96290c_fc0dad25,lec_2a96290c,cv101,1,0.95,engaged,54.76,0.005,-0.0037,-0.0041,0.0019,-0.0042,-0.0047,143.61,-138.18,388.2,-471.3,-2773.12,-153.52,35.3,-177.99,2.89,2.0,2.11,2.78,4.62,2.22,3.06,3.14,2.42,1.7,2.58,3.97,2.02,1.77,3.23,2.76,0.0,3.52,2.33,0
2025-11-24T16:07:25.357036,44,student_4_lec_2a96290c_fc0dad25,lec_2a96290c,cv101,0,0.0,no_face,0.0,0.0,0.0,0.0,0.0,0.0,0.0,0.0,0.0,0.0,0.0,0.0,0.0,0.0,0.0,0.0,0.0,0.0,0.0,0.0,0.0,0.0,0.0,0.0,0.0,0.0,0.0,0.0,0.0,0.0,0.0,0.0,0.0,0.0,0.0
2025-11-24T16:07:26.389800,45,student_4_lec_2a96290c_fc0dad25,lec_2a96290c,cv101,1,0.95,engaged,55.89,-0.0007,-0.0044,-0.0043,0.0015,-0.0018,-0.0046,-4.51,-146.31,-227.68,289.46,2668.71,-166.26,21.43,-2.36,2.34,1.53,2.66,3.19,4.31,1.81,2.67,3.16,2.44,1.71,2.56,5.0,2.03,1.66,3.34,3.72,0.0,3.38,2.18,0
2025-11-24T16:07:27.409626,46,student_4_lec_2a96290c_fc0dad25,lec_2a96290c,cv101,1,0.95,engaged,52.27,0.0024,0.0044,-0.004,0.0049,-0.0018,-0.0044,140.22,-12.52,-259.43,322.18,2719.37,-168.01,22.65,-5.54,3.05,2.27,1.95,2.73,3.88,2.27,2.77,3.22,2.3,1.61,2.7,5.0,1.92,1.91,3.09,3.68,0.0,3.09,2.42,0
2025-11-24T16:07:28.414911,47,student_4_lec_2a96290c_fc0dad25,lec_2a96290c,cv101,0,0.0,no_face,0.0,0.0,0.0,0.0,0.0,0.0,0.0,0.0,0.0,0.0,0.0,0.0,0.0,0.0,0.0,0.0,0.0,0.0,0.0,0.0,0.0,0.0,0.0,0.0,0.0,0.0,0.0,0.0,0.0,0.0,0.0,0.0,0.0,0.0,0.0
2025-11-24T16:07:29.445964,48,student_4_lec_2a96290c_fc0dad25,lec_2a96290c,cv101,1,0.95,engaged,53.62,0.0026,-0.0001,-0.0041,0.0067,-0.0038,-0.0046,136.03,-159.78,440.27,-561.8,-2727.46,-145.08,30.76,-178.98,2.79,1.75,2.21,2.29,4.91,2.71,3.05,2.67,2.49,1.74,2.51,3.81,2.07,2.58,2.42,2.41,0.0,3.7,2.25,0.42
2025-11-24T16:07:30.483148,49,student_4_lec_2a96290c_fc0dad25,lec_2a96290c,cv101,1,0.95,engaged,55.7,0.0023,-0.0018,-0.0041,0.0067,-0.0048,-0.0046,137.61,-145.37,462.76,-620.45,-2661.2,-138.02,28.45,-176.97,2.9,1.72,2.1,2.66,4.92,2.34,3.24,2.48,2.74,1.92,2.26,3.88,2.28,2.79,2.21,2.32,0.0,3.83,2.24,0
2025-11-24T16:07:31.508974,50,student_4_lec_2a96290c_fc0dad25,lec_2a96290c,cv101,1,0.95,engaged,58.12,-0.0009,-0.0028,-0.0045,0.0057,-0.0039,-0.0049,-19.36,-144.51,438.25,-604.58,-2532.38,-139.11,30.1,-175.9,2.74,1.57,2.26,3.05,5.0,1.95,3.36,3.06,3.01,2.1,1.99,4.17,2.51,2.29,2.71,2.69,0.0,4.0,2.19,0
2025-11-24T16:07:32.531676,51,student_4_lec_2a96290c_fc0dad25,lec_2a96290c,cv101,0,0.0,no_face,0.0,0.0,0.0,0.0,0.0,0.0,0.0,0.0,0.0,0.0,0.0,0.0,0.0,0.0,0.0,0.0,0.0,0.0,0.0,0.0,0.0,0.0,0.0,0.0,0.0,0.0,0.0,0.0,0.0,0.0,0.0,0.0,0.0,0.0,0.0
2025-11-24T16:07:33.536803,52,student_4_lec_2a96290c_fc0dad25,lec_2a96290c,cv101,0,0.0,no_face,0.0,0.0,0.0,0.0,0.0,0.0,0.0,0.0,0.0,0.0,0.0,0.0,0.0,0.0,0.0,0.0,0.0,0.0,0.0,0.0,0.0,0.0,0.0,0.0,0.0,0.0,0.0,0.0,0.0,0.0,0.0,0.0,0.0,0.0,0.0
2025-11-24T16:07:34.555972,53,student_4_lec_2a96290c_fc0dad25,lec_2a96290c,cv101,1,0.95,engaged,59.36,0.0081,-0.0135,-0.0052,0.009,-0.0136,-0.0059,123.0,-112.19,626.09,-452.5,-2180.54,-146.86,45.27,-173.72,3.5,2.51,1.5,3.4,5.0,1.6,3.93,3.58,3.03,2.12,1.97,5.0,2.53,1.98,3.02,3.91,0.0,4.01,2.5,0
2025-11-24T16:07:35.553859,54,student_4_lec_2a96290c_fc0dad25,lec_2a96290c,cv101,0,0.0,no_face,0.0,0.0,0.0,0.0,0.0,0.0,0.0,0.0,0.0,0.0,0.0,0.0,0.0,0.0,0.0,0.0,0.0,0.0,0.0,0.0,0.0,0.0,0.0,0.0,0.0,0.0,0.0,0.0,0.0,0.0,0.0,0.0,0.0,0.0,0.0
2025-11-24T16:07:36.566675,55,student_4_lec_2a96290c_fc0dad25,lec_2a96290c,cv101,1,0.95,engaged,57.09,-0.0056,-0.0023,-0.005,0.003,-0.0058,-0.0052,9.15,-143.29,-202.36,255.1,2494.93,-170.58,13.65,-2.7,2.9,2.05,2.1,3.29,4.53,1.71,2.87,3.76,2.64,1.85,2.36,5.0,2.2,1.72,3.28,4.34,0.0,3.58,2.35,0
2025-11-24T16:07:37.588099,56,student_4_lec_2a96290c_fc0dad25,lec_2a96290c,cv101,1,0.95,engaged,57.69,-0.003,-0.0026,-0.0046,0.0012,-0.0038,-0.0049,9.68,-146.75,-142.44,212.66,2506.53,-172.74,22.15,1.47,2.5,1.69,2.5,3.59,4.1,1.41,2.64,4.2,2.82,1.97,2.18,5.0,2.35,1.42,3.58,4.67,0.0,3.46,2.23,0
2025-11-24T16:07:38.602106,57,student_4_lec_2a96290c_fc0dad25,lec_2a96290c,cv101,1,0.95,engaged,54.53,-0.0064,-0.005,-0.0042,0.0003,-0.0019,-0.0039,26.64,-141.59,215.59,156.05,2598.13,-175.52,-27.88,7.93,2.75,2.09,2.25,2.79,4.44,2.21,2.21,3.53,2.55,1.79,2.45,5.0,2.13,1.23,3.77,4.91,0.0,3.5,2.36,0
2025-11-24T16:07:39.621156,58,student_4_lec_2a96290c_fc0dad25,lec_2a96290c,cv101,1,0.95,engaged,54.15,-0.0039,-0.002,-0.0048,0.0034,-0.0024,-0.0046,1.28,-155.07,172.78,170.82,2715.51,-174.69,-10.1,3.41,2.81,2.17,2.19,2.92,4.1,2.08,2.51,4.03,2.55,1.78,2.45,5.0,2.12,1.89,3.11,4.64,0.0,3.32,2.39,0
2025-11-24T16:07:40.641040,59,student_4_lec_2a96290c_fc0dad25,lec_2a96290c,cv101,1,0.95,engaged,56.77,-0.0033,-0.0017,-0.0045,-0.0032,-0.0044,-0.0047,-144.84,-148.35,-91.34,235.15,2518.16,-167.42,24.14,-0.88,2.56,1.7,2.44,3.42,4.18,1.58,2.87,3.52,2.6,1.82,2.4,5.0,2.16,1.72,3.28,4.13,0.0,3.39,2.23,0
2025-11-24T16:07:41.649185,60,student_4_lec_2a96290c_fc0dad25,lec_2a96290c,cv101,1,0.95,engaged,55.11,-0.0005,-0.0026,-0.0048,0.0015,-0.0095,-0.0049,-5.7,-134.62,-23.31,239.89,2637.69,-170.36,13.11,-0.53,2.54,1.79,2.46,3.04,4.16,1.96,2.64,3.78,2.63,1.84,2.37,5.0,2.19,2.18,2.82,4.18,0.0,3.4,2.26,0
2025-11-24T16:07:42.676648,61,student_4_lec_2a96290c_fc0dad25,lec_2a96290c,cv101,1,0.95,engaged,56.32,-0.0022,-0.0023,-0.0047,-0.0002,-0.0041,-0.0047,-166.0,-146.61,51.31,259.77,2632.14,-167.35,0.31,-1.45,2.61,1.76,2.39,3.19,4.33,1.81,2.76,3.46,2.69,1.88,2.31,5.0,2.24,1.09,3.91,4.03,0.0,3.51,2.25,0
2025-11-24T16:07:43.717134,62,student_4_lec_2a96290c_fc0dad25,lec_2a96290c,cv101,1,0.95,engaged,56.36,-0.0028,-0.002,-0.0046,0.0013,-0.0049,-0.0046,8.13,-145.08,30.72,268.82,2619.76,-166.62,10.49,-0.73,2.71,1.84,2.29,3.25,4.32,1.75,2.79,3.41,2.6,1.82,2.4,5.0,2.16,2.01,2.99,3.93,0.0,3.46,2.28,0
2025-11-24T16:07:44.742849,63,student_4_lec_2a96290c_fc0dad25,lec_2a96290c,cv101,1,0.95,engaged,56.28,-0.0028,-0.001,-0.0044,0.002,-0.0042,-0.0043,3.96,-151.58,112.07,195.35,2625.68,-171.47,-14.4,-3.2,2.15,1.45,2.85,3.16,4.37,1.84,2.68,3.94,2.62,1.83,2.38,5.0,2.18,1.16,3.84,4.5,0.0,3.5,2.15,0
2025-11-24T16:07:45.765007,64,student_4_lec_2a96290c_fc0dad25,lec_2a96290c,cv101,1,0.95,engaged,56.13,-0.0035,0.001,-0.0048,-0.0015,-0.0063,-0.0047,-152.58,20.82,113.73,181.67,2633.67,-173.22,-9.24,-2.79,2.63,1.92,2.37,3.2,4.35,1.8,2.61,4.17,2.56,1.79,2.44,5.0,2.14,1.49,3.51,4.52,0.0,3.46,2.31,0
2025-11-24T16:07:46.772891,65,student_4_lec_2a96290c_fc0dad25,lec_2a96290c,cv101,1,0.95,engaged,58.27,-0.0046,-0.0043,-0.0046,-0.0004,-0.0013,-0.0044,-155.33,-150.24,164.57,158.4,2612.86,-174.28,-19.72,-1.95,2.11,1.37,2.89,3.66,4.45,1.34,2.58,4.01,2.4,1.68,2.6,5.0,2.0,1.15,3.85,4.64,0.0,3.42,2.12,0
2025-11-24T16:07:47.798261,66,student_4_lec_2a96290c_fc0dad25,lec_2a96290c,cv101,1,0.95,engaged,56.66,-0.0035,-0.0023,-0.0047,-0.0023,-0.0019,-0.0047,-148.57,-156.2,49.67,160.26,2598.63,-173.26,7.38,-1.86,2.38,1.69,2.62,3.22,4.38,1.78,2.71,4.0,2.72,1.9,2.28,5.0,2.26,1.44,3.56,4.73,0.0,3.55,2.23,0
2025-11-24T16:07:48.842136,67,student_4_lec_2a96290c_fc0dad25,lec_2a96290c,cv101,1,0.95,engaged,57.38,-0.0027,-0.0057,-0.0049,-0.0008,-0.0042,-0.0046,-160.63,-134.25,215.73,156.31,2586.12,-175.37,-22.16,1.46,2.72,1.94,2.28,3.46,4.49,1.54,2.58,4.06,2.43,1.7,2.57,5.0,2.02,0.94,4.06,4.69,0.0,3.46,2.31,0
2025-11-24T16:07:49.867053,68,student_4_lec_2a96290c_fc0dad25,lec_2a96290c,cv101,1,0.95,engaged,58.2,-0.002,-0.0024,-0.0048,-0.0001,-0.0025,-0.0044,-167.8,-151.73,274.49,144.99,2543.6,-173.54,-27.15,2.26,2.72,1.93,2.28,3.76,4.4,1.24,2.5,4.16,2.3,1.61,2.7,5.0,1.92,0.67,4.33,4.8,0.0,3.35,2.31,0
2025-11-24T16:07:50.888043,69,student_4_lec_2a96290c_fc0dad25,lec_2a96290c,cv101,1,0.95,engaged,57.2,-0.0018,-0.0033,-0.0049,-0.0011,-0.0023,-0.0046,-162.79,-149.7,263.06,155.09,2550.06,-170.47,-22.39,1.0,2.98,2.23,2.02,3.44,4.45,1.56,2.68,3.74,2.49,1.74,2.51,5.0,2.07,1.1,3.9,4.43,0.0,3.47,2.41,0
2025-11-24T16:07:51.900850,70,student_4_lec_2a96290c_fc0dad25,lec_2a96290c,cv101,1,0.95,engaged,57.3,-0.0033,-0.0012,-0.0047,0.0014,-0.0067,-0.0045,8.83,-144.65,194.65,176.13,2533.68,-173.11,-21.24,1.27,3.13,2.32,1.87,3.45,4.47,1.55,2.69,3.92,2.51,1.76,2.49,5.0,2.09,1.05,3.95,4.62,0.0,3.49,2.44,0
2025-11-24T16:07:52.919149,71,student_4_lec_2a96290c_fc0dad25,lec_2a96290c,cv101,1,0.95,engaged,57.7,-0.0009,-0.0019,-0.0048,-0.0015,-0.0048,-0.0046,-165.77,-146.44,186.03,217.95,2522.55,-169.33,-18.23,0.64,3.07,2.23,1.93,3.57,4.41,1.43,2.8,3.84,2.52,1.76,2.48,5.0,2.1,1.53,3.47,4.29,0.0,3.46,2.41,0
2025-11-24T16:07:53.969232,72,student_4_lec_2a96290c_fc0dad25,lec_2a96290c,cv101,1,0.95,engaged,58.16,-0.0022,-0.0035,-0.0047,-0.0027,-0.0079,-0.0045,-151.74,-131.49,152.79,267.36,2581.97,-169.11,-16.34,2.51,3.15,2.19,1.85,3.74,4.44,1.26,2.84,3.65,2.31,1.62,2.69,5.0,1.93,1.9,3.1,4.06,0.0,3.38,2.4,0
2025-11-24T16:07:54.987809,73,student_4_lec_2a96290c_fc0dad25,lec_2a96290c,cv101,1,0.95,engaged,58.24,-0.0025,-0.0018,-0.0047,0.0003,-0.0077,-0.0046,11.97,-140.08,145.09,291.3,2554.56,-164.62,-11.56,1.48,3.37,2.32,1.63,3.62,4.58,1.38,2.97,3.02,2.46,1.72,2.54,5.0,2.05,1.66,3.34,3.63,0.0,3.52,2.44,0
2025-11-24T16:07:56.008222,74,student_4_lec_2a96290c_fc0dad25,lec_2a96290c,cv101,1,0.95,engaged,58.13,-0.0023,-0.0039,-0.0048,-0.0022,-0.0055,-0.0045,-154.15,-135.07,263.63,185.82,2504.02,-172.79,-26.36,3.14,3.14,2.33,1.86,3.69,4.44,1.31,2.61,4.0,2.44,1.71,2.56,5.0,2.03,1.16,3.84,4.65,0.0,3.44,2.44,0
2025-11-24T16:07:57.018179,75,student_4_lec_2a96290c_fc0dad25,lec_2a96290c,cv101,1,0.95,engaged,58.95,-0.0022,-0.0028,-0.0048,-0.0005,-0.0019,-0.0045,-164.39,-153.24,268.94,180.31,2458.39,-170.85,-26.62,2.57,3.13,2.27,1.87,3.87,4.47,1.13,2.74,4.19,2.41,1.69,2.59,5.0,2.01,0.95,4.05,4.55,0.0,3.44,2.42,0
2025-11-24T16:07:58.038298,76,student_4_lec_2a96290c_fc0dad25,lec_2a96290c,cv101,1,0.95,engaged,59.37,-0.0038,-0.0052,-0.0049,-0.0035,-0.0056,-0.0045,-142.31,-131.2,290.06,180.03,2449.72,-171.95,-25.57,3.34,2.97,2.13,2.03,3.86,4.53,1.14,2.76,3.93,2.56,1.79,2.44,5.0,2.13,0.6,4.4,4.56,0.0,3.54,2.38,0
2025-11-24T16:07:59.054542,77,student_4_lec_2a96290c_fc0dad25,lec_2a96290c,cv101,1,0.95,engaged,60.57,-0.0017,-0.0038,-0.0049,-0.0026,-0.0017,-0.0046,-155.79,-150.91,281.5,179.32,2433.49,-170.49,-25.66,2.5,3.17,2.3,1.83,4.15,4.59,0.85,2.77,3.91,2.47,1.73,2.53,5.0,2.06,0.78,4.22,4.55,0.0,3.53,2.43,0
2025-11-24T16:08:00.072131,78,student_4_lec_2a96290c_fc0dad25,lec_2a96290c,cv101,1,0.95,engaged,59.04,-0.0021,-0.0031,-0.0049,-0.0032,-0.0008,-0.0045,-150.78,-158.98,284.32,180.52,2448.78,-171.88,-25.45,2.95,3.23,2.36,1.77,3.78,4.58,1.22,2.78,4.01,2.53,1.77,2.47,5.0,2.11,0.5,4.5,4.57,0.0,3.55,2.45,0
2025-11-24T16:08:01.094720,79,student_4_lec_2a96290c_fc0dad25,lec_2a96290c,cv101,1,0.95,engaged,59.57,-0.0038,-0.0036,-0.0049,-0.0001,-0.0059,-0.0046,-160.59,-135.74,267.77,204.06,2365.43,-169.46,-25.53,3.66,3.49,2.6,1.51,3.9,4.73,1.1,2.85,3.74,2.36,1.65,2.64,5.0,1.96,1.47,3.53,4.52,0.0,3.54,2.53,0
2025-11-24T16:08:02.103243,80,student_4_lec_2a96290c_fc0dad25,lec_2a96290c,cv101,1,0.95,engaged,59.37,-0.0018,-0.0037,-0.0051,-0.0018,-0.0064,-0.0048,-159.97,-135.47,260.68,228.36,2350.49,-167.85,-23.24,3.25,3.65,2.7,1.35,3.9,4.56,1.1,2.86,4.07,2.52,1.77,2.48,5.0,2.1,1.05,3.95,4.47,0.0,3.54,2.57,0
2025-11-24T16:08:03.125206,81,student_4_lec_2a96290c_fc0dad25,lec_2a96290c,cv101,1,0.95,engaged,59.55,-0.0011,-0.0042,-0.0051,0.0009,-0.0029,-0.0047,0.59,-144.56,257.25,240.66,2333.07,-167.32,-23.31,4.29,3.84,2.8,1.16,3.88,4.64,1.12,2.87,3.81,2.57,1.8,2.43,5.0,2.14,1.04,3.96,4.33,0.0,3.6,2.6,0
2025-11-24T16:08:04.168820,82,student_4_lec_2a96290c_fc0dad25,lec_2a96290c,cv101,1,0.95,engaged,59.59,-0.0024,-0.0042,-0.0051,0.0011,-0.0006,-0.0047,6.06,-156.9,252.11,245.16,2326.57,-166.25,-22.41,2.77,3.67,2.71,1.33,3.86,4.63,1.14,2.98,3.98,2.64,1.85,2.36,5.0,2.2,1.11,3.89,4.27,0.0,3.63,2.57,0
2025-11-24T16:08:05.189017,83,student_4_lec_2a96290c_fc0dad25,lec_2a96290c,cv101,1,0.95,engaged,59.54,-0.0035,-0.0055,-0.0052,-0.0024,-0.0013,-0.0048,-149.76,-148.96,244.16,241.43,2289.14,-166.66,-24.74,1.65,3.49,2.55,1.51,3.72,4.79,1.28,2.94,3.98,2.68,1.87,2.32,5.0,2.23,0.95,4.05,4.45,0.0,3.74,2.52,0
2025-11-24T16:08:06.215254,84,student_4_lec_2a96290c_fc0dad25,lec_2a96290c,cv101,1,0.95,engaged,58.85,-0.0024,-0.005,-0.0052,-0.0003,-0.003,-0.0048,-165.9,-142.18,236.64,258.65,2289.21,-165.0,-20.73,2.17,3.84,2.81,1.16,3.6,4.77,1.4,3.02,3.71,2.66,1.86,2.34,5.0,2.22,1.36,3.64,4.27,0.0,3.71,2.6,0
2025-11-24T16:08:07.224532,85,student_4_lec_2a96290c_fc0dad25,lec_2a96290c,cv101,1,0.95,engaged,59.76,-0.0025,-0.0019,-0.0053,-0.0081,-0.0023,-0.005,-138.46,-158.05,212.0,250.89,2353.37,-166.77,-19.05,1.67,3.49,2.52,1.51,3.75,4.81,1.25,3.03,3.86,2.7,1.89,2.3,5.0,2.25,1.24,3.76,4.25,0.0,3.75,2.51,0
2025-11-24T16:08:08.245524,86,student_4_lec_2a96290c_fc0dad25,lec_2a96290c,cv101,1,0.95,partially_engaged,49.87,0.001,0.0004,-0.0038,0.0051,-0.0097,-0.004,146.77,30.78,137.93,-226.96,-2647.86,-177.31,39.82,-178.71,2.19,1.56,2.81,2.14,3.77,2.86,2.25,4.95,2.41,1.69,2.59,5.0,2.01,0.63,4.37,5.0,0.0,3.09,2.19,0.72
2025-11-24T16:08:09.287251,87,student_4_lec_2a96290c_fc0dad25,lec_2a96290c,cv101,1,0.95,engaged,56.58,0.0053,-0.0046,-0.0044,-0.0037,-0.0027,-0.0049,-6.28,-142.77,-211.33,251.21,2402.16,-165.81,27.82,-1.11,2.72,1.82,2.28,3.2,4.58,1.8,2.91,2.99,2.45,1.71,2.55,5.0,2.04,1.32,3.68,4.07,0.0,3.52,2.27,0
2025-11-24T16:08:10.314094,88,student_4_lec_2a96290c_fc0dad25,lec_2a96290c,cv101,1,0.95,engaged,54.22,0.0029,-0.0003,-0.0046,0.0005,-0.0021,-0.0048,160.61,-166.14,-142.74,188.28,2527.62,-173.33,24.45,-2.66,2.36,1.66,2.64,2.76,4.44,2.24,2.74,4.13,2.37,1.66,2.63,5.0,1.98,0.95,4.05,4.53,0.0,3.41,2.22,0
2025-11-24T16:08:11.342254,89,student_4_lec_2a96290c_fc0dad25,lec_2a96290c,cv101,1,0.95,engaged,54.33,-0.0003,-0.0014,-0.0044,0.0023,-0.004,-0.0045,-12.02,-150.39,-110.01,158.66,2626.0,-176.51,21.07,-2.96,2.49,1.81,2.51,3.0,4.2,2.0,2.6,4.31,2.24,1.57,2.76,5.0,1.86,1.3,3.7,4.78,0.0,3.22,2.27,0
2025-11-24T16:08:12.353549,90,student_4_lec_2a96290c_fc0dad25,lec_2a96290c,cv101,1,0.95,engaged,55.72,-0.001,-0.001,-0.0046,0.0003,-0.0021,-0.0048,4.14,-161.7,-53.19,133.02,2653.0,-177.54,19.99,-3.45,2.0,1.42,3.0,3.17,4.24,1.83,2.49,4.38,2.47,1.73,2.53,5.0,2.06,1.35,3.65,4.93,0.0,3.36,2.14,0
2025-11-24T16:08:13.370398,91,student_4_lec_2a96290c_fc0dad25,lec_2a96290c,cv101,1,0.95,engaged,52.79,0.0012,0.0011,-0.0046,0.0015,0.0001,-0.0048,163.73,172.82,-116.76,157.21,2613.61,-179.44,22.61,-2.98,2.57,1.96,2.43,2.73,3.95,2.27,2.58,4.26,2.43,1.7,2.57,5.0,2.02,1.49,3.51,4.85,0.0,3.19,2.32,0
2025-11-24T16:08:14.407952,92,student_4_lec_2a96290c_fc0dad25,lec_2a96290c,cv101,1,0.95,engaged,53.51,0.0008,-0.0015,-0.0046,0.0022,-0.0005,-0.0049,163.07,-167.96,-130.32,173.46,2613.45,-175.47,23.85,-2.58,2.79,2.1,2.21,2.78,4.19,2.22,2.62,3.82,2.38,1.67,2.62,5.0,1.99,1.4,3.6,4.73,0.0,3.29,2.37,0
2025-11-24T16:08:15.431012,93,student_4_lec_2a96290c_fc0dad25,lec_2a96290c,cv101,1,0.95,engaged,52.34,0.0012,0.0007,-0.0046,0.0013,-0.0037,-0.0049,165.3,14.06,-98.99,174.95,2560.78,-175.83,23.05,-1.64,2.92,2.25,2.08,2.5,4.12,2.5,2.63,4.05,2.53,1.77,2.47,5.0,2.11,1.44,3.56,4.7,0.0,3.33,2.42,0
2025-11-24T16:08:16.454980,94,student_4_lec_2a96290c_fc0dad25,lec_2a96290c,cv101,1,0.95,engaged,54.25,-0.001,-0.0007,-0.0046,0.0018,-0.0016,-0.0048,-4.21,-166.18,-96.87,186.89,2605.81,-173.69,21.15,-1.89,2.58,1.91,2.42,2.88,4.24,2.12,2.66,3.84,2.44,1.71,2.56,5.0,2.03,1.62,3.38,4.54,0.0,3.34,2.3,0
2025-11-24T16:08:17.467267,95,student_4_lec_2a96290c_fc0dad25,lec_2a96290c,cv101,1,0.95,engaged,51.7,0.0012,0.0017,-0.0047,0.0022,-0.0034,-0.005,160.82,7.17,-127.77,188.93,2609.82,-175.34,22.76,-3.03,2.91,2.2,2.09,2.41,4.09,2.59,2.66,4.01,2.43,1.7,2.57,5.0,2.02,1.71,3.29,4.49,0.0,3.26,2.4,0.18
2025-11-24T16:08:18.484927,96,student_4_lec_2a96290c_fc0dad25,lec_2a96290c,cv101,1,0.95,engaged,53.8,0.0013,0.0024,-0.0046,0.0004,-0.0023,-0.0049,169.52,-1.27,-125.29,198.55,2594.68,-173.55,21.92,-2.08,2.61,1.88,2.39,2.83,4.18,2.17,2.68,3.92,2.39,1.67,2.61,5.0,1.99,1.47,3.53,4.44,0.0,3.29,2.29,0
2025-11-24T16:08:19.528314,97,student_4_lec_2a96290c_fc0dad25,lec_2a96290c,cv101,1,0.95,engaged,53.04,0.0023,-0.0007,-0.0043,0.0018,-0.0004,-0.0045,155.31,-172.52,-134.49,176.58,2605.93,-172.87,25.02,-2.85,2.49,1.83,2.51,2.53,4.4,2.47,2.69,3.93,2.36,1.65,2.64,5.0,1.96,1.27,3.73,4.53,0.0,3.38,2.28,0
2025-11-24T16:08:20.549657,98,student_4_lec_2a96290c_fc0dad25,lec_2a96290c,cv101,1,0.95,engaged,52.92,-0.0002,-0.0005,-0.0045,0.0018,-0.0013,-0.0047,-8.94,-169.16,-130.12,179.08,2608.92,-173.32,24.0,-2.24,2.61,1.97,2.39,2.55,4.29,2.45,2.6,4.0,2.43,1.7,2.57,5.0,2.02,1.48,3.52,4.59,0.0,3.36,2.32,0
2025-11-24T16:08:21.574277,99,student_4_lec_2a96290c_fc0dad25,lec_2a96290c,cv101,1,0.95,engaged,52.48,-0.001,-0.0009,-0.0046,0.0005,-0.0047,-0.0048,2.91,-152.31,-124.37,196.53,2595.98,-173.54,24.11,-2.08,2.7,2.01,2.3,2.63,4.09,2.37,2.63,3.81,2.3,1.61,2.7,5.0,1.92,1.59,3.41,4.41,0.0,3.19,2.34,0
2025-11-24T16:08:22.590645,100,student_4_lec_2a96290c_fc0dad25,lec_2a96290c,cv101,1,0.95,engaged,53.32,-0.0005,0.0002,-0.0045,-0.0007,-0.0014,-0.0048,-172.63,6.62,-137.25,197.79,2571.36,-173.83,26.43,-2.24,2.54,1.8,2.46,2.76,4.17,2.24,2.63,3.83,2.3,1.61,2.7,5.0,1.92,1.56,3.44,4.51,0.0,3.23,2.27,0
2025-11-24T16:08:23.607728,101,student_4_lec_2a96290c_fc0dad25,lec_2a96290c,cv101,1,0.95,engaged,54.68,0.0067,-0.0041,-0.0045,0.001,-0.0034,-0.0048,145.9,-140.89,-143.45,212.07,2545.85,-170.46,26.53,-1.91,2.33,1.59,2.67,2.94,4.37,2.06,2.7,3.67,2.29,1.61,2.71,5.0,1.91,1.85,3.15,4.27,0.0,3.33,2.2,0
2025-11-24T16:08:24.644522,102,student_4_lec_2a96290c_fc0dad25,lec_2a96290c,cv101,1,0.95,engaged,54.44,0.0027,-0.0002,-0.0044,0.0013,-0.0043,-0.0047,156.56,-157.45,-145.39,217.52,2554.24,-168.7,26.23,-2.11,2.7,1.97,2.3,2.94,4.3,2.06,2.73,3.64,2.33,1.63,2.67,5.0,1.94,1.77,3.23,4.21,0.0,3.31,2.32,0
2025-11-24T16:08:25.672755,103,student_4_lec_2a96290c_fc0dad25,lec_2a96290c,cv101,1,0.95,engaged,54.91,0.0045,0.002,-0.0043,0.0015,-0.0058,-0.0047,147.93,13.43,-152.72,214.02,2529.77,-168.91,27.94,-1.53,2.54,1.79,2.46,3.01,4.37,1.99,2.74,3.6,2.28,1.6,2.72,5.0,1.9,1.61,3.39,4.22,0.0,3.33,2.26,0
2025-11-24T16:08:26.701246,104,student_4_lec_2a96290c_fc0dad25,lec_2a96290c,cv101,1,0.95,engaged,55.25,0.0038,-0.0054,-0.0044,0.0006,-0.0056,-0.0047,155.78,-129.62,-138.53,217.12,2524.79,-168.11,27.8,-1.24,2.75,1.92,2.25,3.04,4.38,1.96,2.75,3.46,2.41,1.69,2.59,5.0,2.01,1.68,3.32,4.15,0.0,3.4,2.31,0
2025-11-24T16:08:27.710157,105,student_4_lec_2a96290c_fc0dad25,lec_2a96290c,cv101,1,0.95,engaged,53.72,0.0002,0.0008,-0.0046,0.0001,-0.0027,-0.0049,178.43,9.86,-147.34,192.75,2588.21,-174.93,23.72,-3.85,2.45,1.76,2.55,2.84,4.16,2.16,2.67,4.01,2.33,1.63,2.67,5.0,1.94,1.75,3.25,4.51,0.0,3.25,2.25,0
2025-11-24T16:08:28.726822,106,student_4_lec_2a96290c_fc0dad25,lec_2a96290c,cv101,1,0.95,engaged,54.68,-0.0,-0.0016,-0.0044,0.0027,-0.005,-0.0048,-14.83,-147.27,-143.82,189.26,2574.44,-173.78,23.62,-2.55,2.24,1.56,2.76,2.93,4.26,2.07,2.67,4.08,2.47,1.73,2.53,5.0,2.06,1.57,3.43,4.43,0.0,3.37,2.19,0
2025-11-24T16:08:29.774083,107,student_4_lec_2a96290c_fc0dad25,lec_2a96290c,cv101,1,0.95,engaged,54.12,0.001,-0.0011,-0.0046,0.0063,-0.006,-0.0049,147.68,-148.18,-155.14,193.55,2554.28,-173.61,23.57,-2.71,2.5,1.77,2.5,2.91,4.16,2.09,2.65,3.94,2.39,1.67,2.61,5.0,1.99,1.66,3.34,4.44,0.0,3.28,2.26,0
2025-11-24T16:08:30.794618,108,student_4_lec_2a96290c_fc0dad25,lec_2a96290c,cv101,1,0.95,engaged,56.01,-0.0005,-0.0035,-0.0046,-0.0042,-0.0033,-0.005,-156.86,-144.72,-174.97,217.96,2525.17,-169.99,23.15,-2.64,2.25,1.49,2.75,3.11,4.4,1.89,2.73,3.84,2.55,1.78,2.45,5.0,2.12,1.23,3.77,4.36,0.0,3.48,2.16,0
2025-11-24T16:08:31.815304,109,student_4_lec_2a96290c_fc0dad25,lec_2a96290c,cv101,1,0.95,engaged,53.48,0.0054,0.0049,-0.0045,0.0091,-0.0105,-0.0049,124.01,8.77,-173.03,238.1,2566.43,-167.52,22.83,-1.98,3.13,2.32,1.87,2.73,4.15,2.27,2.75,3.55,2.58,1.81,2.42,5.0,2.15,1.69,3.31,4.05,0.0,3.37,2.44,0
2025-11-24T16:08:32.830977,110,student_4_lec_2a96290c_fc0dad25,lec_2a96290c,cv101,1,0.95,engaged,55.19,0.004,-0.0003,-0.0046,-0.0008,-0.0059,-0.005,-16.45,-153.0,-153.74,232.73,2507.74,-167.14,26.09,-1.14,2.79,1.99,2.21,3.0,4.34,2.0,2.8,3.43,2.55,1.78,2.45,5.0,2.12,1.68,3.32,4.12,0.0,3.44,2.33,0
2025-11-24T16:08:33.847834,111,student_4_lec_2a96290c_fc0dad25,lec_2a96290c,cv101,1,0.95,engaged,54.16,0.0027,-0.0018,-0.0044,0.0013,-0.0044,-0.0048,156.71,-147.74,-130.83,242.09,2522.34,-165.21,24.21,-0.26,3.2,2.36,1.8,2.73,4.32,2.27,2.77,3.37,2.72,1.91,2.28,5.0,2.27,1.69,3.31,4.03,0.0,3.52,2.45,0
2025-11-24T16:08:34.891167,112,student_4_lec_2a96290c_fc0dad25,lec_2a96290c,cv101,1,0.95,engaged,56.35,-0.0019,-0.0021,-0.0049,0.0004,-0.0033,-0.005,8.48,-151.45,-6.0,234.97,2610.53,-171.73,14.18,0.61,2.43,1.65,2.57,3.28,4.07,1.72,2.68,3.92,2.86,2.0,2.14,5.0,2.38,1.75,3.25,4.31,0.0,3.46,2.22,0
2025-11-24T16:08:35.909443,113,student_4_lec_2a96290c_fc0dad25,lec_2a96290c,cv101,1,0.95,engaged,56.11,-0.0016,-0.0033,-0.0049,0.0003,-0.0039,-0.0051,7.44,-144.04,-42.55,254.74,2540.74,-166.04,12.92,0.83,2.79,1.95,2.21,3.06,4.44,1.94,2.75,3.38,2.76,1.93,2.24,5.0,2.3,1.5,3.5,4.14,0.0,3.6,2.32,0
2025-11-24T16:08:36.934310,114,student_4_lec_2a96290c_fc0dad25,lec_2a96290c,cv101,1,0.95,engaged,67.52,-0.0004,0.0011,-0.0045,0.0037,-0.005,-0.0049,-15.92,16.01,-114.42,242.68,2545.13,-168.99,24.55,-0.44,2.85,2.03,2.15,3.12,4.25,1.88,2.76,3.57,2.58,1.8,2.42,5.0,2.15,1.68,3.32,4.22,0.0,3.42,2.34,0
2025-11-24T16:08:37.940552,115,student_4_lec_2a96290c_fc0dad25,lec_2a96290c,cv101,1,0.95,engaged,54.92,-0.0013,0.0019,-0.0048,-0.0007,-0.0034,-0.0051,-168.34,6.16,-104.09,238.24,2580.81,-171.66,23.51,-0.19,3.0,2.17,2.0,3.13,4.1,1.87,2.72,3.67,2.47,1.73,2.53,5.0,2.05,1.91,3.09,4.24,0.0,3.29,2.39,0
2025-11-24T16:08:38.975850,116,student_4_lec_2a96290c_fc0dad25,lec_2a96290c,cv101,1,0.95,engaged,54.56,0.0003,0.0001,-0.0048,0.0017,-0.0018,-0.0051,168.91,9.44,-101.45,244.79,2546.28,-168.74,20.97,-1.1,2.79,2.03,2.21,2.85,4.23,2.15,2.81,3.7,2.72,1.9,2.28,5.0,2.27,1.85,3.15,4.29,0.0,3.48,2.34,0
2025-11-24T16:08:40.004287,117,student_4_lec_2a96290c_fc0dad25,lec_2a96290c,cv101,1,0.95,engaged,54.1,0.0001,0.001,-0.0047,0.0057,-0.0046,-0.005,155.22,15.18,-105.49,240.15,2572.89,-169.18,22.12,-0.29,3.11,2.32,1.89,2.87,4.13,2.13,2.79,3.55,2.62,1.83,2.38,5.0,2.18,1.95,3.05,4.13,0.0,3.38,2.44,0
2025-11-24T16:08:41.029148,118,student_4_lec_2a96290c_fc0dad25,lec_2a96290c,cv101,1,0.95,engaged,55.38,0.0005,0.0024,-0.0047,0.0027,-0.0035,-0.005,162.86,3.73,-120.26,223.29,2511.46,-169.26,23.83,-0.49,2.77,1.99,2.23,3.0,4.32,2.0,2.78,3.73,2.68,1.88,2.32,5.0,2.24,1.65,3.35,4.21,0.0,3.5,2.33,0
2025-11-24T16:08:42.058024,119,student_4_lec_2a96290c_fc0dad25,lec_2a96290c,cv101,1,0.95,engaged,55.09,0.0027,0.0045,-0.0047,0.0001,-0.0034,-0.005,164.77,-4.69,-125.83,226.24,2500.1,-168.78,22.56,-0.39,2.93,2.14,2.07,2.95,4.3,2.05,2.8,3.72,2.7,1.89,2.3,5.0,2.25,1.62,3.38,4.27,0.0,3.5,2.38,0
2025-11-24T16:08:43.071364,120,student_4_lec_2a96290c_fc0dad25,lec_2a96290c,cv101,1,0.95,engaged,55.22,0.0058,0.0043,-0.0045,0.0024,-0.0051,-0.005,141.23,1.32,-161.28,233.43,2500.49,-168.65,24.73,-2.08,2.56,1.79,2.44,2.96,4.41,2.04,2.77,3.69,2.52,1.76,2.48,5.0,2.1,1.6,3.4,4.29,0.0,3.46,2.26,0
2025-11-24T16:08:44.086784,121,student_4_lec_2a96290c_fc0dad25,lec_2a96290c,cv101,1,0.95,engaged,55.47,0.0048,0.0014,-0.0044,0.0012,-0.0031,-0.0048,149.36,7.69,-155.77,245.71,2475.4,-166.98,26.61,-0.76,2.84,2.04,2.16,3.02,4.48,1.98,2.9,3.23,2.46,1.72,2.54,5.0,2.05,1.71,3.29,4.07,0.0,3.47,2.35,0
2025-11-24T16:08:45.133814,122,student_4_lec_2a96290c_fc0dad25,lec_2a96290c,cv101,1,0.95,engaged,56.76,0.003,-0.0042,-0.0045,-0.0002,-0.0045,-0.0048,-15.97,-136.85,-136.19,256.07,2468.39,-167.13,26.72,1.28,2.75,1.83,2.25,3.28,4.51,1.72,2.86,3.42,2.47,1.73,2.53,5.0,2.06,1.42,3.58,3.98,0.0,3.49,2.28,0
2025-11-24T16:08:46.152185,123,student_4_lec_2a96290c_fc0dad25,lec_2a96290c,cv101,1,0.95,engaged,56.79,0.004,-0.0009,-0.0046,0.0017,-0.0037,-0.005,150.17,-156.02,121.4,-261.66,-2725.41,-161.03,26.53,-176.01,3.03,2.19,1.97,3.26,4.39,1.74,2.86,3.49,2.78,1.94,2.22,5.0,2.31,1.44,3.56,4.02,0.0,3.58,2.4,0
2025-11-24T16:08:47.174760,124,student_4_lec_2a96290c_fc0dad25,lec_2a96290c,cv101,1,0.95,engaged,68.77,-0.0027,0.0008,-0.0046,0.0028,-0.005,-0.0049,0.58,17.75,-115.51,258.05,2524.53,-167.63,25.08,2.19,2.86,1.95,2.14,3.38,4.3,1.62,2.77,3.6,2.57,1.8,2.43,5.0,2.14,1.59,3.41,4.03,0.0,3.43,2.32,0
2025-11-24T16:08:48.188068,125,student_4_lec_2a96290c_fc0dad25,lec_2a96290c,cv101,1,0.95,engaged,56.29,-0.0011,-0.001,-0.0044,0.0019,-0.0059,-0.0048,-3.57,-148.57,-108.22,274.29,2491.54,-163.55,23.51,3.77,3.16,2.21,1.84,3.27,4.29,1.73,2.98,2.88,2.62,1.84,2.38,5.0,2.19,1.97,3.03,3.69,0.0,3.46,2.4,0
2025-11-24T16:08:49.208134,126,student_4_lec_2a96290c_fc0dad25,lec_2a96290c,cv101,1,0.95,engaged,53.98,0.0037,-0.0016,-0.0045,-0.0011,-0.0051,-0.0049,-13.17,-147.06,-163.0,215.64,2477.1,-167.35,26.96,0.41,3.01,2.22,1.99,2.68,4.52,2.32,2.8,3.55,2.42,1.69,2.58,5.0,2.01,1.45,3.55,4.17,0.0,3.47,2.41,0
2025-11-24T16:08:50.251059,127,student_4_lec_2a96290c_fc0dad25,lec_2a96290c,cv101,1,0.95,engaged,57.56,-0.0032,-0.001,-0.0049,-0.0028,-0.0034,-0.0052,-149.14,-157.74,-68.32,236.83,2448.84,-168.18,24.82,1.26,2.74,1.88,2.26,3.36,4.55,1.64,2.96,3.65,2.67,1.87,2.33,5.0,2.23,1.53,3.47,4.12,0.0,3.61,2.29,0
2025-11-24T16:08:51.270797,128,student_4_lec_2a96290c_fc0dad25,lec_2a96290c,cv101,1,0.95,engaged,57.17,-0.001,-0.0,-0.0048,0.0069,-0.0044,-0.0051,-21.14,-159.59,-84.58,232.77,2445.89,-168.96,24.32,0.97,2.83,2.01,2.17,3.39,4.29,1.61,2.81,3.91,2.79,1.95,2.21,5.0,2.33,1.41,3.59,4.33,0.0,3.54,2.34,0
2025-11-24T16:08:52.292704,129,student_4_lec_2a96290c_fc0dad25,lec_2a96290c,cv101,1,0.95,engaged,53.37,-0.0004,-0.0027,-0.004,0.0012,-0.0057,-0.0041,-5.44,-136.21,-70.51,199.86,2923.8,-176.82,16.55,2.58,2.05,1.53,2.95,3.0,3.88,2.0,2.28,3.41,2.13,1.49,2.87,5.0,1.77,1.67,3.33,4.54,0.0,3.0,2.18,0
2025-11-24T16:08:53.302788,130,student_4_lec_2a96290c_fc0dad25,lec_2a96290c,cv101,1,0.95,partially_engaged,45.41,-0.0002,-0.0016,-0.0036,-0.0027,-0.0,-0.0035,-159.98,-167.72,23.03,186.71,3502.92,168.88,-0.16,14.26,2.74,2.32,2.26,2.0,2.75,3.0,1.6,2.68,1.91,1.34,3.09,5.0,1.59,1.58,3.42,4.55,0.0,2.33,2.44,1.0
2025-11-24T16:08:54.325436,131,student_4_lec_2a96290c_fc0dad25,lec_2a96290c,cv101,1,0.95,partially_engaged,48.3,-0.0014,-0.0029,-0.0039,0.0011,-0.0006,-0.0039,1.75,-157.21,-89.4,175.56,3177.23,178.94,7.39,9.98,2.87,2.41,2.13,2.19,3.36,2.81,1.98,3.24,2.18,1.52,2.82,5.0,1.82,1.49,3.51,4.35,0.0,2.77,2.47,0.62
2025-11-24T16:08:55.361826,132,student_4_lec_2a96290c_fc0dad25,lec_2a96290c,cv101,0,0.0,no_face,0.0,0.0,0.0,0.0,0.0,0.0,0.0,0.0,0.0,0.0,0.0,0.0,0.0,0.0,0.0,0.0,0.0,0.0,0.0,0.0,0.0,0.0,0.0,0.0,0.0,0.0,0.0,0.0,0.0,0.0,0.0,0.0,0.0,0.0,0.0
2025-11-24T16:08:56.390789,133,student_4_lec_2a96290c_fc0dad25,lec_2a96290c,cv101,1,0.95,engaged,54.81,0.007,-0.0091,-0.0043,-0.0003,-0.0062,-0.0048,-27.43,-121.5,-173.89,298.69,2627.81,-161.49,22.73,-4.45,2.17,1.39,2.83,2.93,4.32,2.07,2.75,2.79,2.42,1.69,2.58,5.0,2.01,2.04,2.96,3.25,0.0,3.37,2.13,0
2025-11-24T16:08:57.417468,134,student_4_lec_2a96290c_fc0dad25,lec_2a96290c,cv101,1,0.95,engaged,53.95,0.0083,-0.0054,-0.0044,0.0001,-0.0062,-0.0048,148.61,-128.55,-189.91,292.03,2602.42,-164.05,22.59,-3.45,2.3,1.53,2.7,2.74,4.3,2.26,2.7,2.9,2.45,1.72,2.55,5.0,2.04,1.86,3.14,3.71,0.0,3.38,2.18,0
2025-11-24T16:08:58.422622,135,student_4_lec_2a96290c_fc0dad25,lec_2a96290c,cv101,1,0.95,engaged,54.22,0.0056,-0.0096,-0.0042,0.0014,-0.0058,-0.0046,145.36,-121.17,207.91,-322.47,-2809.01,-155.65,31.07,-178.98,1.93,1.14,3.07,2.61,4.64,2.39,2.85,3.08,2.34,1.64,2.66,5.0,1.95,1.77,3.23,3.54,0.0,3.49,2.05,0
2025-11-24T16:08:59.448830,136,student_4_lec_2a96290c_fc0dad25,lec_2a96290c,cv101,1,0.95,engaged,53.17,0.0056,-0.0005,-0.004,0.0018,-0.0058,-0.0044,141.56,-150.17,-201.0,329.86,2543.83,-163.19,28.81,-3.5,2.59,1.68,2.41,2.58,4.49,2.42,2.82,2.94,2.15,1.5,2.85,5.0,1.79,1.44,3.56,3.41,0.0,3.32,2.23,0
2025-11-24T16:09:00.496254,137,student_4_lec_2a96290c_fc0dad25,lec_2a96290c,cv101,1,0.95,engaged,53.84,0.0065,-0.0049,-0.0041,0.0029,-0.0046,-0.0046,134.95,-132.25,-199.13,342.55,2548.7,-160.48,28.31,-1.88,2.83,1.94,2.17,2.74,4.48,2.26,2.86,2.58,2.2,1.54,2.8,5.0,1.83,1.54,3.46,3.25,0.0,3.34,2.31,0
2025-11-24T16:09:01.509390,138,student_4_lec_2a96290c_fc0dad25,lec_2a96290c,cv101,1,0.95,engaged,51.01,0.0115,-0.0113,-0.0038,0.0088,-0.0059,-0.0042,112.0,-117.01,-194.42,327.24,2540.82,-162.75,32.35,-2.38,2.88,2.03,2.12,2.13,4.57,2.87,2.81,2.85,1.97,1.38,3.03,5.0,1.64,1.32,3.68,3.28,0.0,3.27,2.34,0.74
2025-11-24T16:09:02.534760,139,student_4_lec_2a96290c_fc0dad25,lec_2a96290c,cv101,1,0.95,engaged,53.57,0.0063,-0.0059,-0.0041,0.0017,-0.0071,-0.0045,141.29,-123.63,-164.62,326.07,2587.37,-162.01,28.27,-2.71,2.64,1.82,2.36,2.77,4.26,2.23,2.86,2.64,2.28,1.6,2.72,5.0,1.9,1.87,3.13,3.24,0.0,3.27,2.27,0
2025-11-24T16:09:03.539846,140,student_4_lec_2a96290c_fc0dad25,lec_2a96290c,cv101,1,0.95,engaged,54.54,0.0061,-0.0061,-0.0041,0.0038,-0.005,-0.0045,131.92,-127.67,-159.68,330.28,2546.64,-163.7,26.83,-3.25,2.48,1.69,2.52,2.89,4.41,2.11,2.83,2.91,2.29,1.6,2.71,5.0,1.91,2.02,2.98,3.48,0.0,3.35,2.23,0
2025-11-24T16:09:04.566544,141,student_4_lec_2a96290c_fc0dad25,lec_2a96290c,cv101,1,0.95,engaged,52.94,0.0054,-0.0071,-0.0041,0.0045,-0.0068,-0.0046,131.44,-122.24,-174.12,330.51,2495.31,-159.12,27.04,-0.1,3.15,2.26,1.85,2.41,4.56,2.59,2.88,2.54,2.43,1.7,2.57,5.0,2.03,1.76,3.24,3.29,0.0,3.5,2.42,0.18
2025-11-24T16:09:05.617195,142,student_4_lec_2a96290c_fc0dad25,lec_2a96290c,cv101,1,0.95,engaged,54.7,0.0053,-0.0033,-0.0041,0.0058,-0.004,-0.0044,127.57,-139.55,-161.9,294.25,2578.6,-163.7,28.09,-1.03,2.31,1.5,2.69,2.82,4.67,2.18,2.8,3.12,2.13,1.49,2.87,5.0,1.78,1.97,3.03,3.47,0.0,3.4,2.17,0
2025-11-24T16:09:06.625038,143,student_4_lec_2a96290c_fc0dad25,lec_2a96290c,cv101,1,0.95,engaged,57.03,0.0015,-0.0024,-0.0041,0.0032,-0.0028,-0.0044,151.88,-148.54,-135.82,271.11,2628.47,-165.71,26.22,-0.97,2.18,1.41,2.82,3.5,4.37,1.5,2.82,3.17,2.22,1.56,2.78,5.0,1.85,1.89,3.11,3.6,0.0,3.29,2.14,0
2025-11-24T16:09:07.620734,144,student_4_lec_2a96290c_fc0dad25,lec_2a96290c,cv101,1,0.95,engaged,53.92,0.0008,-0.0038,-0.0042,0.0045,-0.0002,-0.0043,151.78,-157.69,-84.97,125.28,2763.34,178.82,19.83,-4.47,1.34,0.96,3.66,2.85,4.04,2.15,2.02,3.69,2.45,1.72,2.55,5.0,2.04,1.69,3.31,5.0,0.0,3.25,1.99,0
2025-11-24T16:09:08.630439,145,student_4_lec_2a96290c_fc0dad25,lec_2a96290c,cv101,1,0.95,partially_engaged,48.29,0.0029,0.0019,-0.0043,-0.0,0.0005,-0.0045,-16.7,164.91,170.91,-204.62,-3037.04,-171.55,29.37,177.09,2.68,2.09,2.32,1.86,3.91,3.14,2.44,3.41,2.09,1.46,2.91,5.0,1.74,1.75,3.25,4.37,0.0,3.0,2.36,1.28
2025-11-24T16:09:09.653879,146,student_4_lec_2a96290c_fc0dad25,lec_2a96290c,cv101,1,0.95,engaged,53.63,0.0005,-0.0024,-0.0041,0.0006,-0.0028,-0.0044,173.0,-148.99,-185.0,225.58,2626.95,-173.7,28.23,-5.6,2.15,1.45,2.85,2.91,4.11,2.09,2.64,3.29,2.13,1.49,2.87,5.0,1.77,1.84,3.16,4.3,0.0,3.12,2.15,0
2025-11-24T16:09:10.679075,147,student_4_lec_2a96290c_fc0dad25,lec_2a96290c,cv101,1,0.95,engaged,54.17,0.003,-0.0004,-0.0043,0.0002,-0.0005,-0.0046,161.28,-173.74,-165.59,245.62,2615.95,-170.33,26.89,-5.44,2.14,1.41,2.86,2.92,4.27,2.08,2.72,3.3,2.17,1.52,2.83,5.0,1.81,1.79,3.21,4.04,0.0,3.22,2.14,0
2025-11-24T16:09:11.684870,148,student_4_lec_2a96290c_fc0dad25,lec_2a96290c,cv101,1,0.95,engaged,55.36,0.0002,0.0004,-0.0045,0.0028,-0.0024,-0.0047,163.25,10.58,-131.75,250.17,2628.03,-171.19,21.44,-4.58,2.4,1.67,2.6,3.16,4.16,1.84,2.65,3.56,2.46,1.72,2.54,5.0,2.05,1.93,3.07,4.11,0.0,3.31,2.22,0
2025-11-24T16:09:12.711094,149,student_4_lec_2a96290c_fc0dad25,lec_2a96290c,cv101,1,0.95,engaged,55.14,-0.0022,-0.0005,-0.0044,0.0035,-0.0033,-0.0047,-4.83,-159.18,-139.3,261.22,2651.38,-168.86,22.68,-4.39,2.44,1.69,2.56,3.15,4.14,1.85,2.72,3.07,2.4,1.68,2.6,5.0,2.0,1.88,3.12,3.92,0.0,3.27,2.23,0
2025-11-24T16:09:13.725140,150,student_4_lec_2a96290c_fc0dad25,lec_2a96290c,cv101,1,0.95,engaged,56.41,-0.0004,-0.0017,-0.0045,0.0009,-0.0034,-0.0048,-2.84,-151.8,-139.53,272.6,2596.57,-167.66,25.07,-4.48,2.29,1.51,2.71,3.4,4.21,1.6,2.74,2.98,2.37,1.66,2.63,5.0,1.98,1.65,3.35,3.91,0.0,3.29,2.17,0
2025-11-24T16:09:14.750073,151,student_4_lec_2a96290c_fc0dad25,lec_2a96290c,cv101,1,0.95,engaged,55.43,0.0026,-0.002,-0.0044,-0.0002,-0.003,-0.0048,-14.16,-151.91,-148.28,276.87,2576.81,-167.89,24.86,-4.62,2.45,1.67,2.55,3.1,4.34,1.9,2.79,3.12,2.38,1.67,2.62,5.0,1.98,1.91,3.09,3.88,0.0,3.36,2.22,0
2025-11-24T16:09:15.777130,152,student_4_lec_2a96290c_fc0dad25,lec_2a96290c,cv101,1,0.95,engaged,54.6,0.0022,-0.0016,-0.0042,0.0013,-0.0046,-0.0046,158.08,-147.6,-163.03,282.11,2562.94,-166.53,27.25,-3.91,2.43,1.64,2.57,2.87,4.44,2.13,2.79,3.04,2.31,1.62,2.69,5.0,1.93,1.73,3.27,3.78,0.0,3.38,2.21,0
2025-11-24T16:09:16.773186,153,student_4_lec_2a96290c_fc0dad25,lec_2a96290c,cv101,1,0.95,engaged,54.45,0.0016,-0.0038,-0.0044,-0.0025,-0.0041,-0.0048,3.8,-139.51,-142.78,280.35,2599.37,-168.11,23.8,-2.72,2.66,1.83,2.34,2.96,4.28,2.04,2.72,3.22,2.29,1.6,2.71,5.0,1.91,1.4,3.6,3.8,0.0,3.29,2.28,0
2025-11-24T16:09:17.796968,154,student_4_lec_2a96290c_fc0dad25,lec_2a96290c,cv101,1,0.95,engaged,54.33,0.0069,-0.0039,-0.0044,-0.002,-0.0014,-0.0049,-17.4,-151.21,-165.03,277.72,2589.31,-168.04,25.3,-3.29,2.33,1.53,2.67,2.8,4.36,2.2,2.66,3.64,2.43,1.7,2.57,5.0,2.02,1.7,3.3,3.92,0.0,3.4,2.18,0
2025-11-24T16:09:18.815142,155,student_4_lec_2a96290c_fc0dad25,lec_2a96290c,cv101,1,0.95,engaged,53.91,0.0048,-0.0054,-0.0043,0.0052,-0.0074,-0.0047,131.7,-125.1,-178.08,277.78,2604.24,-168.8,26.21,-4.09,2.36,1.6,2.64,2.83,4.26,2.17,2.68,3.35,2.29,1.61,2.71,5.0,1.91,2.09,2.91,3.85,0.0,3.27,2.2,0
2025-11-24T16:09:19.833254,156,student_4_lec_2a96290c_fc0dad25,lec_2a96290c,cv101,1,0.95,highly_engaged,77.55,-0.0015,0.0004,-0.0045,0.0022,-0.001,-0.0048,-3.57,3.53,-92.8,282.0,2680.75,-167.39,19.04,-3.62,2.51,1.83,2.49,2.69,4.12,2.31,2.71,3.13,2.67,1.87,2.33,5.0,2.23,1.57,3.43,3.96,0.0,3.4,2.28,0
2025-11-24T16:09:20.854941,157,student_4_lec_2a96290c_fc0dad25,lec_2a96290c,cv101,1,0.95,engaged,53.97,0.0023,-0.0034,-0.0042,0.0019,-0.0032,-0.0046,154.49,-143.26,-119.46,247.51,2678.35,-170.71,24.83,-4.35,2.22,1.52,2.78,2.88,4.2,2.12,2.65,3.35,2.27,1.59,2.73,5.0,1.89,2.18,2.82,4.1,0.0,3.24,2.17,0
2025-11-24T16:09:21.862751,158,student_4_lec_2a96290c_fc0dad25,lec_2a96290c,cv101,1,0.95,engaged,53.91,-0.0003,-0.0013,-0.0043,0.0052,-0.0068,-0.0045,-22.59,-143.46,-85.35,236.38,2730.17,-171.58,22.79,-2.85,2.37,1.66,2.63,2.96,4.05,2.04,2.57,3.48,2.3,1.61,2.7,5.0,1.92,1.81,3.19,4.11,0.0,3.17,2.22,0
2025-11-24T16:09:22.885207,159,student_4_lec_2a96290c_fc0dad25,lec_2a96290c,cv101,1,0.95,engaged,52.06,-0.0007,-0.0016,-0.0045,0.0009,-0.0036,-0.0047,-0.93,-151.43,-74.61,213.16,2736.73,-176.06,20.24,-3.23,2.57,1.97,2.43,2.56,3.95,2.44,2.55,3.78,2.43,1.7,2.57,5.0,2.02,1.87,3.13,4.45,0.0,3.19,2.32,0
2025-11-24T16:09:23.924592,160,student_4_lec_2a96290c_fc0dad25,lec_2a96290c,cv101,1,0.95,engaged,54.01,-0.0002,-0.0003,-0.0041,0.0033,-0.0033,-0.0042,-17.75,-159.29,-70.71,203.28,2740.78,-175.13,21.9,-2.85,2.09,1.47,2.91,2.96,4.13,2.04,2.5,3.92,2.2,1.54,2.8,5.0,1.83,2.04,2.96,4.46,0.0,3.17,2.16,0
2025-11-24T16:09:24.950453,161,student_4_lec_2a96290c_fc0dad25,lec_2a96290c,cv101,1,0.95,engaged,53.09,0.0008,-0.0005,-0.0044,0.001,-0.0032,-0.0047,168.86,-159.33,-87.98,185.79,2683.77,-175.06,21.03,-3.92,2.03,1.41,2.97,2.57,4.25,2.43,2.58,3.66,2.44,1.71,2.56,5.0,2.03,1.73,3.27,4.56,0.0,3.34,2.14,0
2025-11-24T16:09:25.974992,162,student_4_lec_2a96290c_fc0dad25,lec_2a96290c,cv101,1,0.95,engaged,52.87,0.0002,-0.0011,-0.0043,0.0019,-0.0014,-0.0045,167.05,-164.17,-93.4,211.59,2725.59,-174.49,20.69,-4.89,2.38,1.78,2.62,2.73,3.97,2.27,2.6,3.46,2.41,1.69,2.59,5.0,2.01,1.58,3.42,4.39,0.0,3.19,2.26,0
2025-11-24T16:09:26.982579,163,student_4_lec_2a96290c_fc0dad25,lec_2a96290c,cv101,1,0.95,engaged,53.23,0.0008,-0.0002,-0.0042,0.0006,-0.0005,-0.0045,170.97,-175.5,-95.12,209.71,2713.19,-174.54,22.51,-4.35,2.46,1.8,2.54,2.81,4.0,2.19,2.58,3.61,2.38,1.67,2.62,5.0,1.99,1.89,3.11,4.33,0.0,3.19,2.27,0
2025-11-24T16:09:28.006652,164,student_4_lec_2a96290c_fc0dad25,lec_2a96290c,cv101,1,0.95,engaged,51.73,0.0009,0.0004,-0.0045,0.0029,-0.0022,-0.0048,158.45,9.34,-89.29,219.62,2692.35,-175.05,20.8,-3.59,2.7,2.04,2.3,2.58,3.81,2.42,2.61,3.6,2.42,1.69,2.58,5.0,2.01,1.9,3.1,4.26,0.0,3.12,2.35,0
2025-11-24T16:09:29.054977,165,student_4_lec_2a96290c_fc0dad25,lec_2a96290c,cv101,1,0.95,engaged,54.6,0.0004,-0.0005,-0.0043,-0.0001,-0.0024,-0.0045,-2.52,-162.9,-100.64,246.67,2686.54,-171.72,23.64,-4.72,2.42,1.72,2.58,3.08,4.08,1.92,2.69,3.24,2.36,1.65,2.64,5.0,1.96,1.75,3.25,4.15,0.0,3.22,2.24,0
2025-11-24T16:09:30.072661,166,student_4_lec_2a96290c_fc0dad25,lec_2a96290c,cv101,1,0.95,engaged,51.77,-0.0013,-0.001,-0.0047,0.006,-0.0067,-0.0048,-17.78,-146.92,-15.26,260.58,2756.49,-172.68,13.02,-1.74,2.83,2.16,2.17,2.56,3.84,2.44,2.63,3.49,2.47,1.73,2.53,5.0,2.06,1.8,3.2,4.12,0.0,3.16,2.39,0
2025-11-24T16:09:31.100326,167,student_4_lec_2a96290c_fc0dad25,lec_2a96290c,cv101,1,0.95,engaged,53.51,0.0067,0.0007,-0.0043,0.0032,-0.004,-0.0046,134.08,15.91,-119.42,250.48,2686.19,-171.23,24.8,-3.57,2.4,1.67,2.6,2.72,4.18,2.28,2.51,3.72,2.46,1.72,2.54,5.0,2.05,1.81,3.19,4.26,0.0,3.32,2.22,0
2025-11-24T16:09:32.101808,168,student_4_lec_2a96290c_fc0dad25,lec_2a96290c,cv101,1,0.95,engaged,53.69,0.0039,0.0057,-0.0042,0.0029,-0.0046,-0.0046,142.49,-4.09,-136.1,254.36,2632.88,-169.95,25.62,-3.8,2.52,1.74,2.48,2.85,4.04,2.15,2.64,3.37,2.47,1.73,2.53,5.0,2.06,1.91,3.09,4.08,0.0,3.25,2.25,0
2025-11-24T16:09:33.128122,169,student_4_lec_2a96290c_fc0dad25,lec_2a96290c,cv101,1,0.95,engaged,52.66,0.0041,-0.0014,-0.0042,0.0039,-0.0034,-0.0046,137.68,-152.58,-132.09,257.69,2695.6,-170.66,25.17,-3.42,2.67,1.92,2.33,2.59,4.14,2.41,2.57,3.41,2.41,1.69,2.59,5.0,2.01,1.72,3.28,4.05,0.0,3.27,2.31,0
2025-11-24T16:09:34.173865,170,student_4_lec_2a96290c_fc0dad25,lec_2a96290c,cv101,1,0.95,engaged,53.55,0.0045,-0.0014,-0.0043,-0.0001,-0.0087,-0.0046,-22.92,-140.21,-164.76,250.11,2635.16,-170.08,25.73,-3.9,2.44,1.68,2.56,2.81,4.08,2.19,2.51,3.55,2.42,1.69,2.58,5.0,2.01,1.95,3.05,4.09,0.0,3.25,2.23,0
2025-11-24T16:09:35.189588,171,student_4_lec_2a96290c_fc0dad25,lec_2a96290c,cv101,1,0.95,engaged,53.84,0.0019,0.0001,-0.0042,0.0018,-0.0026,-0.0046,157.34,14.08,-148.12,277.97,2598.86,-166.75,27.91,-5.68,2.52,1.78,2.48,2.91,4.2,2.09,2.78,2.9,2.18,1.53,2.82,5.0,1.82,1.74,3.26,3.67,0.0,3.19,2.26,0
2025-11-24T16:09:36.212884,172,student_4_lec_2a96290c_fc0dad25,lec_2a96290c,cv101,1,0.95,engaged,52.12,0.006,-0.0051,-0.0041,0.0021,-0.0051,-0.0045,139.93,-130.16,-150.96,269.92,2621.71,-168.68,27.6,-4.88,2.77,1.95,2.23,2.44,4.35,2.56,2.68,3.12,2.16,1.51,2.84,5.0,1.8,1.57,3.43,3.9,0.0,3.25,2.32,0.12
2025-11-24T16:09:37.222194,173,student_4_lec_2a96290c_fc0dad25,lec_2a96290c,cv101,1,0.95,engaged,54.08,0.0032,-0.0005,-0.0042,0.0037,-0.0065,-0.0045,141.93,-149.03,-129.83,274.38,2662.22,-168.5,24.74,-2.99,2.64,1.83,2.36,3.03,3.99,1.97,2.66,3.31,2.34,1.64,2.66,5.0,1.95,1.67,3.33,3.85,0.0,3.17,2.28,0
2025-11-24T16:09:38.249496,174,student_4_lec_2a96290c_fc0dad25,lec_2a96290c,cv101,1,0.95,engaged,54.69,0.0004,-0.0013,-0.0042,0.0023,-0.0049,-0.0045,163.53,-147.95,-124.82,260.94,2615.81,-169.11,25.81,-4.32,2.31,1.56,2.69,2.99,4.29,2.01,2.71,3.04,2.29,1.6,2.71,5.0,1.9,1.54,3.46,3.89,0.0,3.29,2.19,0
2025-11-24T16:09:39.283653,175,student_4_lec_2a96290c_fc0dad25,lec_2a96290c,cv101,1,0.95,engaged,53.65,0.0024,0.0001,-0.0042,0.0032,-0.0035,-0.0045,147.41,18.25,-114.8,233.19,2690.66,-172.23,26.74,-4.62,2.38,1.67,2.62,2.96,4.05,2.04,2.66,3.27,2.15,1.5,2.85,5.0,1.79,1.88,3.12,4.06,0.0,3.1,2.22,0
2025-11-24T16:09:40.317307,176,student_4_lec_2a96290c_fc0dad25,lec_2a96290c,cv101,1,0.95,engaged,54.27,-0.0006,-0.0009,-0.0045,-0.0002,-0.0029,-0.0048,-174.99,-158.33,-103.1,237.75,2632.66,-171.69,23.67,-3.88,2.57,1.83,2.43,3.02,4.07,1.98,2.71,3.24,2.36,1.65,2.64,5.0,1.97,1.89,3.11,4.15,0.0,3.21,2.28,0
2025-11-24T16:09:41.331780,177,student_4_lec_2a96290c_fc0dad25,lec_2a96290c,cv101,1,0.95,engaged,52.86,0.0032,0.0014,-0.0045,0.0034,-0.0066,-0.0047,144.61,18.22,-102.09,232.23,2674.75,-170.81,22.94,-2.22,2.63,1.91,2.37,2.67,4.07,2.33,2.6,3.49,2.42,1.7,2.58,5.0,2.02,1.73,3.27,4.18,0.0,3.25,2.3,0
2025-11-24T16:09:42.347604,178,student_4_lec_2a96290c_fc0dad25,lec_2a96290c,cv101,1,0.95,engaged,52.74,0.0023,0.0022,-0.0042,0.0018,-0.0031,-0.0045,154.88,3.4,-136.79,239.4,2732.93,-172.64,26.01,-3.45,2.65,1.94,2.35,2.82,3.83,2.18,2.53,3.57,2.36,1.65,2.64,5.0,1.97,1.99,3.01,4.2,0.0,3.09,2.31,0
2025-11-24T16:09:43.364984,179,student_4_lec_2a96290c_fc0dad25,lec_2a96290c,cv101,1,0.95,engaged,53.49,0.0025,-0.0006,-0.0043,0.0006,-0.0021,-0.0046,161.26,-163.49,-126.93,234.91,2702.86,-171.17,22.21,-3.16,2.6,1.86,2.4,2.88,4.02,2.12,2.57,3.52,2.34,1.64,2.66,5.0,1.95,1.97,3.03,4.19,0.0,3.18,2.29,0
2025-11-24T16:09:44.412844,180,student_4_lec_2a96290c_fc0dad25,lec_2a96290c,cv101,1,0.95,engaged,54.24,0.0007,-0.0,-0.0044,0.0011,-0.0014,-0.0047,169.04,-171.57,-108.02,240.2,2667.79,-171.37,21.91,-2.95,2.57,1.81,2.43,2.98,4.11,2.02,2.59,3.38,2.37,1.66,2.63,5.0,1.97,1.49,3.51,4.21,0.0,3.24,2.27,0
2025-11-24T16:09:45.431708,181,student_4_lec_2a96290c_fc0dad25,lec_2a96290c,cv101,1,0.95,engaged,54.08,0.0018,0.0003,-0.0042,0.0013,-0.0031,-0.0046,160.58,14.7,-116.65,241.26,2663.89,-169.75,25.11,-3.61,2.51,1.78,2.49,2.95,4.11,2.05,2.61,3.34,2.35,1.65,2.65,5.0,1.96,1.99,3.01,4.09,0.0,3.23,2.26,0
2025-11-24T16:09:46.453198,182,student_4_lec_2a96290c_fc0dad25,lec_2a96290c,cv101,1,0.95,engaged,54.57,0.0002,-0.0003,-0.0043,0.0009,-0.0034,-0.0046,173.36,-159.58,-109.15,238.87,2662.95,-171.34,24.67,-3.25,2.62,1.86,2.38,3.11,4.04,1.89,2.6,3.5,2.36,1.65,2.64,5.0,1.97,1.89,3.11,4.16,0.0,3.2,2.29,0
2025-11-24T16:09:47.464743,183,student_4_lec_2a96290c_fc0dad25,lec_2a96290c,cv101,1,0.95,engaged,53.79,0.0018,0.0003,-0.0042,0.0009,-0.0024,-0.0045,162.42,12.3,-105.52,237.63,2675.73,-170.94,24.43,-3.5,2.41,1.66,2.59,2.86,4.13,2.14,2.62,3.4,2.35,1.65,2.65,5.0,1.96,2.31,2.69,4.1,0.0,3.24,2.22,0
2025-11-24T16:09:48.487485,184,student_4_lec_2a96290c_fc0dad25,lec_2a96290c,cv101,1,0.95,engaged,53.94,0.0017,-0.0017,-0.0042,0.0015,-0.0023,-0.0045,160.05,-155.24,-105.53,216.44,2681.81,-171.92,24.69,-3.88,1.88,1.23,3.12,2.84,4.2,2.16,2.58,3.76,2.3,1.61,2.7,5.0,1.91,2.28,2.72,4.27,0.0,3.25,2.08,0
2025-11-24T16:09:49.529073,185,student_4_lec_2a96290c_fc0dad25,lec_2a96290c,cv101,1,0.95,engaged,51.03,0.003,0.0035,-0.0043,0.0025,-0.0017,-0.0047,148.97,-9.32,-146.12,204.6,2727.52,-174.48,22.58,-3.16,2.62,1.94,2.38,2.31,3.95,2.69,2.52,3.66,2.45,1.72,2.55,5.0,2.05,1.35,3.65,4.32,0.0,3.2,2.31,0.38
2025-11-24T16:09:50.550359,186,student_4_lec_2a96290c_fc0dad25,lec_2a96290c,cv101,1,0.95,engaged,53.36,0.001,-0.0005,-0.0042,0.0011,-0.0017,-0.0045,166.38,-166.66,-137.81,238.51,2672.39,-168.82,23.95,-3.21,2.44,1.73,2.56,2.82,4.06,2.18,2.74,3.33,2.32,1.62,2.68,5.0,1.93,2.09,2.91,3.96,0.0,3.19,2.24,0
2025-11-24T16:09:51.572112,187,student_4_lec_2a96290c_fc0dad25,lec_2a96290c,cv101,1,0.95,engaged,54.12,0.0017,-0.0015,-0.0041,0.0026,-0.0061,-0.0045,154.16,-143.32,-135.44,280.15,2608.68,-169.13,26.64,-5.05,2.72,1.95,2.28,3.04,4.08,1.96,2.76,3.27,2.23,1.56,2.77,5.0,1.85,1.68,3.32,3.79,0.0,3.16,2.32,0
2025-11-24T16:09:52.584381,188,student_4_lec_2a96290c_fc0dad25,lec_2a96290c,cv101,1,0.95,engaged,55.46,-0.0014,-0.0007,-0.0043,0.0023,-0.0047,-0.0046,-4.19,-152.58,-116.88,285.41,2643.81,-168.44,25.39,-1.9,2.46,1.61,2.54,3.24,4.15,1.76,2.68,3.28,2.33,1.63,2.67,5.0,1.94,2.15,2.85,3.82,0.0,3.24,2.2,0
2025-11-24T16:09:53.603610,189,student_4_lec_2a96290c_fc0dad25,lec_2a96290c,cv101,1,0.95,engaged,53.91,0.0012,0.0002,-0.0044,-0.0007,-0.0081,-0.0048,-3.34,28.09,-108.97,280.73,2627.29,-168.76,24.31,-2.99,2.62,1.83,2.38,2.89,4.08,2.11,2.64,3.4,2.45,1.71,2.55,5.0,2.04,2.1,2.9,3.93,0.0,3.27,2.28,0
2025-11-24T16:09:54.652296,190,student_4_lec_2a96290c_fc0dad25,lec_2a96290c,cv101,1,0.95,engaged,54.52,0.0053,-0.0047,-0.0041,0.0075,-0.0106,-0.0046,124.77,-122.4,-160.32,275.59,2571.85,-167.61,28.2,-2.35,2.09,1.32,2.91,2.88,4.38,2.12,2.59,3.41,2.28,1.6,2.72,5.0,1.9,1.97,3.03,3.92,0.0,3.33,2.11,0
2025-11-24T16:09:55.756717,191,student_4_lec_2a96290c_fc0dad25,lec_2a96290c,cv101,1,0.95,engaged,55.37,0.0075,-0.0041,-0.004,0.0059,-0.0057,-0.0045,122.81,-131.21,-153.26,274.07,2590.67,-166.98,28.98,-3.05,1.94,1.21,3.06,3.03,4.49,1.97,2.66,3.24,2.21,1.54,2.79,5.0,1.84,1.72,3.28,3.77,0.0,3.35,2.07,0
2025-11-24T16:09:56.695309,192,student_4_lec_2a96290c_fc0dad25,lec_2a96290c,cv101,1,0.95,engaged,53.81,0.0091,-0.0002,-0.0043,0.0076,-0.0103,-0.0048,118.47,-146.08,-157.44,286.76,2581.08,-166.18,25.79,-3.71,2.41,1.68,2.59,2.74,4.31,2.26,2.63,3.2,2.39,1.67,2.61,5.0,1.99,1.87,3.13,3.87,0.0,3.35,2.23,0
2025-11-24T16:09:57.701726,193,student_4_lec_2a96290c_fc0dad25,lec_2a96290c,cv101,1,0.95,engaged,53.18,0.0086,-0.0017,-0.0042,0.0001,-0.0051,-0.0047,147.66,-144.96,-152.65,288.82,2599.8,-163.87,26.76,-2.52,2.46,1.75,2.54,2.53,4.51,2.47,2.73,2.99,2.26,1.58,2.74,5.0,1.88,1.72,3.28,3.6,0.0,3.38,2.25,0
2025-11-24T16:09:58.727960,194,student_4_lec_2a96290c_fc0dad25,lec_2a96290c,cv101,1,0.95,engaged,53.34,0.0068,-0.0051,-0.004,0.0005,-0.0045,-0.0045,147.28,-131.76,-187.8,237.06,2567.17,-169.15,29.61,-3.93,1.96,1.21,3.04,2.61,4.38,2.39,2.6,3.65,2.25,1.57,2.75,5.0,1.87,1.61,3.39,4.07,0.0,3.31,2.07,0
2025-11-24T16:09:59.776198,195,student_4_lec_2a96290c_fc0dad25,lec_2a96290c,cv101,1,0.95,partially_engaged,49.48,-0.0016,-0.0002,-0.0032,0.006,-0.0068,-0.0038,-15.73,-147.33,-218.15,119.42,2673.83,-178.55,41.04,-4.38,1.89,1.53,3.11,1.99,4.05,3.01,2.08,2.54,2.14,1.5,2.86,5.0,1.79,1.35,3.65,4.77,0.0,3.09,2.18,1.02
2025-11-24T16:10:00.789323,196,student_4_lec_2a96290c_fc0dad25,lec_2a96290c,cv101,0,0.0,no_face,0.0,0.0,0.0,0.0,0.0,0.0,0.0,0.0,0.0,0.0,0.0,0.0,0.0,0.0,0.0,0.0,0.0,0.0,0.0,0.0,0.0,0.0,0.0,0.0,0.0,0.0,0.0,0.0,0.0,0.0,0.0,0.0,0.0,0.0,0.0
2025-11-24T16:10:01.817318,197,student_4_lec_2a96290c_fc0dad25,lec_2a96290c,cv101,1,0.95,partially_engaged,45.99,-0.0021,-0.0016,-0.0032,0.0013,-0.0021,-0.0034,6.05,-151.32,-273.7,309.7,3595.51,178.67,19.7,-9.41,1.4,1.0,3.6,1.82,3.12,3.18,1.84,3.15,1.87,1.31,3.13,5.0,1.55,1.77,3.23,3.58,0.0,2.5,2.0,1.36
2025-11-24T16:10:02.828699,198,student_4_lec_2a96290c_fc0dad25,lec_2a96290c,cv101,1,0.95,engaged,50.45,0.0007,-0.0042,-0.004,-0.0003,-0.0025,-0.0042,-3.13,-141.55,-211.1,227.62,3056.59,-171.82,21.17,-4.16,1.66,1.2,3.34,2.28,3.88,2.72,2.11,3.29,2.17,1.52,2.83,5.0,1.81,2.18,2.82,3.93,0.0,3.02,2.07,0.44
2025-11-24T16:10:03.841612,199,student_4_lec_2a96290c_fc0dad25,lec_2a96290c,cv101,0,0.0,no_face,0.0,0.0,0.0,0.0,0.0,0.0,0.0,0.0,0.0,0.0,0.0,0.0,0.0,0.0,0.0,0.0,0.0,0.0,0.0,0.0,0.0,0.0,0.0,0.0,0.0,0.0,0.0,0.0,0.0,0.0,0.0,0.0,0.0,0.0,0.0
2025-11-24T16:10:04.885577,200,student_4_lec_2a96290c_fc0dad25,lec_2a96290c,cv101,0,0.0,no_face,0.0,0.0,0.0,0.0,0.0,0.0,0.0,0.0,0.0,0.0,0.0,0.0,0.0,0.0,0.0,0.0,0.0,0.0,0.0,0.0,0.0,0.0,0.0,0.0,0.0,0.0,0.0,0.0,0.0,0.0,0.0,0.0,0.0,0.0,0.0
2025-11-24T16:10:05.908848,201,student_4_lec_2a96290c_fc0dad25,lec_2a96290c,cv101,0,0.0,no_face,0.0,0.0,0.0,0.0,0.0,0.0,0.0,0.0,0.0,0.0,0.0,0.0,0.0,0.0,0.0,0.0,0.0,0.0,0.0,0.0,0.0,0.0,0.0,0.0,0.0,0.0,0.0,0.0,0.0,0.0,0.0,0.0,0.0,0.0,0.0
2025-11-24T16:10:06.929355,202,student_4_lec_2a96290c_fc0dad25,lec_2a96290c,cv101,0,0.0,no_face,0.0,0.0,0.0,0.0,0.0,0.0,0.0,0.0,0.0,0.0,0.0,0.0,0.0,0.0,0.0,0.0,0.0,0.0,0.0,0.0,0.0,0.0,0.0,0.0,0.0,0.0,0.0,0.0,0.0,0.0,0.0,0.0,0.0,0.0,0.0
2025-11-24T16:10:07.937449,203,student_4_lec_2a96290c_fc0dad25,lec_2a96290c,cv101,0,0.0,no_face,0.0,0.0,0.0,0.0,0.0,0.0,0.0,0.0,0.0,0.0,0.0,0.0,0.0,0.0,0.0,0.0,0.0,0.0,0.0,0.0,0.0,0.0,0.0,0.0,0.0,0.0,0.0,0.0,0.0,0.0,0.0,0.0,0.0,0.0,0.0
2025-11-24T16:10:08.966249,204,student_4_lec_2a96290c_fc0dad25,lec_2a96290c,cv101,0,0.0,no_face,0.0,0.0,0.0,0.0,0.0,0.0,0.0,0.0,0.0,0.0,0.0,0.0,0.0,0.0,0.0,0.0,0.0,0.0,0.0,0.0,0.0,0.0,0.0,0.0,0.0,0.0,0.0,0.0,0.0,0.0,0.0,0.0,0.0,0.0,0.0
2025-11-24T16:10:10.011352,205,student_4_lec_2a96290c_fc0dad25,lec_2a96290c,cv101,0,0.0,no_face,0.0,0.0,0.0,0.0,0.0,0.0,0.0,0.0,0.0,0.0,0.0,0.0,0.0,0.0,0.0,0.0,0.0,0.0,0.0,0.0,0.0,0.0,0.0,0.0,0.0,0.0,0.0,0.0,0.0,0.0,0.0,0.0,0.0,0.0,0.0
2025-11-24T16:10:11.034225,206,student_4_lec_2a96290c_fc0dad25,lec_2a96290c,cv101,1,0.95,engaged,56.06,-0.0001,-0.0084,-0.0055,0.0058,-0.0107,-0.0061,-21.31,-121.42,-197.51,-446.25,-2223.47,-163.94,25.33,-171.39,4.18,3.12,0.82,2.65,5.0,2.35,3.42,4.77,3.11,2.18,1.89,5.0,2.59,0.34,4.66,4.96,0.0,4.05,2.71,0
2025-11-24T16:10:12.050306,207,student_4_lec_2a96290c_fc0dad25,lec_2a96290c,cv101,0,0.0,no_face,0.0,0.0,0.0,0.0,0.0,0.0,0.0,0.0,0.0,0.0,0.0,0.0,0.0,0.0,0.0,0.0,0.0,0.0,0.0,0.0,0.0,0.0,0.0,0.0,0.0,0.0,0.0,0.0,0.0,0.0,0.0,0.0,0.0,0.0,0.0
2025-11-24T16:10:13.065009,208,student_4_lec_2a96290c_fc0dad25,lec_2a96290c,cv101,1,0.95,partially_engaged,44.49,-0.0,-0.0015,-0.0032,-0.0015,-0.0012,-0.0033,-167.26,-157.67,825.16,325.02,3864.97,179.34,31.1,-8.14,1.41,1.06,3.59,1.6,2.87,3.4,1.73,2.77,1.95,1.36,3.05,5.0,1.62,2.06,2.94,3.44,0.0,2.41,2.02,1.8
2025-11-24T16:10:14.084087,209,student_4_lec_2a96290c_fc0dad25,lec_2a96290c,cv101,0,0.0,no_face,0.0,0.0,0.0,0.0,0.0,0.0,0.0,0.0,0.0,0.0,0.0,0.0,0.0,0.0,0.0,0.0,0.0,0.0,0.0,0.0,0.0,0.0,0.0,0.0,0.0,0.0,0.0,0.0,0.0,0.0,0.0,0.0,0.0,0.0,0.0
2025-11-24T16:10:15.126604,210,student_4_lec_2a96290c_fc0dad25,lec_2a96290c,cv101,0,0.0,no_face,0.0,0.0,0.0,0.0,0.0,0.0,0.0,0.0,0.0,0.0,0.0,0.0,0.0,0.0,0.0,0.0,0.0,0.0,0.0,0.0,0.0,0.0,0.0,0.0,0.0,0.0,0.0,0.0,0.0,0.0,0.0,0.0,0.0,0.0,0.0
2025-11-24T16:10:16.152149,211,student_4_lec_2a96290c_fc0dad25,lec_2a96290c,cv101,0,0.0,no_face,0.0,0.0,0.0,0.0,0.0,0.0,0.0,0.0,0.0,0.0,0.0,0.0,0.0,0.0,0.0,0.0,0.0,0.0,0.0,0.0,0.0,0.0,0.0,0.0,0.0,0.0,0.0,0.0,0.0,0.0,0.0,0.0,0.0,0.0,0.0
2025-11-24T16:10:17.171998,212,student_4_lec_2a96290c_fc0dad25,lec_2a96290c,cv101,0,0.0,no_face,0.0,0.0,0.0,0.0,0.0,0.0,0.0,0.0,0.0,0.0,0.0,0.0,0.0,0.0,0.0,0.0,0.0,0.0,0.0,0.0,0.0,0.0,0.0,0.0,0.0,0.0,0.0,0.0,0.0,0.0,0.0,0.0,0.0,0.0,0.0
2025-11-24T16:10:18.179412,213,student_4_lec_2a96290c_fc0dad25,lec_2a96290c,cv101,0,0.0,no_face,0.0,0.0,0.0,0.0,0.0,0.0,0.0,0.0,0.0,0.0,0.0,0.0,0.0,0.0,0.0,0.0,0.0,0.0,0.0,0.0,0.0,0.0,0.0,0.0,0.0,0.0,0.0,0.0,0.0,0.0,0.0,0.0,0.0,0.0,0.0
2025-11-24T16:10:19.200341,214,student_4_lec_2a96290c_fc0dad25,lec_2a96290c,cv101,0,0.0,no_face,0.0,0.0,0.0,0.0,0.0,0.0,0.0,0.0,0.0,0.0,0.0,0.0,0.0,0.0,0.0,0.0,0.0,0.0,0.0,0.0,0.0,0.0,0.0,0.0,0.0,0.0,0.0,0.0,0.0,0.0,0.0,0.0,0.0,0.0,0.0
2025-11-24T16:10:20.245519,215,student_4_lec_2a96290c_fc0dad25,lec_2a96290c,cv101,0,0.0,no_face,0.0,0.0,0.0,0.0,0.0,0.0,0.0,0.0,0.0,0.0,0.0,0.0,0.0,0.0,0.0,0.0,0.0,0.0,0.0,0.0,0.0,0.0,0.0,0.0,0.0,0.0,0.0,0.0,0.0,0.0,0.0,0.0,0.0,0.0,0.0
2025-11-24T16:10:21.266001,216,student_4_lec_2a96290c_fc0dad25,lec_2a96290c,cv101,0,0.0,no_face,0.0,0.0,0.0,0.0,0.0,0.0,0.0,0.0,0.0,0.0,0.0,0.0,0.0,0.0,0.0,0.0,0.0,0.0,0.0,0.0,0.0,0.0,0.0,0.0,0.0,0.0,0.0,0.0,0.0,0.0,0.0,0.0,0.0,0.0,0.0
2025-11-24T16:10:22.294720,217,student_4_lec_2a96290c_fc0dad25,lec_2a96290c,cv101,1,0.95,partially_engaged,45.6,0.0057,-0.0007,-0.0029,0.0014,-0.0043,-0.0032,137.22,-146.44,-406.42,577.71,3482.28,-178.47,24.51,-6.44,1.69,1.11,3.31,1.77,3.16,3.23,2.0,2.98,1.74,1.22,3.26,5.0,1.45,2.37,2.63,3.21,0.0,2.45,2.04,1.46
2025-11-24T16:10:23.298009,218,student_4_lec_2a96290c_fc0dad25,lec_2a96290c,cv101,0,0.0,no_face,0.0,0.0,0.0,0.0,0.0,0.0,0.0,0.0,0.0,0.0,0.0,0.0,0.0,0.0,0.0,0.0,0.0,0.0,0.0,0.0,0.0,0.0,0.0,0.0,0.0,0.0,0.0,0.0,0.0,0.0,0.0,0.0,0.0,0.0,0.0
2025-11-24T16:10:24.325396,219,student_4_lec_2a96290c_fc0dad25,lec_2a96290c,cv101,1,0.95,engaged,55.32,-0.002,-0.0,-0.0043,0.0012,-0.0052,-0.0046,5.23,-155.58,-249.79,291.53,2547.42,-164.65,21.52,-0.02,2.96,2.07,2.04,3.02,4.52,1.98,2.91,3.15,2.32,1.63,2.68,5.0,1.94,2.2,2.8,3.56,0.0,3.42,2.36,0
2025-11-24T16:10:25.371337,220,student_4_lec_2a96290c_fc0dad25,lec_2a96290c,cv101,1,0.95,engaged,54.36,-0.0007,-0.0007,-0.0047,-0.0022,-0.0086,-0.0049,-163.21,-145.79,-200.25,288.64,2539.33,-163.91,15.36,1.66,3.17,2.27,1.83,2.77,4.4,2.23,2.86,3.64,2.6,1.82,2.4,5.0,2.17,2.16,2.84,3.69,0.0,3.5,2.42,0
2025-11-24T16:10:26.391604,221,student_4_lec_2a96290c_fc0dad25,lec_2a96290c,cv101,1,0.95,engaged,67.95,-0.0009,0.0006,-0.0046,0.0002,-0.0073,-0.0049,4.28,24.54,-228.81,274.19,2494.24,-164.84,20.58,2.41,3.43,2.49,1.57,3.16,4.44,1.84,2.85,3.44,2.53,1.77,2.47,5.0,2.11,2.16,2.84,3.87,0.0,3.49,2.5,0
2025-11-24T16:10:27.412135,222,student_4_lec_2a96290c_fc0dad25,lec_2a96290c,cv101,1,0.95,engaged,67.72,-0.0011,0.0008,-0.0046,0.0002,-0.0043,-0.0049,5.73,15.48,-234.9,274.87,2494.09,-164.77,20.26,1.44,3.2,2.26,1.8,3.01,4.66,1.99,2.93,3.22,2.39,1.67,2.61,5.0,1.99,2.36,2.64,3.74,0.0,3.53,2.42,0
2025-11-24T16:10:28.423616,223,student_4_lec_2a96290c_fc0dad25,lec_2a96290c,cv101,1,0.95,engaged,54.03,0.0014,-0.0001,-0.0046,-0.0023,-0.005,-0.0049,4.48,-156.28,-239.52,284.75,2472.51,-162.35,18.37,1.85,3.44,2.45,1.56,2.55,4.68,2.45,2.98,2.94,2.56,1.79,2.44,5.0,2.13,2.03,2.97,3.62,0.0,3.62,2.48,0
2025-11-24T16:10:29.445136,224,student_4_lec_2a96290c_fc0dad25,lec_2a96290c,cv101,1,0.95,engaged,55.74,-0.0005,-0.0051,-0.0046,0.0001,-0.0099,-0.0049,2.15,-124.29,-219.09,276.16,2538.6,-165.55,17.78,2.22,2.66,1.8,2.34,3.03,4.52,1.97,2.84,3.71,2.48,1.74,2.52,5.0,2.07,1.87,3.13,3.83,0.0,3.5,2.27,0
2025-11-24T16:10:30.494272,225,student_4_lec_2a96290c_fc0dad25,lec_2a96290c,cv101,1,0.95,engaged,56.11,0.0012,-0.0008,-0.0049,0.0005,-0.0081,-0.0051,170.61,-146.45,-219.78,255.82,2503.69,-166.35,14.85,1.69,3.08,2.17,1.92,3.23,4.27,1.77,2.81,3.76,2.64,1.85,2.36,5.0,2.2,1.89,3.11,3.97,0.0,3.46,2.39,0
2025-11-24T16:10:31.511785,226,student_4_lec_2a96290c_fc0dad25,lec_2a96290c,cv101,1,0.95,engaged,57.05,-0.0025,-0.0007,-0.0044,0.0011,-0.0052,-0.0047,8.08,-151.44,-251.19,278.83,2498.62,-163.73,20.55,1.85,3.25,2.24,1.75,3.47,4.48,1.53,3.01,3.02,2.29,1.61,2.71,5.0,1.91,2.33,2.67,3.66,0.0,3.39,2.41,0
2025-11-24T16:10:32.533407,227,student_4_lec_2a96290c_fc0dad25,lec_2a96290c,cv101,1,0.95,engaged,56.34,-0.0006,-0.0008,-0.0045,-0.0005,-0.0058,-0.0048,-172.92,-149.85,-248.3,282.88,2515.63,-164.57,20.74,2.43,3.04,2.08,1.96,3.19,4.6,1.81,2.9,3.1,2.36,1.66,2.64,5.0,1.97,2.28,2.72,3.76,0.0,3.48,2.36,0
2025-11-24T16:10:33.543486,228,student_4_lec_2a96290c_fc0dad25,lec_2a96290c,cv101,1,0.95,engaged,56.04,0.0024,-0.0032,-0.0045,0.003,-0.0086,-0.0049,150.14,-132.24,-247.71,278.53,2462.85,-162.64,19.88,2.68,3.18,2.21,1.82,3.01,4.66,1.99,2.93,3.4,2.56,1.79,2.44,5.0,2.13,1.96,3.04,3.7,0.0,3.61,2.4,0
2025-11-24T16:10:34.564406,229,student_4_lec_2a96290c_fc0dad25,lec_2a96290c,cv101,1,0.95,engaged,56.3,0.0036,-0.0033,-0.0045,0.0018,-0.0048,-0.0049,150.51,-139.38,267.89,-299.93,-2749.03,-153.86,27.88,-173.16,3.22,2.25,1.78,3.09,4.67,1.91,3.02,2.82,2.51,1.76,2.49,5.0,2.09,2.07,2.93,3.49,0.0,3.59,2.42,0
2025-11-24T16:10:35.575823,230,student_4_lec_2a96290c_fc0dad25,lec_2a96290c,cv101,1,0.95,engaged,56.29,0.0019,-0.0021,-0.0046,0.0017,-0.0119,-0.0049,159.08,-133.76,-242.42,287.9,2459.4,-161.46,18.97,3.74,3.1,2.14,1.9,3.12,4.49,1.88,2.87,3.41,2.68,1.88,2.32,5.0,2.24,2.12,2.88,3.66,0.0,3.58,2.38,0
2025-11-24T16:10:36.604232,231,student_4_lec_2a96290c_fc0dad25,lec_2a96290c,cv101,1,0.95,engaged,55.85,0.0012,-0.0011,-0.0045,0.0,-0.0074,-0.0049,172.66,-144.76,-243.41,286.86,2469.6,-162.48,20.79,3.44,3.16,2.16,1.84,3.04,4.57,1.96,2.92,3.33,2.51,1.75,2.49,5.0,2.09,2.02,2.98,3.6,0.0,3.54,2.39,0
2025-11-24T16:10:37.624148,232,student_4_lec_2a96290c_fc0dad25,lec_2a96290c,cv101,1,0.95,engaged,54.48,0.0023,-0.0018,-0.0045,0.0002,-0.0099,-0.0049,165.31,-137.27,-261.63,279.38,2491.45,-164.23,21.66,2.74,3.45,2.45,1.55,2.77,4.55,2.23,2.87,3.48,2.48,1.74,2.52,5.0,2.07,1.88,3.12,3.76,0.0,3.51,2.48,0
2025-11-24T16:10:38.634017,233,student_4_lec_2a96290c_fc0dad25,lec_2a96290c,cv101,1,0.95,engaged,56.14,0.0009,-0.0024,-0.0045,0.0029,-0.009,-0.0048,158.91,-135.25,270.5,-296.0,-2767.55,-156.37,26.97,-174.71,3.22,2.28,1.78,3.1,4.6,1.9,2.95,3.08,2.51,1.76,2.49,5.0,2.09,2.01,2.99,3.65,0.0,3.55,2.43,0
2025-11-24T16:10:39.652242,234,student_4_lec_2a96290c_fc0dad25,lec_2a96290c,cv101,1,0.95,engaged,57.06,0.0029,-0.0023,-0.0047,0.0023,-0.0038,-0.005,151.87,-148.43,-261.33,277.9,2474.05,-163.23,19.47,1.97,3.03,2.05,1.97,3.32,4.51,1.68,2.9,3.39,2.58,1.81,2.42,5.0,2.15,2.07,2.93,3.73,0.0,3.54,2.35,0
2025-11-24T16:10:40.697298,235,student_4_lec_2a96290c_fc0dad25,lec_2a96290c,cv101,1,0.95,engaged,57.32,0.0016,-0.0047,-0.0044,0.0019,-0.0032,-0.0048,159.53,-139.65,-281.12,264.14,2499.22,-165.82,22.4,1.42,2.77,1.8,2.23,3.38,4.59,1.62,2.95,3.62,2.42,1.69,2.58,5.0,2.02,1.93,3.07,3.82,0.0,3.5,2.27,0
2025-11-24T16:10:41.727941,236,student_4_lec_2a96290c_fc0dad25,lec_2a96290c,cv101,1,0.95,engaged,56.69,-0.0004,-0.0005,-0.0046,0.0013,-0.0074,-0.0049,-4.85,-148.84,-270.74,270.59,2517.2,-164.32,19.71,3.01,2.97,1.97,2.03,3.32,4.47,1.68,2.82,3.38,2.42,1.69,2.58,5.0,2.01,2.25,2.75,3.8,0.0,3.44,2.32,0
2025-11-24T16:10:42.743436,237,student_4_lec_2a96290c_fc0dad25,lec_2a96290c,cv101,1,0.95,engaged,54.93,0.0003,0.0001,-0.0045,0.0015,-0.0078,-0.0048,169.97,28.38,-265.51,283.47,2511.1,-162.26,19.84,2.23,3.26,2.32,1.74,2.87,4.59,2.13,2.93,3.06,2.4,1.68,2.6,5.0,2.0,2.47,2.53,3.6,0.0,3.5,2.44,0
2025-11-24T16:10:43.748878,238,student_4_lec_2a96290c_fc0dad25,lec_2a96290c,cv101,1,0.95,engaged,55.22,0.0002,-0.0013,-0.0044,0.0036,-0.0084,-0.0047,159.6,-141.51,-258.52,283.57,2564.03,-163.53,18.74,3.41,3.21,2.27,1.79,3.08,4.33,1.92,2.86,3.31,2.44,1.71,2.56,5.0,2.04,2.24,2.76,3.6,0.0,3.38,2.42,0
2025-11-24T16:10:44.775925,239,student_4_lec_2a96290c_fc0dad25,lec_2a96290c,cv101,1,0.95,engaged,55.71,-0.0004,-0.0009,-0.0044,0.0013,-0.0052,-0.0048,-4.65,-150.35,-271.24,278.12,2556.5,-164.3,19.71,2.06,3.05,2.19,1.95,3.07,4.45,1.93,2.86,3.37,2.54,1.78,2.46,5.0,2.11,1.73,3.27,3.73,0.0,3.5,2.4,0
2025-11-24T16:10:45.857641,240,student_4_lec_2a96290c_fc0dad25,lec_2a96290c,cv101,1,0.95,engaged,66.86,-0.0006,0.0001,-0.0044,0.0025,-0.003,-0.0048,-10.08,15.47,-280.57,269.74,2572.59,-166.52,20.05,1.91,3.18,2.25,1.82,3.01,4.29,1.99,2.79,3.64,2.46,1.72,2.54,5.0,2.05,1.95,3.05,3.8,0.0,3.38,2.42,0
2025-11-24T16:10:46.883101,241,student_4_lec_2a96290c_fc0dad25,lec_2a96290c,cv101,1,0.95,engaged,66.45,-0.002,0.0012,-0.0046,0.0003,-0.0079,-0.0049,9.82,21.86,-270.92,272.56,2552.03,-166.28,20.31,1.85,3.32,2.43,1.68,2.88,4.31,2.12,2.83,3.25,2.55,1.79,2.45,5.0,2.13,1.95,3.05,3.87,0.0,3.43,2.48,0
2025-11-24T16:10:47.906103,242,student_4_lec_2a96290c_fc0dad25,lec_2a96290c,cv101,1,0.95,engaged,56.15,-0.0002,-0.0004,-0.0047,0.0012,-0.0075,-0.0049,-5.65,-149.49,-255.99,272.93,2558.01,-165.75,16.84,2.02,3.02,2.11,1.98,3.29,4.26,1.71,2.77,3.73,2.53,1.77,2.47,5.0,2.11,2.16,2.84,3.83,0.0,3.39,2.37,0
2025-11-24T16:10:48.942444,243,student_4_lec_2a96290c_fc0dad25,lec_2a96290c,cv101,1,0.95,engaged,56.24,0.0017,0.0001,-0.0044,0.0023,-0.0053,-0.0048,157.07,23.07,-290.6,239.66,2561.35,-166.62,21.38,0.44,2.92,2.03,2.08,3.33,4.4,1.67,2.8,3.63,2.25,1.58,2.75,5.0,1.88,1.69,3.31,4.01,0.0,3.33,2.34,0
2025-11-24T16:10:49.995140,244,student_4_lec_2a96290c_fc0dad25,lec_2a96290c,cv101,1,0.95,engaged,56.62,0.0015,-0.0021,-0.0045,0.0041,-0.0071,-0.0048,150.81,-139.84,-292.2,237.22,2619.01,-166.77,19.46,1.71,2.58,1.74,2.42,3.43,4.32,1.57,2.75,3.48,2.29,1.61,2.71,5.0,1.91,2.28,2.72,3.85,0.0,3.31,2.25,0
2025-11-24T16:10:51.004861,245,student_4_lec_2a96290c_fc0dad25,lec_2a96290c,cv101,1,0.95,engaged,55.56,-0.0021,-0.001,-0.0045,0.0026,-0.0072,-0.0048,-1.88,-145.49,-281.78,249.63,2637.18,-167.81,18.53,1.82,3.16,2.25,1.84,3.27,4.2,1.73,2.74,3.55,2.36,1.65,2.64,5.0,1.97,2.08,2.92,3.9,0.0,3.28,2.42,0
2025-11-24T16:10:52.024579,246,student_4_lec_2a96290c_fc0dad25,lec_2a96290c,cv101,1,0.95,engaged,56.49,-0.0005,-0.0015,-0.0045,0.0004,-0.0096,-0.0048,0.97,-139.33,-263.77,265.32,2562.66,-164.09,18.07,3.25,3.33,2.33,1.67,3.4,4.32,1.6,2.84,3.37,2.4,1.68,2.6,5.0,2.0,2.27,2.73,3.76,0.0,3.36,2.44,0
2025-11-24T16:10:53.065344,247,student_4_lec_2a96290c_fc0dad25,lec_2a96290c,cv101,1,0.95,engaged,54.92,-0.0008,-0.0018,-0.0048,0.0014,-0.009,-0.005,-3.5,-139.08,-246.05,266.45,2547.66,-166.61,16.24,2.55,3.19,2.26,1.81,2.99,4.39,2.01,2.82,3.45,2.4,1.68,2.6,5.0,2.0,2.14,2.86,3.91,0.0,3.39,2.42,0
2025-11-24T16:10:54.084358,248,student_4_lec_2a96290c_fc0dad25,lec_2a96290c,cv101,1,0.95,engaged,55.12,-0.0005,0.0002,-0.0046,-0.0014,-0.0082,-0.005,-169.44,28.16,-256.8,269.72,2494.25,-164.48,18.2,2.79,3.25,2.29,1.75,2.87,4.58,2.13,2.85,3.26,2.52,1.76,2.48,5.0,2.1,2.09,2.91,3.81,0.0,3.55,2.43,0
2025-11-24T16:10:55.108949,249,student_4_lec_2a96290c_fc0dad25,lec_2a96290c,cv101,1,0.95,engaged,56.22,-0.0009,-0.0015,-0.0047,-0.0051,-0.0059,-0.0049,-151.77,-145.67,-254.15,283.61,2513.92,-162.25,16.7,2.9,3.24,2.27,1.76,3.08,4.66,1.92,2.92,2.85,2.51,1.76,2.49,5.0,2.1,2.43,2.57,3.65,0.0,3.58,2.42,0
2025-11-24T16:10:56.116781,250,student_4_lec_2a96290c_fc0dad25,lec_2a96290c,cv101,1,0.95,engaged,55.48,-0.0006,-0.0013,-0.0046,-0.0012,-0.0052,-0.005,-169.44,-149.08,-275.37,273.49,2544.85,-165.68,19.22,1.79,3.09,2.2,1.91,3.01,4.49,1.99,2.83,3.64,2.5,1.75,2.5,5.0,2.09,2.02,2.98,3.87,0.0,3.5,2.4,0
2025-11-24T16:10:57.143595,251,student_4_lec_2a96290c_fc0dad25,lec_2a96290c,cv101,1,0.95,engaged,54.99,0.0009,-0.0023,-0.0047,-0.002,-0.007,-0.005,5.36,-139.8,-268.21,278.44,2552.84,-164.69,16.61,2.92,3.18,2.2,1.82,3.02,4.35,1.98,2.87,3.38,2.41,1.68,2.59,5.0,2.01,2.02,2.98,3.72,0.0,3.38,2.4,0
2025-11-24T16:10:58.183084,252,student_4_lec_2a96290c_fc0dad25,lec_2a96290c,cv101,1,0.95,engaged,55.78,-0.0003,-0.0008,-0.0047,-0.002,-0.0057,-0.005,-167.25,-151.05,-268.23,287.0,2516.61,-162.48,16.26,1.75,3.4,2.48,1.6,3.1,4.49,1.9,2.93,3.03,2.5,1.75,2.5,5.0,2.08,2.18,2.82,3.69,0.0,3.5,2.49,0
2025-11-24T16:10:59.207454,253,student_4_lec_2a96290c_fc0dad25,lec_2a96290c,cv101,1,0.95,engaged,55.02,-0.0012,-0.0013,-0.0047,0.001,-0.0041,-0.0049,1.43,-152.28,-277.79,287.27,2522.71,-163.46,17.6,2.14,3.38,2.48,1.62,2.94,4.49,2.06,2.93,3.3,2.46,1.72,2.54,5.0,2.05,2.39,2.61,3.7,0.0,3.48,2.49,0
2025-11-24T16:11:00.230760,254,student_4_lec_2a96290c_fc0dad25,lec_2a96290c,cv101,1,0.95,engaged,54.92,0.0029,-0.0022,-0.0045,-0.0003,-0.0078,-0.0048,-14.82,-137.54,-276.19,295.39,2543.76,-162.01,17.88,4.81,3.54,2.5,1.46,3.0,4.42,2.0,2.89,3.04,2.37,1.66,2.63,5.0,1.98,2.36,2.64,3.53,0.0,3.4,2.5,0
2025-11-24T16:11:01.238148,255,student_4_lec_2a96290c_fc0dad25,lec_2a96290c,cv101,1,0.95,engaged,54.84,-0.0005,-0.0016,-0.0047,-0.0002,-0.0064,-0.0048,-175.51,-144.27,-273.51,279.12,2568.2,-163.62,11.24,-1.03,2.82,1.95,2.18,2.99,4.32,2.01,2.91,3.25,2.4,1.68,2.6,5.0,2.0,2.23,2.77,3.59,0.0,3.36,2.32,0
2025-11-24T16:11:02.260632,256,student_4_lec_2a96290c_fc0dad25,lec_2a96290c,cv101,1,0.95,engaged,57.02,0.0007,0.0001,-0.0049,-0.0025,-0.006,-0.0052,8.91,23.79,-303.5,275.05,2435.5,-161.73,13.36,1.44,3.12,2.13,1.88,3.2,4.7,1.8,2.98,3.31,2.58,1.81,2.42,5.0,2.15,1.98,3.02,3.67,0.0,3.64,2.38,0
2025-11-24T16:11:03.307155,257,student_4_lec_2a96290c_fc0dad25,lec_2a96290c,cv101,1,0.95,engaged,55.24,0.0009,-0.0031,-0.0045,-0.0022,-0.0088,-0.0049,6.09,-132.3,-309.34,304.11,2415.99,-157.2,16.05,2.86,3.34,2.35,1.66,2.8,4.74,2.2,3.15,2.51,2.53,1.77,2.47,5.0,2.11,2.24,2.76,3.13,0.0,3.63,2.45,0
2025-11-24T16:11:04.327050,258,student_4_lec_2a96290c_fc0dad25,lec_2a96290c,cv101,1,0.95,engaged,57.34,0.0079,-0.0052,-0.0045,0.0021,-0.0052,-0.0047,137.77,-131.5,-277.45,295.16,2514.52,-162.34,11.79,1.96,2.51,1.66,2.49,3.31,4.67,1.69,2.91,3.33,2.45,1.71,2.55,5.0,2.04,1.99,3.01,3.56,0.0,3.56,2.22,0
2025-11-24T16:11:05.351274,259,student_4_lec_2a96290c_fc0dad25,lec_2a96290c,cv101,1,0.95,engaged,58.16,-0.0019,-0.0021,-0.0048,0.0004,-0.0063,-0.0045,8.27,-140.94,-73.56,257.17,2539.1,-163.64,-24.16,-3.57,2.79,1.87,2.21,3.64,4.47,1.36,2.88,3.11,2.45,1.72,2.55,5.0,2.04,2.47,2.53,3.78,0.0,3.46,2.29,0
2025-11-24T16:11:06.359044,260,student_4_lec_2a96290c_fc0dad25,lec_2a96290c,cv101,1,0.95,engaged,57.99,0.0026,-0.007,-0.0051,-0.0039,-0.0046,-0.0047,6.01,-130.93,53.39,250.37,2484.81,-165.21,-26.34,-1.53,2.77,1.93,2.23,3.49,4.54,1.51,2.81,3.47,2.62,1.84,2.38,5.0,2.19,1.8,3.2,3.98,0.0,3.58,2.31,0
2025-11-24T16:11:07.384685,261,student_4_lec_2a96290c_fc0dad25,lec_2a96290c,cv101,1,0.95,engaged,58.25,-0.0009,-0.0045,-0.0049,-0.0009,-0.0008,-0.0045,-169.11,-153.71,20.38,254.48,2487.77,-164.44,-23.02,-0.58,3.04,2.1,1.96,3.61,4.48,1.39,2.85,3.52,2.6,1.82,2.4,5.0,2.16,1.72,3.28,3.85,0.0,3.54,2.37,0
2025-11-24T16:11:08.425997,262,student_4_lec_2a96290c_fc0dad25,lec_2a96290c,cv101,1,0.95,engaged,70.34,-0.0,-0.0044,-0.0048,0.0004,0.0007,-0.0045,-2.21,16.71,12.3,269.18,2465.44,-160.47,-21.03,0.03,3.43,2.37,1.57,3.63,4.55,1.37,2.95,3.0,2.55,1.78,2.45,5.0,2.12,2.12,2.88,3.55,0.0,3.55,2.46,0
2025-11-24T16:11:09.449432,263,student_4_lec_2a96290c_fc0dad25,lec_2a96290c,cv101,1,0.95,engaged,58.73,-0.0023,-0.005,-0.0049,-0.0011,0.0012,-0.0046,-161.13,15.09,-5.9,-269.64,-2716.62,-155.79,-19.72,176.66,3.12,2.08,1.88,3.63,4.59,1.37,2.95,3.16,2.65,1.86,2.35,5.0,2.21,1.92,3.08,3.58,0.0,3.62,2.36,0
2025-11-24T16:11:10.475076,264,student_4_lec_2a96290c_fc0dad25,lec_2a96290c,cv101,1,0.95,engaged,57.45,-0.0055,-0.0028,-0.0048,-0.0003,-0.0063,-0.0047,-153.86,-138.08,-49.48,193.96,2565.82,-170.11,-13.31,-0.21,2.84,2.01,2.16,3.33,4.66,1.67,2.76,3.84,2.55,1.78,2.45,5.0,2.12,1.48,3.52,4.36,0.0,3.6,2.34,0
2025-11-24T16:11:11.475839,265,student_4_lec_2a96290c_fc0dad25,lec_2a96290c,cv101,1,0.95,engaged,56.08,-0.0025,-0.0027,-0.0048,0.0006,-0.0095,-0.0047,10.33,-133.42,-120.68,196.25,2570.22,-170.47,-17.93,-0.8,2.52,1.78,2.48,2.98,4.64,2.02,2.74,3.53,2.61,1.83,2.39,5.0,2.18,1.77,3.23,4.54,0.0,3.62,2.26,0
2025-11-24T16:11:12.500185,266,student_4_lec_2a96290c_fc0dad25,lec_2a96290c,cv101,1,0.95,engaged,56.05,-0.0051,-0.0009,-0.0048,-0.0007,-0.0037,-0.0048,-152.7,-156.05,-154.22,187.62,2550.74,-170.91,-7.84,-2.55,2.85,2.09,2.15,2.94,4.65,2.06,2.79,3.96,2.73,1.91,2.27,5.0,2.28,1.84,3.16,4.48,0.0,3.69,2.36,0
2025-11-24T16:11:13.543402,267,student_4_lec_2a96290c_fc0dad25,lec_2a96290c,cv101,1,0.95,engaged,57.06,-0.0038,-0.0024,-0.0048,0.002,-0.0089,-0.0048,8.13,-135.57,-187.03,184.51,2561.82,-173.42,-1.86,-1.56,2.59,1.81,2.41,3.16,4.68,1.84,2.71,4.14,2.67,1.87,2.33,5.0,2.23,1.49,3.51,4.69,0.0,3.67,2.27,0
2025-11-24T16:11:14.564713,268,student_4_lec_2a96290c_fc0dad25,lec_2a96290c,cv101,1,0.95,engaged,57.98,-0.003,-0.0036,-0.0048,0.0017,-0.0062,-0.0047,6.32,-135.22,-187.67,193.25,2588.74,-173.49,-1.06,-0.8,2.67,1.84,2.33,3.46,4.65,1.54,2.71,4.1,2.51,1.76,2.49,5.0,2.1,1.83,3.17,4.69,0.0,3.58,2.28,0
2025-11-24T16:11:15.591631,269,student_4_lec_2a96290c_fc0dad25,lec_2a96290c,cv101,1,0.95,engaged,57.96,-0.0049,-0.0037,-0.0049,0.0017,-0.0083,-0.0049,13.12,-131.83,-185.6,189.33,2547.51,-173.11,-2.38,-0.69,2.51,1.69,2.49,3.41,4.64,1.59,2.71,4.23,2.61,1.83,2.39,5.0,2.17,1.77,3.23,4.7,0.0,3.62,2.23,0
2025-11-24T16:11:16.598880,270,student_4_lec_2a96290c_fc0dad25,lec_2a96290c,cv101,1,0.95,engaged,57.07,-0.0002,-0.0013,-0.0048,0.001,-0.0057,-0.0047,-4.55,-147.37,-164.71,231.13,2608.84,-171.21,0.08,0.11,3.28,2.33,1.72,3.33,4.53,1.67,2.8,3.69,2.58,1.81,2.42,5.0,2.15,2.05,2.95,4.42,0.0,3.56,2.44,0
2025-11-24T16:11:17.622601,271,student_4_lec_2a96290c_fc0dad25,lec_2a96290c,cv101,1,0.95,engaged,59.63,-0.0007,-0.0014,-0.005,-0.0023,-0.009,-0.005,-163.59,-141.67,-128.69,221.94,2513.9,-169.2,-1.88,0.3,2.96,2.01,2.04,3.83,4.56,1.17,2.81,3.86,2.71,1.9,2.29,5.0,2.26,1.79,3.21,4.36,0.0,3.63,2.34,0
2025-11-24T16:11:18.660940,272,student_4_lec_2a96290c_fc0dad25,lec_2a96290c,cv101,1,0.95,engaged,58.81,-0.0039,-0.0012,-0.0049,0.0015,-0.0094,-0.005,10.94,-141.96,-161.07,206.46,2514.08,-171.91,3.29,0.76,2.83,2.0,2.17,3.6,4.55,1.4,2.72,4.17,2.81,1.97,2.19,5.0,2.34,1.43,3.57,4.55,0.0,3.68,2.33,0
2025-11-24T16:11:19.689550,273,student_4_lec_2a96290c_fc0dad25,lec_2a96290c,cv101,1,0.95,engaged,59.33,-0.0024,-0.001,-0.0048,0.0004,-0.0119,-0.0048,10.85,-140.27,-98.57,214.65,2541.29,-170.36,-8.23,1.89,2.83,1.9,2.17,3.77,4.56,1.23,2.82,3.81,2.66,1.86,2.34,5.0,2.21,1.63,3.37,4.39,0.0,3.61,2.3,0
2025-11-24T16:11:20.709306,274,student_4_lec_2a96290c_fc0dad25,lec_2a96290c,cv101,1,0.95,engaged,58.88,-0.0031,-0.0009,-0.0049,0.0036,-0.0067,-0.0049,-1.79,-147.68,-106.69,222.02,2592.5,-173.62,-11.84,0.87,2.62,1.81,2.38,3.66,4.57,1.34,2.75,4.04,2.64,1.85,2.36,5.0,2.2,1.73,3.27,4.5,0.0,3.61,2.27,0
2025-11-24T16:11:21.722955,275,student_4_lec_2a96290c_fc0dad25,lec_2a96290c,cv101,1,0.95,engaged,60.86,-0.003,-0.0023,-0.0049,0.0011,-0.0044,-0.0048,9.55,-146.2,-84.68,228.88,2562.1,-170.56,-14.82,1.29,2.86,1.91,2.14,4.09,4.6,0.91,2.87,3.73,2.69,1.88,2.31,5.0,2.24,1.75,3.25,4.25,0.0,3.64,2.3,0
2025-11-24T16:11:22.744233,276,student_4_lec_2a96290c_fc0dad25,lec_2a96290c,cv101,1,0.95,engaged,59.32,-0.0033,-0.001,-0.0049,0.0011,-0.0068,-0.0049,10.55,-147.18,-90.04,227.99,2574.79,-171.29,-12.67,1.56,2.82,1.9,2.18,3.72,4.65,1.28,2.84,3.91,2.64,1.85,2.36,5.0,2.2,1.71,3.29,4.32,0.0,3.65,2.3,0
2025-11-24T16:11:23.790367,277,student_4_lec_2a96290c_fc0dad25,lec_2a96290c,cv101,1,0.95,engaged,60.63,-0.0041,-0.0014,-0.0049,0.0008,-0.0092,-0.0048,15.66,-140.73,-82.24,221.62,2542.32,-171.39,-16.44,0.79,2.75,1.82,2.25,4.1,4.55,0.9,2.84,3.94,2.59,1.81,2.41,5.0,2.15,1.83,3.17,4.35,0.0,3.57,2.27,0
2025-11-24T16:11:24.806654,278,student_4_lec_2a96290c_fc0dad25,lec_2a96290c,cv101,1,0.95,engaged,59.43,-0.0031,-0.0018,-0.0047,0.0007,-0.0084,-0.0047,12.29,-138.97,-73.17,219.1,2600.79,-171.49,-17.06,0.71,2.8,1.95,2.2,3.87,4.52,1.13,2.78,3.92,2.55,1.79,2.45,5.0,2.13,1.82,3.18,4.25,0.0,3.53,2.32,0
2025-11-24T16:11:25.829149,279,student_4_lec_2a96290c_fc0dad25,lec_2a96290c,cv101,1,0.95,engaged,56.71,-0.002,-0.0047,-0.0048,-0.0003,-0.0072,-0.0051,-166.73,-130.32,-258.5,246.28,2516.55,-169.44,13.44,0.29,2.39,1.59,2.61,3.28,4.5,1.72,2.71,3.77,2.41,1.69,2.59,5.0,2.01,1.88,3.12,4.4,0.0,3.46,2.2,0
2025-11-24T16:11:26.837756,280,student_4_lec_2a96290c_fc0dad25,lec_2a96290c,cv101,1,0.95,engaged,59.38,0.0022,-0.0067,-0.0052,-0.0016,-0.0031,-0.0047,-2.21,-137.36,33.69,244.01,2448.48,-167.45,-25.95,0.24,2.96,2.02,2.04,3.76,4.51,1.24,2.79,3.61,2.81,1.96,2.19,5.0,2.34,1.5,3.5,4.16,0.0,3.66,2.34,0
2025-11-24T16:11:27.861440,281,student_4_lec_2a96290c_fc0dad25,lec_2a96290c,cv101,1,0.95,engaged,59.58,-0.0014,-0.0054,-0.005,-0.0025,-0.0014,-0.0047,-158.26,-147.94,-38.83,-248.08,-2699.67,-163.28,-28.16,178.41,2.75,1.79,2.25,3.81,4.65,1.19,2.85,3.72,2.55,1.79,2.45,5.0,2.13,1.75,3.25,3.99,0.0,3.6,2.26,0
2025-11-24T16:11:28.910271,282,student_4_lec_2a96290c_fc0dad25,lec_2a96290c,cv101,1,0.95,engaged,59.76,-0.0003,-0.0054,-0.0049,0.0006,-0.0016,-0.0045,-1.75,-146.41,-35.69,-236.51,-2680.67,-163.9,-26.82,178.13,2.91,1.94,2.09,3.77,4.77,1.23,2.88,3.75,2.6,1.82,2.4,5.0,2.17,1.35,3.65,3.99,0.0,3.68,2.31,0
2025-11-24T16:11:29.924179,283,student_4_lec_2a96290c_fc0dad25,lec_2a96290c,cv101,1,0.95,engaged,58.4,-0.0009,-0.0054,-0.0049,-0.0002,-0.0026,-0.0046,-173.46,-141.19,49.75,236.44,2444.52,-167.03,-26.08,2.45,3.18,2.23,1.82,3.54,4.64,1.46,2.86,3.72,2.64,1.85,2.36,5.0,2.2,1.53,3.47,4.1,0.0,3.64,2.41,0
2025-11-24T16:11:30.948221,284,student_4_lec_2a96290c_fc0dad25,lec_2a96290c,cv101,1,0.95,engaged,59.47,-0.0016,-0.005,-0.0051,-0.0023,-0.0026,-0.0047,-158.04,-143.11,45.02,235.71,2394.52,-165.82,-24.52,2.06,3.24,2.28,1.76,3.84,4.57,1.16,2.84,3.71,2.63,1.84,2.37,5.0,2.19,1.58,3.42,4.16,0.0,3.6,2.43,0
2025-11-24T16:11:31.957563,285,student_4_lec_2a96290c_fc0dad25,lec_2a96290c,cv101,1,0.95,engaged,59.16,-0.0005,-0.0041,-0.0051,-0.0025,0.0006,-0.0048,-163.38,15.55,-33.95,-246.72,-2643.1,-160.79,-23.92,179.69,3.42,2.43,1.58,3.79,4.54,1.21,2.88,3.68,2.65,1.85,2.35,5.0,2.21,1.45,3.55,4.17,0.0,3.59,2.48,0
2025-11-24T16:11:32.995697,286,student_4_lec_2a96290c_fc0dad25,lec_2a96290c,cv101,1,0.95,engaged,60.14,-0.0011,-0.0044,-0.0051,-0.0007,-0.0003,-0.0048,-169.97,-157.91,-9.63,-250.75,-2666.55,-161.27,-23.63,178.97,3.15,2.22,1.85,3.89,4.7,1.11,3.0,3.59,2.68,1.88,2.32,5.0,2.24,1.51,3.49,3.96,0.0,3.69,2.41,0
2025-11-24T16:11:34.020802,287,student_4_lec_2a96290c_fc0dad25,lec_2a96290c,cv101,1,0.95,engaged,58.18,-0.0062,-0.0038,-0.0049,-0.003,-0.0069,-0.0048,-138.21,-133.71,-138.76,210.59,2578.77,-170.67,-3.56,2.44,3.01,2.16,1.99,3.49,4.63,1.51,2.73,3.86,2.64,1.85,2.36,5.0,2.2,1.27,3.73,4.46,0.0,3.63,2.39,0
2025-11-24T16:11:35.054972,288,student_4_lec_2a96290c_fc0dad25,lec_2a96290c,cv101,1,0.95,engaged,58.19,-0.0026,-0.0022,-0.0047,0.0024,-0.008,-0.0047,1.02,-137.64,-130.2,191.09,2597.14,-171.11,-6.14,0.88,2.68,1.86,2.32,3.6,4.54,1.4,2.77,3.85,2.46,1.72,2.54,5.0,2.05,1.78,3.22,4.47,0.0,3.5,2.29,0
2025-11-24T16:11:36.070446,289,student_4_lec_2a96290c_fc0dad25,lec_2a96290c,cv101,1,0.95,engaged,57.32,-0.0037,-0.0021,-0.0047,0.0018,-0.0046,-0.0047,8.49,-146.03,-128.43,196.29,2624.13,-171.27,-6.38,0.0,2.62,1.8,2.38,3.36,4.54,1.64,2.78,3.91,2.54,1.77,2.46,5.0,2.11,2.07,2.93,4.4,0.0,3.54,2.27,0
2025-11-24T16:11:37.079106,290,student_4_lec_2a96290c_fc0dad25,lec_2a96290c,cv101,1,0.95,engaged,57.94,-0.0029,-0.0025,-0.0047,0.0027,-0.0053,-0.0047,0.67,-142.15,-176.24,189.56,2595.58,-171.58,6.64,-0.92,2.52,1.73,2.48,3.49,4.56,1.51,2.77,3.91,2.53,1.77,2.47,5.0,2.11,2.02,2.98,4.46,0.0,3.54,2.24,0
2025-11-24T16:11:38.108946,291,student_4_lec_2a96290c_fc0dad25,lec_2a96290c,cv101,1,0.95,engaged,54.24,0.0029,0.0009,-0.0047,0.003,-0.0038,-0.005,148.64,13.06,-302.48,213.53,2511.03,-169.13,17.28,-0.73,2.76,2.04,2.24,2.76,4.38,2.24,2.78,3.63,2.55,1.78,2.45,5.0,2.12,1.62,3.38,4.32,0.0,3.46,2.35,0
2025-11-24T16:11:39.147978,292,student_4_lec_2a96290c_fc0dad25,lec_2a96290c,cv101,1,0.95,engaged,54.59,0.0024,0.0008,-0.0043,0.0046,-0.0046,-0.0047,143.13,16.85,356.65,-284.14,-2785.2,-162.16,34.18,-177.06,3.09,2.12,1.91,2.99,4.29,2.01,2.99,3.47,2.33,1.63,2.67,5.0,1.95,2.07,2.93,3.75,0.0,3.31,2.37,0
2025-11-24T16:11:40.164880,293,student_4_lec_2a96290c_fc0dad25,lec_2a96290c,cv101,1,0.95,engaged,56.96,0.0049,-0.006,-0.0045,0.0035,-0.0077,-0.0049,138.49,-124.43,-332.88,273.07,2451.68,-164.95,20.14,0.36,2.64,1.8,2.36,3.27,4.53,1.73,2.89,3.27,2.57,1.8,2.43,5.0,2.14,1.78,3.22,3.96,0.0,3.55,2.27,0
2025-11-24T16:11:41.191175,294,student_4_lec_2a96290c_fc0dad25,lec_2a96290c,cv101,1,0.95,engaged,55.0,-0.0019,0.003,-0.0045,-0.007,-0.001,-0.0049,-141.47,-11.01,-363.29,189.11,2507.03,-171.62,25.17,1.54,2.37,1.54,2.63,2.97,4.4,2.03,2.6,4.23,2.34,1.64,2.66,5.0,1.95,1.17,3.83,4.76,0.0,3.37,2.18,0
2025-11-24T16:11:42.197647,295,student_4_lec_2a96290c_fc0dad25,lec_2a96290c,cv101,1,0.95,engaged,57.63,0.0008,-0.0013,-0.0045,0.0027,-0.0031,-0.0049,160.56,-156.0,-309.82,218.09,2420.32,-166.22,23.55,1.12,2.73,1.83,2.27,3.36,4.66,1.64,2.9,3.6,2.54,1.78,2.46,5.0,2.12,1.89,3.11,4.05,0.0,3.6,2.28,0
2025-11-24T16:11:43.209093,296,student_4_lec_2a96290c_fc0dad25,lec_2a96290c,cv101,1,0.95,engaged,58.61,0.0047,-0.0044,-0.0043,0.0041,-0.0046,-0.0047,135.79,-135.09,321.33,-223.47,-2639.21,-162.16,36.77,-175.08,2.46,1.57,2.54,3.52,4.88,1.48,2.99,3.42,2.33,1.63,2.67,5.0,1.94,1.51,3.49,4.02,0.0,3.6,2.19,0
2025-11-24T16:11:44.216944,297,student_4_lec_2a96290c_fc0dad25,lec_2a96290c,cv101,1,0.95,engaged,57.14,0.0019,-0.0063,-0.0044,0.0032,-0.0033,-0.0047,151.07,-134.73,-299.03,204.54,2509.4,-168.13,22.81,1.0,2.3,1.51,2.7,3.37,4.6,1.63,2.84,3.9,2.27,1.59,2.73,5.0,1.89,1.82,3.18,4.19,0.0,3.43,2.17,0
2025-11-24T16:11:45.223591,298,student_4_lec_2a96290c_fc0dad25,lec_2a96290c,cv101,1,0.95,engaged,54.53,0.0005,-0.0006,-0.0043,0.0046,-0.0059,-0.0045,154.28,-149.57,-277.27,189.06,2548.43,-172.9,23.2,-0.15,2.57,1.82,2.43,2.91,4.43,2.09,2.71,3.86,2.23,1.56,2.77,5.0,1.86,1.73,3.27,4.47,0.0,3.33,2.27,0
2025-11-24T16:11:46.244513,299,student_4_lec_2a96290c_fc0dad25,lec_2a96290c,cv101,1,0.95,engaged,51.66,0.0005,0.0008,-0.0045,0.0031,-0.0054,-0.0048,159.96,19.09,-257.51,180.54,2556.3,-174.77,21.63,-0.28,3.23,2.47,1.77,2.37,4.2,2.63,2.73,4.19,2.39,1.67,2.61,5.0,1.99,1.58,3.42,4.59,0.0,3.29,2.49,0.26
2025-11-24T16:11:47.260667,300,student_4_lec_2a96290c_fc0dad25,lec_2a96290c,cv101,1,0.95,engaged,52.92,0.0022,0.0003,-0.0046,0.0009,-0.0033,-0.0048,161.89,15.64,-242.69,176.54,2542.0,-173.9,17.91,0.34,3.21,2.39,1.79,2.53,4.36,2.47,2.7,4.17,2.45,1.72,2.55,5.0,2.05,1.24,3.76,4.59,0.0,3.41,2.46,0
2025-11-24T16:11:48.280471,301,student_4_lec_2a96290c_fc0dad25,lec_2a96290c,cv101,1,0.95,engaged,67.52,-0.0009,0.0002,-0.0046,0.0021,-0.0055,-0.0048,-6.05,23.24,-241.54,179.51,2561.56,-171.38,16.38,1.75,2.97,2.15,2.03,3.04,4.48,1.96,2.73,4.01,2.45,1.71,2.55,5.0,2.04,1.41,3.59,4.41,0.0,3.47,2.38,0
2025-11-24T16:11:49.305259,302,student_4_lec_2a96290c_fc0dad25,lec_2a96290c,cv101,1,0.95,engaged,55.05,0.0006,-0.0007,-0.0046,0.0034,-0.0065,-0.0048,158.89,-148.7,-248.9,186.97,2556.99,-171.58,17.98,2.21,2.93,2.17,2.07,3.01,4.47,1.99,2.73,4.04,2.28,1.6,2.72,5.0,1.9,1.42,3.58,4.56,0.0,3.38,2.39,0
2025-11-24T16:11:50.312552,303,student_4_lec_2a96290c_fc0dad25,lec_2a96290c,cv101,1,0.95,engaged,53.95,0.0026,0.0026,-0.0045,0.0031,-0.002,-0.0047,148.33,-3.5,-269.38,209.46,2569.81,-170.38,16.73,1.59,3.31,2.53,1.69,2.82,4.36,2.18,2.81,3.71,2.36,1.65,2.64,5.0,1.97,1.7,3.3,4.32,0.0,3.36,2.51,0
2025-11-24T16:11:51.338741,304,student_4_lec_2a96290c_fc0dad25,lec_2a96290c,cv101,1,0.95,engaged,54.98,-0.0002,-0.0024,-0.0047,0.002,-0.01,-0.0049,-9.93,-134.5,-238.4,200.18,2555.11,-172.53,17.02,3.83,3.18,2.32,1.82,3.07,4.29,1.93,2.64,4.04,2.4,1.68,2.6,5.0,2.0,1.54,3.46,4.42,0.0,3.34,2.44,0
2025-11-24T16:11:52.378051,305,student_4_lec_2a96290c_fc0dad25,lec_2a96290c,cv101,1,0.95,engaged,55.43,0.0006,0.0031,-0.0046,0.0035,-0.0036,-0.0048,157.96,1.07,-252.8,217.37,2567.96,-170.26,15.14,1.88,3.23,2.39,1.77,3.15,4.18,1.85,2.76,3.77,2.63,1.84,2.37,5.0,2.19,1.38,3.62,4.26,0.0,3.4,2.46,0
2025-11-24T16:11:53.400054,306,student_4_lec_2a96290c_fc0dad25,lec_2a96290c,cv101,1,0.95,engaged,53.36,0.0036,0.0027,-0.0048,0.002,-0.0017,-0.0051,150.88,-5.2,-268.33,205.5,2541.56,-170.34,15.8,1.32,3.37,2.54,1.63,2.52,4.44,2.48,2.72,3.93,2.63,1.84,2.37,5.0,2.2,1.47,3.53,4.34,0.0,3.54,2.51,0
2025-11-24T16:11:54.424564,307,student_4_lec_2a96290c_fc0dad25,lec_2a96290c,cv101,1,0.95,engaged,54.98,0.0018,0.0009,-0.0045,0.0052,-0.0046,-0.0047,145.12,16.44,-265.69,177.58,2589.37,-172.94,17.98,1.03,2.99,2.22,2.01,3.1,4.34,1.9,2.7,4.03,2.23,1.56,2.77,5.0,1.86,1.34,3.66,4.49,0.0,3.29,2.41,0
2025-11-24T16:11:55.431280,308,student_4_lec_2a96290c_fc0dad25,lec_2a96290c,cv101,1,0.95,engaged,54.26,0.0055,0.0029,-0.0045,0.0034,-0.0012,-0.0047,137.24,-9.48,-285.03,193.09,2549.49,-169.31,17.05,1.24,3.16,2.4,1.84,2.74,4.55,2.26,2.73,3.89,2.42,1.7,2.58,5.0,2.02,1.33,3.67,4.52,0.0,3.48,2.47,0
2025-11-24T16:11:56.456059,309,student_4_lec_2a96290c_fc0dad25,lec_2a96290c,cv101,1,0.95,engaged,54.47,0.0026,0.0025,-0.0045,0.0013,-0.0027,-0.0047,157.09,0.14,-284.54,187.56,2559.95,-171.5,20.19,0.48,3.31,2.49,1.69,2.98,4.31,2.02,2.78,3.81,2.33,1.63,2.67,5.0,1.94,1.2,3.8,4.45,0.0,3.32,2.5,0
2025-11-24T16:11:57.494601,310,student_4_lec_2a96290c_fc0dad25,lec_2a96290c,cv101,1,0.95,engaged,53.71,0.0015,0.0038,-0.0046,0.0018,-0.0029,-0.0048,160.85,-4.35,-273.46,189.99,2560.51,-171.05,17.55,0.8,3.32,2.49,1.68,2.7,4.37,2.3,2.8,3.84,2.49,1.74,2.51,5.0,2.07,1.37,3.63,4.43,0.0,3.43,2.5,0
2025-11-24T16:11:58.522304,311,student_4_lec_2a96290c_fc0dad25,lec_2a96290c,cv101,1,0.95,engaged,53.91,0.0015,0.0029,-0.0046,0.0036,-0.0017,-0.0048,152.73,-6.54,-267.92,193.71,2545.09,-171.51,16.78,1.45,3.33,2.55,1.67,2.77,4.31,2.23,2.75,3.97,2.54,1.78,2.46,5.0,2.11,1.25,3.75,4.55,0.0,3.42,2.52,0
2025-11-24T16:11:59.541954,312,student_4_lec_2a96290c_fc0dad25,lec_2a96290c,cv101,1,0.95,engaged,51.91,0.0006,-0.0005,-0.0047,0.0021,0.0002,-0.0049,164.42,2.32,-271.32,215.69,2609.78,-170.27,14.75,2.15,3.64,2.78,1.36,2.38,4.26,2.62,2.84,3.71,2.47,1.73,2.53,5.0,2.06,1.67,3.33,4.24,0.0,3.37,2.59,0.24
2025-11-24T16:12:00.551079,313,student_4_lec_2a96290c_fc0dad25,lec_2a96290c,cv101,1,0.95,engaged,56.9,0.0046,-0.0014,-0.0047,0.0028,-0.0026,-0.005,143.32,-158.09,-271.33,206.1,2443.1,-167.38,17.62,1.51,2.56,1.79,2.44,3.07,4.87,1.93,2.9,3.62,2.51,1.76,2.49,5.0,2.09,1.28,3.72,4.32,0.0,3.69,2.26,0
2025-11-24T16:12:01.574802,314,student_4_lec_2a96290c_fc0dad25,lec_2a96290c,cv101,1,0.95,engaged,58.93,0.0033,-0.0043,-0.0044,0.0034,-0.0027,-0.0047,143.41,-142.84,-301.96,226.43,2402.17,-165.73,22.51,2.49,2.75,1.82,2.25,3.51,4.96,1.49,2.99,3.65,2.45,1.71,2.55,5.0,2.04,1.21,3.79,4.17,0.0,3.71,2.27,0
2025-11-24T16:12:02.580101,315,student_4_lec_2a96290c_fc0dad25,lec_2a96290c,cv101,1,0.95,engaged,57.35,0.0085,-0.008,-0.0044,0.0051,-0.0073,-0.0048,125.31,-121.09,-320.13,226.68,2398.17,-167.04,25.08,1.94,2.62,1.72,2.38,3.23,4.8,1.77,2.82,3.69,2.47,1.73,2.53,5.0,2.06,1.22,3.78,4.26,0.0,3.63,2.24,0
2025-11-24T16:12:03.607105,316,student_4_lec_2a96290c_fc0dad25,lec_2a96290c,cv101,1,0.95,engaged,53.69,0.006,-0.0022,-0.0043,0.0072,-0.0032,-0.0046,124.01,-148.88,-364.7,269.62,2492.68,-167.33,24.06,1.36,3.09,2.11,1.91,2.65,4.6,2.35,2.88,3.34,2.19,1.53,2.81,5.0,1.82,1.26,3.74,3.99,0.0,3.39,2.37,0
2025-11-24T16:12:04.632807,317,student_4_lec_2a96290c_fc0dad25,lec_2a96290c,cv101,1,0.95,engaged,57.09,0.0073,-0.0051,-0.0043,0.008,-0.0095,-0.0048,120.98,-123.73,-355.22,276.58,2414.76,-162.14,23.95,1.36,2.78,1.87,2.22,3.23,4.69,1.77,2.98,2.95,2.51,1.76,2.49,5.0,2.09,1.69,3.31,3.66,0.0,3.6,2.29,0
2025-11-24T16:12:05.645846,318,student_4_lec_2a96290c_fc0dad25,lec_2a96290c,cv101,1,0.95,engaged,56.55,0.0007,-0.0013,-0.0047,0.0017,-0.0031,-0.005,166.52,-156.38,-271.16,276.24,2481.07,-164.66,17.68,2.65,2.82,1.91,2.18,3.14,4.68,1.86,2.79,3.36,2.45,1.72,2.55,5.0,2.05,1.9,3.1,3.96,0.0,3.56,2.3,0
2025-11-24T16:12:06.668140,319,student_4_lec_2a96290c_fc0dad25,lec_2a96290c,cv101,1,0.95,engaged,54.86,-0.0001,0.0014,-0.0046,0.0045,-0.0066,-0.005,-20.34,18.19,-294.55,271.19,2465.77,-166.08,20.4,1.17,3.31,2.34,1.69,2.89,4.52,2.11,2.91,3.54,2.43,1.7,2.57,5.0,2.02,1.84,3.16,3.94,0.0,3.47,2.45,0
2025-11-24T16:12:07.710143,320,student_4_lec_2a96290c_fc0dad25,lec_2a96290c,cv101,1,0.95,engaged,56.49,0.0007,0.0015,-0.0046,0.0037,-0.0045,-0.005,157.06,12.27,-297.78,265.66,2425.31,-165.68,21.81,0.98,3.01,2.09,1.99,3.11,4.7,1.89,2.92,3.56,2.49,1.74,2.51,5.0,2.07,1.65,3.35,3.99,0.0,3.6,2.36,0
2025-11-24T16:12:08.726001,321,student_4_lec_2a96290c_fc0dad25,lec_2a96290c,cv101,1,0.95,engaged,56.59,-0.0007,-0.0007,-0.0047,0.0012,-0.0097,-0.0051,-2.5,-144.47,-298.15,280.95,2453.75,-164.09,18.52,1.9,3.32,2.33,1.68,3.29,4.53,1.71,3.01,3.03,2.41,1.69,2.59,5.0,2.01,1.76,3.24,3.73,0.0,3.47,2.44,0
2025-11-24T16:12:09.748811,322,student_4_lec_2a96290c_fc0dad25,lec_2a96290c,cv101,1,0.95,engaged,56.45,0.002,-0.0019,-0.0046,0.0046,-0.0084,-0.005,146.77,-139.22,-307.26,269.77,2391.12,-165.78,20.67,0.25,3.08,2.19,1.92,3.12,4.65,1.88,2.97,3.48,2.54,1.78,2.46,5.0,2.12,1.59,3.41,3.94,0.0,3.6,2.4,0
2025-11-24T16:12:10.757805,323,student_4_lec_2a96290c_fc0dad25,lec_2a96290c,cv101,1,0.95,engaged,57.15,0.0018,-0.0029,-0.0046,0.0051,-0.0077,-0.005,146.69,-135.87,-311.8,274.91,2399.63,-164.59,19.75,1.03,2.96,2.07,2.04,3.28,4.6,1.72,2.93,3.47,2.6,1.82,2.4,5.0,2.16,1.33,3.67,3.96,0.0,3.6,2.36,0
2025-11-24T16:12:11.780205,324,student_4_lec_2a96290c_fc0dad25,lec_2a96290c,cv101,1,0.95,engaged,56.04,0.0005,-0.0008,-0.0047,0.0008,-0.0072,-0.0051,172.63,-148.08,-298.46,276.2,2424.22,-164.66,18.65,1.78,2.98,2.07,2.02,3.07,4.53,1.93,2.93,3.5,2.59,1.81,2.41,5.0,2.15,1.42,3.58,3.8,0.0,3.56,2.36,0
2025-11-24T16:12:12.821146,325,student_4_lec_2a96290c_fc0dad25,lec_2a96290c,cv101,1,0.95,engaged,54.72,0.0035,-0.0002,-0.0045,0.0063,-0.0091,-0.0049,135.03,-147.72,-317.92,283.58,2449.53,-163.28,19.99,1.32,3.2,2.25,1.8,2.72,4.61,2.28,2.93,3.45,2.61,1.83,2.39,5.0,2.18,1.27,3.73,3.76,0.0,3.61,2.42,0
2025-11-24T16:12:13.845683,326,student_4_lec_2a96290c_fc0dad25,lec_2a96290c,cv101,1,0.95,engaged,58.4,0.0043,-0.0039,-0.0044,0.0049,-0.0064,-0.0048,134.9,-132.68,-314.49,261.92,2397.18,-164.19,24.29,-0.66,2.56,1.65,2.44,3.52,4.81,1.48,3.03,3.21,2.33,1.63,2.67,5.0,1.94,1.68,3.32,3.66,0.0,3.57,2.22,0
2025-11-24T16:12:14.868550,327,student_4_lec_2a96290c_fc0dad25,lec_2a96290c,cv101,1,0.95,engaged,55.39,0.002,0.001,-0.0046,0.0043,-0.009,-0.0049,147.35,24.43,-325.14,270.05,2476.18,-166.06,21.47,0.04,3.17,2.23,1.83,2.99,4.56,2.01,2.91,3.47,2.4,1.68,2.6,5.0,2.0,1.57,3.43,3.91,0.0,3.48,2.41,0
2025-11-24T16:12:15.878176,328,student_4_lec_2a96290c_fc0dad25,lec_2a96290c,cv101,1,0.95,engaged,55.41,0.0042,-0.0002,-0.0047,0.0009,-0.0086,-0.005,153.94,-149.04,-280.11,291.96,2469.65,-162.24,17.61,2.67,3.63,2.66,1.37,3.01,4.49,1.99,2.94,3.21,2.54,1.78,2.46,5.0,2.12,1.88,3.12,3.62,0.0,3.52,2.55,0
2025-11-24T16:12:16.901973,329,student_4_lec_2a96290c_fc0dad25,lec_2a96290c,cv101,1,0.95,engaged,55.99,0.0004,-0.0009,-0.0046,0.0013,-0.0079,-0.005,170.69,-145.42,-288.37,283.93,2403.22,-162.21,19.11,2.4,3.25,2.29,1.75,3.0,4.63,2.0,3.0,3.13,2.62,1.83,2.38,5.0,2.18,1.6,3.4,3.66,0.0,3.62,2.43,0
2025-11-24T16:12:17.949588,330,student_4_lec_2a96290c_fc0dad25,lec_2a96290c,cv101,1,0.95,engaged,54.53,-0.0008,-0.0015,-0.0046,0.0012,-0.0095,-0.005,-1.81,-139.74,-291.41,285.74,2411.57,-163.51,18.5,2.13,3.41,2.51,1.59,2.67,4.67,2.33,2.98,3.02,2.58,1.81,2.42,5.0,2.15,1.97,3.03,3.8,0.0,3.62,2.5,0
2025-11-24T16:12:18.969005,331,student_4_lec_2a96290c_fc0dad25,lec_2a96290c,cv101,1,0.95,engaged,54.73,0.0021,-0.0014,-0.0048,0.001,-0.0089,-0.0051,162.65,-142.01,-275.02,277.71,2407.94,-164.5,18.17,2.09,3.3,2.38,1.7,2.7,4.53,2.3,2.9,3.7,2.8,1.96,2.2,5.0,2.34,1.2,3.8,3.86,0.0,3.67,2.46,0
2025-11-24T16:12:19.990342,332,student_4_lec_2a96290c_fc0dad25,lec_2a96290c,cv101,1,0.95,engaged,54.34,0.0035,-0.0015,-0.0046,0.001,-0.0079,-0.005,155.55,-142.13,-287.75,290.23,2410.43,-161.39,18.41,3.65,3.78,2.74,1.22,2.56,4.9,2.44,3.03,3.09,2.44,1.71,2.56,5.0,2.03,2.1,2.9,3.64,0.0,3.67,2.58,0
2025-11-24T16:12:20.996454,333,student_4_lec_2a96290c_fc0dad25,lec_2a96290c,cv101,1,0.95,engaged,56.23,0.0052,-0.0024,-0.0047,0.0048,-0.0066,-0.005,134.16,-139.82,-305.68,288.5,2424.8,-162.2,18.76,3.93,3.22,2.25,1.78,3.08,4.7,1.92,3.0,3.18,2.45,1.72,2.55,5.0,2.05,1.72,3.28,3.69,0.0,3.58,2.42,0
2025-11-24T16:12:22.022051,334,student_4_lec_2a96290c_fc0dad25,lec_2a96290c,cv101,1,0.95,engaged,57.03,0.0006,-0.0015,-0.0045,0.0028,-0.0096,-0.0048,161.41,-139.29,-305.93,292.52,2417.05,-160.99,20.2,3.93,3.24,2.19,1.76,3.18,4.79,1.82,2.95,3.15,2.51,1.76,2.49,5.0,2.1,1.77,3.23,3.58,0.0,3.65,2.4,0
2025-11-24T16:12:23.072096,335,student_4_lec_2a96290c_fc0dad25,lec_2a96290c,cv101,1,0.95,engaged,54.64,0.0024,-0.0039,-0.0046,0.0031,-0.0088,-0.0049,150.0,-129.25,-306.63,290.14,2417.9,-162.1,19.23,2.87,3.47,2.5,1.53,2.65,4.81,2.35,2.97,3.17,2.48,1.73,2.52,5.0,2.06,1.81,3.19,3.61,0.0,3.64,2.5,0
2025-11-24T16:12:24.087520,336,student_4_lec_2a96290c_fc0dad25,lec_2a96290c,cv101,1,0.95,engaged,56.05,0.0031,-0.0022,-0.0047,0.0021,-0.0104,-0.0051,151.74,-135.44,-307.01,290.23,2393.42,-161.01,18.17,2.41,3.27,2.34,1.73,2.98,4.67,2.02,2.93,3.34,2.65,1.86,2.35,5.0,2.21,1.65,3.35,3.72,0.0,3.66,2.45,0
2025-11-24T16:12:25.113068,337,student_4_lec_2a96290c_fc0dad25,lec_2a96290c,cv101,1,0.95,engaged,54.94,0.0026,-0.0014,-0.0046,0.002,-0.0075,-0.0051,154.62,-143.64,-312.83,281.73,2359.97,-161.98,20.03,1.89,3.36,2.39,1.64,2.59,4.88,2.41,3.0,3.26,2.67,1.87,2.33,5.0,2.23,1.65,3.35,3.74,0.0,3.77,2.46,0
2025-11-24T16:12:26.122935,338,student_4_lec_2a96290c_fc0dad25,lec_2a96290c,cv101,1,0.95,engaged,56.55,0.0045,-0.0039,-0.0046,0.0046,-0.0078,-0.0051,136.78,-131.54,-312.26,289.88,2352.63,-159.68,20.49,2.05,3.09,2.15,1.91,2.92,4.99,2.08,3.05,2.95,2.56,1.79,2.44,5.0,2.13,1.65,3.35,3.52,0.0,3.78,2.38,0
2025-11-24T16:12:27.142848,339,student_4_lec_2a96290c_fc0dad25,lec_2a96290c,cv101,1,0.95,engaged,57.31,0.0021,-0.0007,-0.0046,0.0024,-0.0085,-0.0049,155.09,-145.71,-316.43,279.07,2410.55,-163.4,19.15,1.62,3.03,2.08,1.97,3.33,4.6,1.67,2.95,3.35,2.57,1.8,2.43,5.0,2.14,1.36,3.64,3.73,0.0,3.58,2.36,0
2025-11-24T16:12:28.182114,340,student_4_lec_2a96290c_fc0dad25,lec_2a96290c,cv101,1,0.95,engaged,56.33,-0.0005,-0.0016,-0.0045,0.0013,-0.0079,-0.0049,-4.2,-141.25,-314.0,286.18,2428.27,-162.45,20.19,1.71,3.13,2.18,1.87,3.09,4.71,1.91,2.99,3.03,2.45,1.72,2.55,5.0,2.04,1.59,3.41,3.64,0.0,3.58,2.39,0
2025-11-24T16:12:29.205785,341,student_4_lec_2a96290c_fc0dad25,lec_2a96290c,cv101,1,0.95,engaged,56.17,0.0035,-0.0015,-0.0046,0.0008,-0.0073,-0.005,156.21,-143.23,335.64,-298.36,-2701.34,-157.43,30.91,-174.75,3.08,2.13,1.92,2.98,4.71,2.02,2.97,3.31,2.62,1.83,2.38,5.0,2.18,1.21,3.79,3.61,0.0,3.67,2.38,0
2025-11-24T16:12:30.229747,342,student_4_lec_2a96290c_fc0dad25,lec_2a96290c,cv101,1,0.95,engaged,55.87,0.0014,-0.0006,-0.0047,0.0021,-0.0094,-0.005,160.22,-145.36,330.09,-297.03,-2716.14,-157.72,29.52,-174.15,3.08,2.13,1.92,3.0,4.57,2.0,2.92,3.42,2.61,1.83,2.39,5.0,2.18,1.54,3.46,3.72,0.0,3.59,2.38,0
2025-11-24T16:12:31.239759,343,student_4_lec_2a96290c_fc0dad25,lec_2a96290c,cv101,1,0.95,engaged,55.59,0.0008,-0.0019,-0.0046,0.0001,-0.0069,-0.0051,174.71,-142.17,323.69,-301.15,-2688.66,-154.49,29.05,-174.38,3.36,2.41,1.64,2.9,4.61,2.1,2.98,3.23,2.69,1.89,2.31,5.0,2.25,1.26,3.74,3.59,0.0,3.65,2.47,0
2025-11-24T16:12:32.266173,344,student_4_lec_2a96290c_fc0dad25,lec_2a96290c,cv101,1,0.95,engaged,56.23,0.0032,-0.0002,-0.0046,0.0031,-0.0054,-0.005,146.72,-155.02,331.54,-291.21,-2699.28,-157.93,31.06,-174.16,3.05,2.06,1.95,2.98,4.74,2.02,2.96,3.36,2.59,1.81,2.41,5.0,2.16,1.47,3.53,3.6,0.0,3.67,2.35,0
2025-11-24T16:12:33.300602,345,student_4_lec_2a96290c_fc0dad25,lec_2a96290c,cv101,1,0.95,engaged,55.86,0.0068,0.0002,-0.0045,-0.0003,-0.0095,-0.005,-26.3,29.72,339.52,-292.3,-2645.72,-154.61,32.04,-172.93,2.99,2.05,2.01,2.75,4.9,2.25,2.88,3.43,2.7,1.89,2.3,5.0,2.25,1.58,3.42,3.86,0.0,3.8,2.35,0
2025-11-24T16:12:34.325487,346,student_4_lec_2a96290c_fc0dad25,lec_2a96290c,cv101,1,0.95,engaged,56.48,0.0061,-0.0028,-0.0045,0.0055,-0.0108,-0.005,129.52,-131.68,-333.74,286.51,2378.33,-162.6,23.28,2.97,3.0,2.02,2.0,3.04,4.77,1.96,2.93,3.22,2.54,1.78,2.46,5.0,2.11,1.44,3.56,3.78,0.0,3.65,2.34,0
2025-11-24T16:12:35.352968,347,student_4_lec_2a96290c_fc0dad25,lec_2a96290c,cv101,1,0.95,engaged,55.14,0.0022,-0.0001,-0.0045,0.0035,-0.0091,-0.005,149.44,-148.48,-315.22,292.27,2390.69,-160.22,21.6,4.64,3.41,2.4,1.59,2.77,4.76,2.23,2.94,3.29,2.53,1.77,2.47,5.0,2.11,1.88,3.12,3.56,0.0,3.64,2.47,0
2025-11-24T16:12:36.357577,348,student_4_lec_2a96290c_fc0dad25,lec_2a96290c,cv101,1,0.95,engaged,55.22,0.0055,-0.0023,-0.0045,0.0032,-0.0099,-0.0049,138.0,-134.69,-317.81,297.13,2385.86,-159.12,21.46,5.71,3.66,2.61,1.34,2.78,4.93,2.22,2.99,2.91,2.34,1.64,2.66,5.0,1.95,1.95,3.05,3.43,0.0,3.63,2.54,0
2025-11-24T16:12:37.386479,349,student_4_lec_2a96290c_fc0dad25,lec_2a96290c,cv101,1,0.95,engaged,54.62,0.0054,-0.0008,-0.0044,0.0029,-0.0021,-0.0048,139.24,-163.16,-331.41,313.63,2366.38,-158.56,21.44,4.64,3.41,2.49,1.59,2.58,4.77,2.42,2.95,2.91,2.7,1.89,2.3,5.0,2.25,1.52,3.48,3.67,0.0,3.73,2.5,0
2025-11-24T16:12:38.427861,350,student_4_lec_2a96290c_fc0dad25,lec_2a96290c,cv101,1,0.95,engaged,54.83,0.0038,0.0006,-0.0042,0.0051,-0.0016,-0.0046,135.12,5.28,-371.21,332.87,2329.32,-155.08,22.57,4.81,3.6,2.56,1.4,2.52,4.98,2.48,3.08,2.49,2.66,1.86,2.34,5.0,2.22,1.81,3.19,3.32,0.0,3.82,2.52,0
2025-11-24T16:12:39.445904,351,student_4_lec_2a96290c_fc0dad25,lec_2a96290c,cv101,1,0.95,engaged,55.56,0.0043,0.002,-0.0042,0.0045,-0.0038,-0.0045,134.43,7.37,358.48,-355.06,-2651.94,-142.69,31.08,-168.85,3.67,2.7,1.33,2.77,4.91,2.23,3.06,2.35,2.6,1.82,2.4,5.0,2.17,1.7,3.3,3.09,0.0,3.75,2.57,0
2025-11-24T16:12:40.476458,352,student_4_lec_2a96290c_fc0dad25,lec_2a96290c,cv101,1,0.95,engaged,56.82,0.0024,-0.0029,-0.0043,0.0026,-0.009,-0.0048,150.9,-132.07,-333.95,325.11,2358.66,-155.72,22.6,5.24,3.34,2.27,1.66,3.04,4.98,1.96,3.07,2.38,2.46,1.72,2.54,5.0,2.05,1.94,3.06,3.07,0.0,3.72,2.42,0
2025-11-24T16:12:41.482316,353,student_4_lec_2a96290c_fc0dad25,lec_2a96290c,cv101,1,0.95,engaged,54.74,0.0021,-0.0009,-0.0045,0.0015,-0.0039,-0.0049,158.91,-154.81,-331.38,325.85,2392.32,-157.9,21.47,3.71,3.43,2.46,1.57,2.61,5.0,2.39,3.07,2.73,2.35,1.64,2.65,5.0,1.96,1.97,3.03,3.26,0.0,3.67,2.49,0
2025-11-24T16:12:42.503686,354,student_4_lec_2a96290c_fc0dad25,lec_2a96290c,cv101,1,0.95,engaged,57.01,0.0075,-0.0123,-0.0041,0.006,-0.006,-0.0046,123.18,-117.94,-348.02,331.52,2346.32,-156.44,24.06,4.06,3.34,2.31,1.66,3.08,5.0,1.92,3.0,2.56,2.45,1.72,2.55,5.0,2.04,1.82,3.18,3.39,0.0,3.73,2.44,0
2025-11-24T16:12:43.542059,355,student_4_lec_2a96290c_fc0dad25,lec_2a96290c,cv101,1,0.95,engaged,55.93,0.0094,-0.0121,-0.004,0.0039,-0.0086,-0.0045,126.05,-112.74,-345.52,330.05,2377.02,-155.1,24.45,4.54,3.34,2.47,1.66,2.9,4.92,2.1,3.11,2.29,2.43,1.7,2.57,5.0,2.02,2.19,2.81,3.04,0.0,3.67,2.49,0
2025-11-24T16:12:44.568779,356,student_4_lec_2a96290c_fc0dad25,lec_2a96290c,cv101,1,0.95,engaged,55.81,0.0047,-0.0031,-0.0043,0.0071,-0.0056,-0.0047,128.15,-137.1,361.04,-351.25,-2695.06,-145.37,31.29,-169.82,3.04,2.12,1.96,2.85,4.83,2.15,3.05,2.81,2.55,1.79,2.45,5.0,2.13,2.09,2.91,3.09,0.0,3.69,2.37,0
2025-11-24T16:12:45.590042,357,student_4_lec_2a96290c_fc0dad25,lec_2a96290c,cv101,1,0.95,engaged,56.66,0.0024,-0.0004,-0.0041,0.0062,-0.0089,-0.0045,138.06,-145.35,-353.64,328.16,2359.49,-157.59,24.19,3.24,2.9,1.92,2.1,2.93,5.0,2.07,2.99,2.68,2.55,1.79,2.45,5.0,2.13,2.06,2.94,3.38,0.0,3.77,2.31,0
2025-11-24T16:12:46.597019,358,student_4_lec_2a96290c_fc0dad25,lec_2a96290c,cv101,1,0.95,engaged,55.68,0.0081,-0.0057,-0.0041,0.0046,-0.0037,-0.0046,125.82,-133.39,-348.01,331.08,2431.57,-157.65,25.26,2.73,3.29,2.37,1.71,3.04,4.66,1.96,2.99,2.92,2.32,1.63,2.68,5.0,1.94,1.98,3.02,3.23,0.0,3.49,2.46,0
2025-11-24T16:12:47.624312,359,student_4_lec_2a96290c_fc0dad25,lec_2a96290c,cv101,1,0.95,engaged,55.73,0.0025,-0.0052,-0.0042,0.0005,-0.0062,-0.0046,161.55,-127.79,-348.53,262.6,2527.58,-167.77,25.28,-2.13,1.93,1.13,3.07,3.15,4.34,1.85,2.76,3.78,2.33,1.63,2.67,5.0,1.94,1.58,3.42,3.95,0.0,3.33,2.04,0
2025-11-24T16:12:48.713267,360,student_4_lec_2a96290c_fc0dad25,lec_2a96290c,cv101,1,0.95,engaged,52.68,-0.0006,-0.002,-0.0042,-0.0036,-0.0074,-0.0045,-156.87,-137.99,-363.9,264.51,2830.85,-172.3,20.03,-1.62,2.09,1.41,2.91,2.76,3.96,2.24,2.43,3.16,2.18,1.53,2.82,5.0,1.82,1.95,3.05,4.09,0.0,3.07,2.14,0
