timestamp,frame,session_id,lecture_id,course_id,face_detected,confidence,status,engagement_score,gaze_0_x,gaze_0_y,gaze_0_z,gaze_1_x,gaze_1_y,gaze_1_z,gaze_angle_x,gaze_angle_y,pose_Tx,pose_Ty,pose_Tz,pose_Rx,pose_Ry,pose_Rz,AU01_r,AU02_r,AU04_r,AU05_r,AU06_r,AU07_r,AU09_r,AU10_r,AU12_r,AU14_r,AU15_r,AU17_r,AU20_r,AU23_r,AU25_r,AU26_r,AU45_r,smile_intensity,confusion_level,drowsiness_level
2025-11-24T17:12:26.630346,1,student_4_lec_2a96290c_a01f0012,lec_2a96290c,cv101,1,0.95,engaged,56.83,-0.0019,-0.0056,-0.0048,-0.0004,-0.0084,-0.0049,-166.96,-125.26,-68.02,551.0,2417.23,176.31,13.46,-5.44,2.84,2.12,2.16,3.13,4.71,1.87,2.94,4.31,2.62,1.84,2.38,5.0,2.18,1.07,3.93,5.0,0.0,3.67,2.37,0
2025-11-24T17:12:27.669990,2,student_4_lec_2a96290c_a01f0012,lec_2a96290c,cv101,1,0.95,highly_engaged,82.88,-0.0024,-0.0027,-0.0052,0.0045,0.0006,-0.0055,-7.14,10.54,-146.32,553.24,2370.68,178.4,21.21,-1.8,2.61,1.81,2.39,3.41,4.96,1.59,2.89,4.29,2.67,1.87,2.33,5.0,2.23,0.24,4.76,5.0,0.0,3.81,2.27,0
2025-11-24T17:12:28.732141,3,student_4_lec_2a96290c_a01f0012,lec_2a96290c,cv101,1,0.95,engaged,59.97,-0.0045,-0.005,-0.0051,0.0044,-0.0051,-0.0054,1.06,-136.36,-146.3,528.54,2319.71,178.12,19.57,-2.9,2.51,1.75,2.49,3.64,4.88,1.36,2.88,4.27,2.83,1.98,2.17,5.0,2.36,0.08,4.92,5.0,0.0,3.85,2.25,0
2025-11-24T17:12:29.780769,4,student_4_lec_2a96290c_a01f0012,lec_2a96290c,cv101,1,0.95,highly_engaged,82.76,-0.0052,-0.0038,-0.0051,0.0056,0.0007,-0.0054,-0.44,14.6,-146.05,543.05,2312.36,-178.98,19.87,-1.36,2.72,1.93,2.28,3.31,4.97,1.69,2.99,4.34,2.85,1.99,2.15,5.0,2.37,0.29,4.71,5.0,0.0,3.91,2.31,0
2025-11-24T17:12:30.839882,5,student_4_lec_2a96290c_a01f0012,lec_2a96290c,cv101,1,0.95,engaged,58.06,-0.0035,-0.0044,-0.005,0.0009,-0.0046,-0.0053,12.51,-139.0,-157.73,569.89,2375.09,177.65,20.55,-3.66,2.85,2.09,2.15,3.35,4.72,1.65,2.97,4.41,2.76,1.93,2.24,5.0,2.3,0.23,4.77,5.0,0.0,3.74,2.36,0
2025-11-24T17:12:32.004283,6,student_4_lec_2a96290c_a01f0012,lec_2a96290c,cv101,1,0.95,engaged,57.88,-0.0032,-0.0032,-0.0051,0.0001,-0.0044,-0.0054,15.66,-144.73,-164.07,565.62,2363.17,177.93,21.06,-5.15,2.82,2.03,2.18,3.25,4.85,1.75,2.99,4.45,2.7,1.89,2.3,5.0,2.25,0.41,4.59,5.0,0.0,3.77,2.34,0
2025-11-24T17:12:33.013799,7,student_4_lec_2a96290c_a01f0012,lec_2a96290c,cv101,1,0.95,engaged,58.14,-0.0065,-0.0031,-0.0052,0.0007,-0.0055,-0.0055,22.45,-142.13,-165.66,563.28,2341.92,178.27,20.89,-5.31,2.64,1.88,2.36,3.22,4.92,1.78,3.01,4.33,2.78,1.95,2.22,5.0,2.32,0.41,4.59,5.0,0.0,3.85,2.29,0
2025-11-24T17:12:34.017800,8,student_4_lec_2a96290c_a01f0012,lec_2a96290c,cv101,1,0.95,engaged,56.83,-0.0027,-0.0038,-0.0052,-0.001,-0.0046,-0.0056,-161.35,-142.22,-164.77,600.12,2373.25,179.88,21.22,-5.08,2.65,1.86,2.35,2.98,4.87,2.02,2.97,4.51,2.7,1.89,2.3,5.0,2.25,0.63,4.37,4.9,0.0,3.79,2.29,0
2025-11-24T17:12:35.063500,9,student_4_lec_2a96290c_a01f0012,lec_2a96290c,cv101,1,0.95,engaged,58.54,-0.0047,-0.0036,-0.005,0.0016,-0.0057,-0.0053,13.16,-138.43,-168.72,580.55,2358.47,178.24,21.22,-5.36,2.58,1.8,2.42,3.33,4.88,1.67,2.99,4.43,2.79,1.96,2.21,5.0,2.33,0.31,4.69,5.0,0.0,3.83,2.27,0
2025-11-24T17:12:36.124028,10,student_4_lec_2a96290c_a01f0012,lec_2a96290c,cv101,1,0.95,engaged,58.18,-0.0063,-0.0029,-0.0052,-0.0007,-0.0054,-0.0056,-151.19,-143.53,-170.73,568.97,2315.44,177.95,20.79,-6.03,2.56,1.76,2.44,3.17,4.98,1.83,3.0,4.6,2.81,1.97,2.19,5.0,2.34,0.54,4.46,5.0,0.0,3.9,2.25,0
2025-11-24T17:12:37.174509,11,student_4_lec_2a96290c_a01f0012,lec_2a96290c,cv101,1,0.95,engaged,58.02,-0.0073,-0.0036,-0.0051,-0.0005,-0.0067,-0.0055,-149.94,-137.31,-172.07,577.54,2311.03,179.6,22.24,-5.34,2.5,1.7,2.5,3.15,5.0,1.85,3.05,4.38,2.73,1.91,2.27,5.0,2.27,0.57,4.43,5.0,0.0,3.87,2.23,0
2025-11-24T17:12:38.173651,12,student_4_lec_2a96290c_a01f0012,lec_2a96290c,cv101,1,0.95,engaged,58.5,-0.0066,-0.0033,-0.0051,0.001,-0.0055,-0.0055,21.03,-140.93,-167.0,586.78,2345.01,179.9,20.85,-5.05,2.62,1.77,2.38,3.3,4.95,1.7,3.03,4.23,2.73,1.91,2.27,5.0,2.27,0.58,4.42,5.0,0.0,3.84,2.26,0
2025-11-24T17:12:39.218442,13,student_4_lec_2a96290c_a01f0012,lec_2a96290c,cv101,1,0.95,engaged,60.22,-0.0048,-0.0042,-0.0051,0.0021,-0.0047,-0.0055,11.16,-139.94,-176.93,565.83,2303.05,179.16,23.06,-5.68,2.44,1.55,2.56,3.64,5.0,1.36,3.0,4.47,2.75,1.93,2.25,5.0,2.29,0.39,4.61,5.0,0.0,3.88,2.18,0
2025-11-24T17:12:40.277325,14,student_4_lec_2a96290c_a01f0012,lec_2a96290c,cv101,1,0.95,engaged,59.62,-0.0065,-0.0025,-0.0051,0.001,-0.0055,-0.0055,20.75,-144.39,-176.54,566.39,2304.33,179.73,22.85,-5.61,2.33,1.49,2.67,3.5,5.0,1.5,3.04,4.27,2.74,1.92,2.26,5.0,2.29,0.47,4.53,5.0,0.0,3.87,2.16,0
2025-11-24T17:12:41.331578,15,student_4_lec_2a96290c_a01f0012,lec_2a96290c,cv101,1,0.95,engaged,58.61,-0.0043,-0.0036,-0.0052,0.0004,-0.0058,-0.0056,17.64,-139.43,-168.39,607.3,2342.09,-177.5,21.51,-4.02,2.89,2.0,2.11,3.41,4.85,1.59,3.06,4.34,2.71,1.9,2.29,5.0,2.26,0.31,4.69,4.68,0.0,3.78,2.33,0
2025-11-24T17:12:42.389787,16,student_4_lec_2a96290c_a01f0012,lec_2a96290c,cv101,1,0.95,engaged,60.33,-0.0029,-0.0018,-0.0054,0.0046,-0.0034,-0.0054,-5.86,-154.61,-29.62,582.69,2377.38,179.87,1.9,-2.46,2.39,1.7,2.61,3.59,4.98,1.41,3.07,4.36,2.99,2.09,2.01,5.0,2.49,0.27,4.73,5.0,0.0,3.99,2.23,0
2025-11-24T17:12:43.392010,17,student_4_lec_2a96290c_a01f0012,lec_2a96290c,cv101,1,0.95,engaged,61.99,-0.0033,-0.002,-0.0054,0.0039,-0.0028,-0.0053,-2.36,-155.77,0.58,589.29,2380.03,179.96,-1.28,-1.94,2.45,1.74,2.55,4.0,4.98,1.0,3.03,4.38,2.94,2.05,2.06,5.0,2.45,0.23,4.77,4.92,0.0,3.96,2.25,0
2025-11-24T17:12:44.439558,18,student_4_lec_2a96290c_a01f0012,lec_2a96290c,cv101,1,0.95,engaged,60.35,-0.0037,-0.0024,-0.0054,0.0022,-0.003,-0.0055,6.44,-153.59,-55.49,604.12,2399.78,179.24,7.2,-3.12,2.32,1.63,2.68,3.68,4.86,1.32,2.93,4.38,2.95,2.07,2.05,5.0,2.46,0.56,4.44,4.97,0.0,3.91,2.21,0
2025-11-24T17:12:45.440958,19,student_4_lec_2a96290c_a01f0012,lec_2a96290c,cv101,1,0.95,engaged,58.8,-0.0065,-0.0012,-0.0052,0.0001,-0.0031,-0.0055,24.78,-158.83,-129.44,621.26,2441.98,178.64,15.52,-4.3,2.71,1.89,2.29,3.49,4.72,1.51,2.92,4.07,2.8,1.96,2.2,5.0,2.33,0.42,4.58,4.94,0.0,3.76,2.3,0
2025-11-24T17:12:46.453239,20,student_4_lec_2a96290c_a01f0012,lec_2a96290c,cv101,1,0.95,engaged,60.72,-0.0058,-0.0021,-0.0052,-0.0014,-0.002,-0.0054,-148.86,-159.08,-116.04,586.67,2380.71,179.04,14.08,-2.82,2.27,1.49,2.73,3.75,4.95,1.25,2.93,4.19,2.83,1.98,2.17,5.0,2.36,0.35,4.65,5.0,0.0,3.89,2.16,0
2025-11-24T17:12:47.488720,21,student_4_lec_2a96290c_a01f0012,lec_2a96290c,cv101,1,0.95,engaged,59.8,-0.0065,-0.0028,-0.0052,-0.0003,-0.0055,-0.0054,-153.04,-143.25,-118.41,579.85,2353.89,178.59,15.55,-4.1,2.51,1.77,2.49,3.51,4.97,1.49,2.98,4.21,2.92,2.04,2.08,5.0,2.43,0.11,4.89,5.0,0.0,3.94,2.26,0
2025-11-24T17:12:48.537109,22,student_4_lec_2a96290c_a01f0012,lec_2a96290c,cv101,1,0.95,engaged,60.82,-0.0005,-0.0077,-0.0051,0.0016,-0.0045,-0.0051,-5.84,-131.08,-37.21,566.29,2362.31,176.35,-0.2,0.14,1.89,1.1,3.11,3.69,5.0,1.31,2.85,4.39,2.88,2.02,2.12,5.0,2.4,0.36,4.64,5.0,0.0,3.94,2.03,0
2025-11-24T17:12:49.626541,23,student_4_lec_2a96290c_a01f0012,lec_2a96290c,cv101,1,0.95,engaged,59.58,-0.0033,-0.0027,-0.0054,0.0038,-0.0034,-0.0054,-1.57,-150.87,-42.99,631.34,2327.19,176.98,-0.67,-1.45,2.94,2.2,2.06,3.43,5.0,1.57,3.05,5.0,3.02,2.11,1.98,5.0,2.52,0.0,5.0,5.0,0.0,4.01,2.4,0
2025-11-24T17:12:50.668547,24,student_4_lec_2a96290c_a01f0012,lec_2a96290c,cv101,1,0.95,engaged,62.45,-0.0041,-0.001,-0.0053,0.0029,-0.0041,-0.0053,4.26,-155.74,67.07,-669.97,-2571.1,-155.64,-0.01,179.08,3.19,2.27,1.81,4.13,5.0,0.87,3.25,4.48,2.95,2.07,2.05,5.0,2.46,0.87,4.13,4.52,0.0,3.98,2.42,0
2025-11-24T17:12:51.720472,25,student_4_lec_2a96290c_a01f0012,lec_2a96290c,cv101,1,0.95,engaged,65.46,-0.0078,-0.0036,-0.006,0.0014,-0.0068,-0.006,19.62,-140.12,128.37,-574.02,-2320.99,-159.69,5.83,178.12,3.19,2.09,1.81,4.71,5.0,0.29,3.61,5.0,3.2,2.24,1.8,5.0,2.67,0.18,4.82,4.56,0.0,4.1,2.36,0
2025-11-24T17:12:52.784780,26,student_4_lec_2a96290c_a01f0012,lec_2a96290c,cv101,1,0.95,engaged,62.56,-0.0136,-0.0035,-0.0058,-0.0002,-0.005,-0.0059,-145.53,-144.42,-136.3,573.46,2132.24,-177.45,6.69,-4.49,3.16,2.17,1.84,4.06,5.0,0.94,3.45,5.0,3.17,2.22,1.83,5.0,2.65,0.0,5.0,5.0,0.0,4.08,2.39,0
2025-11-24T17:12:53.846210,27,student_4_lec_2a96290c_a01f0012,lec_2a96290c,cv101,1,0.95,engaged,63.41,-0.0006,-0.0032,-0.0059,0.0051,-0.0047,-0.0057,-18.06,-146.04,8.9,517.04,2158.09,177.06,-15.3,-0.18,3.14,2.26,1.86,4.29,5.0,0.71,3.2,5.0,3.1,2.17,1.9,5.0,2.58,0.0,5.0,5.0,0.0,4.05,2.42,0
2025-11-24T17:12:54.889351,28,student_4_lec_2a96290c_a01f0012,lec_2a96290c,cv101,1,0.95,engaged,61.35,-0.0073,-0.0034,-0.0061,0.0024,-0.0033,-0.0059,14.34,-151.04,39.06,508.12,2142.27,175.58,-10.95,-1.38,2.94,2.12,2.06,3.74,5.0,1.26,3.2,5.0,3.25,2.27,1.75,5.0,2.71,0.0,5.0,5.0,0.0,4.12,2.37,0
2025-11-24T17:12:55.956135,29,student_4_lec_2a96290c_a01f0012,lec_2a96290c,cv101,1,0.95,engaged,63.75,-0.0059,-0.0042,-0.0061,0.0029,-0.0043,-0.0061,9.13,-145.11,8.35,520.36,2114.39,179.84,-1.49,-2.73,2.8,1.94,2.2,4.29,5.0,0.71,3.34,5.0,3.23,2.26,1.77,5.0,2.7,0.0,5.0,5.0,0.0,4.12,2.31,0
2025-11-24T17:12:57.000769,30,student_4_lec_2a96290c_a01f0012,lec_2a96290c,cv101,1,0.95,engaged,63.42,-0.0044,-0.0036,-0.006,0.003,-0.0049,-0.006,4.73,-144.71,-3.18,547.11,2131.01,178.66,3.08,-2.16,2.83,1.99,2.17,4.28,5.0,0.72,3.31,5.0,3.08,2.16,1.92,5.0,2.57,0.0,5.0,5.0,0.0,4.04,2.33,0
2025-11-24T17:12:58.056822,31,student_4_lec_2a96290c_a01f0012,lec_2a96290c,cv101,1,0.95,engaged,64.75,-0.004,-0.0037,-0.0059,0.0039,-0.0042,-0.0059,0.33,-146.24,-3.32,527.64,2121.56,179.88,0.35,-1.96,2.83,2.01,2.17,4.55,5.0,0.45,3.32,5.0,3.18,2.23,1.82,5.0,2.65,0.0,5.0,5.0,0.0,4.09,2.34,0
2025-11-24T17:12:59.119083,32,student_4_lec_2a96290c_a01f0012,lec_2a96290c,cv101,1,0.95,engaged,63.31,-0.0039,-0.0035,-0.006,0.0028,-0.0054,-0.0059,3.53,-143.58,-5.09,523.25,2116.49,179.31,0.03,-1.73,2.74,1.92,2.26,4.23,5.0,0.77,3.3,5.0,3.13,2.19,1.87,5.0,2.61,0.0,5.0,5.0,0.0,4.06,2.31,0
2025-11-24T17:13:00.166584,33,student_4_lec_2a96290c_a01f0012,lec_2a96290c,cv101,1,0.95,engaged,57.15,-0.0045,-0.002,-0.0061,0.0005,-0.0019,-0.0059,15.84,-161.87,-80.58,-605.97,-2371.44,-159.78,-16.27,177.4,4.04,2.97,0.96,2.86,5.0,2.14,3.46,5.0,3.18,2.23,1.82,5.0,2.65,0.0,5.0,4.87,0.0,4.09,2.66,0
2025-11-24T17:13:01.168509,34,student_4_lec_2a96290c_a01f0012,lec_2a96290c,cv101,1,0.95,engaged,60.5,-0.0036,-0.0024,-0.0059,0.0013,-0.0051,-0.0058,9.41,-148.17,140.66,620.91,2234.53,175.9,-6.92,5.27,3.6,2.75,1.4,3.62,5.0,1.38,3.17,5.0,3.18,2.22,1.82,5.0,2.65,0.0,5.0,5.0,0.0,4.09,2.58,0
2025-11-24T17:13:02.218716,35,student_4_lec_2a96290c_a01f0012,lec_2a96290c,cv101,1,0.95,engaged,60.66,-0.0039,-0.0026,-0.0061,0.0004,-0.004,-0.006,14.35,-151.53,-23.18,549.86,2153.87,179.29,5.1,-0.86,3.25,2.43,1.75,3.62,5.0,1.38,3.19,5.0,3.21,2.25,1.79,5.0,2.68,0.02,4.98,5.0,0.0,4.11,2.48,0
2025-11-24T17:13:03.281566,36,student_4_lec_2a96290c_a01f0012,lec_2a96290c,cv101,1,0.95,engaged,62.31,-0.0062,-0.0037,-0.0057,0.0029,-0.0032,-0.0056,10.2,-148.69,-13.9,574.03,2212.74,-179.56,-1.22,0.59,3.35,2.42,1.65,4.08,5.0,0.92,3.27,5.0,3.02,2.12,1.98,5.0,2.52,0.0,5.0,5.0,0.0,4.01,2.47,0
2025-11-24T17:13:04.331387,37,student_4_lec_2a96290c_a01f0012,lec_2a96290c,cv101,1,0.95,engaged,62.55,-0.0054,-0.0036,-0.0059,0.0019,-0.0025,-0.0058,11.96,-152.88,-4.45,592.05,2194.15,-178.46,-4.11,1.18,3.37,2.41,1.63,4.1,5.0,0.9,3.33,5.0,3.11,2.18,1.89,5.0,2.6,0.0,5.0,5.0,0.0,4.05,2.47,0
2025-11-24T17:13:05.383400,38,student_4_lec_2a96290c_a01f0012,lec_2a96290c,cv101,1,0.95,engaged,62.32,-0.0045,-0.0036,-0.0057,0.0013,-0.003,-0.0055,12.78,-149.41,-3.77,597.52,2240.22,-179.81,-7.26,2.92,3.25,2.4,1.75,4.11,5.0,0.89,3.22,5.0,2.95,2.06,2.05,5.0,2.45,0.0,5.0,4.86,0.0,3.98,2.47,0
2025-11-24T17:13:06.437367,39,student_4_lec_2a96290c_a01f0012,lec_2a96290c,cv101,1,0.95,engaged,61.37,-0.0106,-0.0043,-0.0058,-0.0005,-0.0035,-0.0057,-147.2,-146.2,0.49,585.37,2242.22,-179.98,-6.92,2.35,3.37,2.47,1.63,3.86,5.0,1.14,3.23,5.0,3.04,2.13,1.96,5.0,2.53,0.09,4.91,4.91,0.0,4.02,2.49,0
2025-11-24T17:13:07.446324,40,student_4_lec_2a96290c_a01f0012,lec_2a96290c,cv101,1,0.95,engaged,64.45,-0.0068,-0.0055,-0.0058,0.0007,-0.0037,-0.0057,21.09,-141.6,1.14,-617.04,-2469.89,-161.31,-7.45,179.57,3.21,2.28,1.79,4.56,5.0,0.44,3.22,5.0,3.04,2.13,1.96,5.0,2.54,0.0,5.0,4.86,0.0,4.02,2.43,0
2025-11-24T17:13:08.446687,41,student_4_lec_2a96290c_a01f0012,lec_2a96290c,cv101,1,0.95,engaged,64.42,-0.0073,-0.0052,-0.0058,0.0002,-0.0047,-0.0057,24.46,-139.51,-7.2,577.72,2187.9,-178.66,-1.87,1.89,3.2,2.2,1.8,4.56,5.0,0.44,3.27,5.0,3.01,2.11,1.99,5.0,2.51,0.0,5.0,5.0,0.0,4.0,2.4,0
2025-11-24T17:13:09.453469,42,student_4_lec_2a96290c_a01f0012,lec_2a96290c,cv101,1,0.95,engaged,64.78,-0.0064,-0.0042,-0.0058,0.0008,-0.0039,-0.0057,20.24,-144.51,-7.06,600.42,2225.25,-178.85,-3.3,2.38,3.15,2.27,1.85,4.7,5.0,0.3,3.26,4.98,2.88,2.02,2.12,5.0,2.4,0.0,5.0,4.9,0.0,3.94,2.42,0
2025-11-24T17:13:10.536154,43,student_4_lec_2a96290c_a01f0012,lec_2a96290c,cv101,1,0.95,engaged,63.61,-0.0051,-0.0033,-0.0057,0.0022,-0.0045,-0.0055,10.45,-145.2,1.03,581.84,2222.07,-179.11,-5.45,2.89,3.3,2.41,1.7,4.42,5.0,0.58,3.23,5.0,2.93,2.05,2.07,5.0,2.44,0.0,5.0,4.93,0.0,3.96,2.47,0
2025-11-24T17:13:11.645512,44,student_4_lec_2a96290c_a01f0012,lec_2a96290c,cv101,1,0.95,engaged,60.91,-0.0099,-0.0038,-0.0058,0.001,-0.0046,-0.0057,24.65,-143.93,-5.19,586.88,2261.23,179.65,-3.52,2.46,3.59,2.68,1.41,3.76,5.0,1.24,3.18,5.0,3.06,2.14,1.94,5.0,2.55,0.0,5.0,5.0,0.0,4.03,2.56,0
2025-11-24T17:13:12.714004,45,student_4_lec_2a96290c_a01f0012,lec_2a96290c,cv101,1,0.95,engaged,62.24,-0.0069,-0.0039,-0.0059,0.0005,-0.0031,-0.0058,22.1,-149.0,1.75,586.71,2201.03,-178.87,-4.06,2.89,3.38,2.44,1.62,4.1,5.0,0.9,3.27,5.0,2.94,2.06,2.06,5.0,2.45,0.0,5.0,5.0,0.0,3.97,2.48,0
2025-11-24T17:13:13.807591,46,student_4_lec_2a96290c_a01f0012,lec_2a96290c,cv101,1,0.95,engaged,63.09,-0.0074,-0.0042,-0.0057,0.0015,-0.0059,-0.0056,18.42,-138.83,-5.7,604.71,2253.52,179.32,-3.3,3.4,3.23,2.34,1.77,4.29,5.0,0.71,3.17,5.0,2.94,2.06,2.06,5.0,2.45,0.0,5.0,4.95,0.0,3.97,2.45,0
2025-11-24T17:13:14.892223,47,student_4_lec_2a96290c_a01f0012,lec_2a96290c,cv101,1,0.95,engaged,62.37,-0.009,-0.0028,-0.0057,0.0003,-0.0023,-0.0056,27.43,-155.62,-11.5,550.63,2232.77,179.66,-1.5,2.56,3.56,2.59,1.44,4.12,5.0,0.88,3.22,5.0,2.99,2.09,2.01,5.0,2.49,0.0,5.0,5.0,0.0,4.0,2.53,0
2025-11-24T17:13:15.978725,48,student_4_lec_2a96290c_a01f0012,lec_2a96290c,cv101,1,0.95,engaged,62.79,-0.0046,-0.0017,-0.0059,0.0021,-0.0029,-0.0059,9.04,-158.44,-57.74,537.96,2191.39,178.73,-0.97,-0.65,2.88,2.21,2.12,4.12,5.0,0.88,3.15,4.79,3.15,2.21,1.85,5.0,2.63,0.02,4.98,5.0,0.0,4.08,2.4,0
2025-11-24T17:13:17.079560,49,student_4_lec_2a96290c_a01f0012,lec_2a96290c,cv101,1,0.95,engaged,62.17,-0.0045,-0.003,-0.0059,0.0015,-0.0046,-0.0058,11.49,-147.38,-50.55,570.51,2234.91,175.18,-1.32,-1.09,2.77,2.08,2.23,4.05,5.0,0.95,2.94,5.0,2.95,2.06,2.05,5.0,2.46,0.0,5.0,5.0,0.0,3.98,2.36,0
2025-11-24T17:13:18.079649,50,student_4_lec_2a96290c_a01f0012,lec_2a96290c,cv101,1,0.95,engaged,62.66,-0.006,-0.0018,-0.0059,0.0005,-0.0045,-0.0058,20.24,-152.37,-40.43,567.59,2244.44,175.45,-1.99,-0.27,2.87,2.15,2.13,4.16,5.0,0.84,2.98,5.0,2.97,2.08,2.03,5.0,2.48,0.0,5.0,5.0,0.0,3.99,2.38,0
2025-11-24T17:13:19.148696,51,student_4_lec_2a96290c_a01f0012,lec_2a96290c,cv101,1,0.95,engaged,61.23,-0.0036,-0.0026,-0.0058,0.002,-0.0051,-0.0058,6.21,-147.28,-48.99,561.68,2236.93,177.68,1.29,-0.48,3.12,2.43,1.88,3.89,5.0,1.11,3.02,4.92,2.88,2.02,2.12,5.0,2.4,0.0,5.0,5.0,0.0,3.94,2.48,0
2025-11-24T17:13:20.162716,52,student_4_lec_2a96290c_a01f0012,lec_2a96290c,cv101,1,0.95,engaged,62.3,-0.0038,-0.0024,-0.0057,0.0015,-0.0072,-0.0057,9.6,-142.47,-56.1,590.77,2254.12,176.72,1.9,-0.59,3.06,2.32,1.94,4.13,5.0,0.87,3.0,5.0,2.88,2.02,2.12,5.0,2.4,0.0,5.0,5.0,0.0,3.94,2.44,0
2025-11-24T17:13:21.225409,53,student_4_lec_2a96290c_a01f0012,lec_2a96290c,cv101,1,0.95,engaged,61.06,-0.0053,-0.0021,-0.0057,0.0013,-0.0072,-0.0056,15.19,-143.76,-36.94,599.77,2286.86,175.72,-2.68,0.16,3.08,2.4,1.92,3.84,5.0,1.16,2.96,5.0,2.9,2.03,2.1,5.0,2.42,0.0,5.0,5.0,0.0,3.95,2.47,0
2025-11-24T17:13:22.231289,54,student_4_lec_2a96290c_a01f0012,lec_2a96290c,cv101,1,0.95,engaged,60.83,-0.0071,-0.0016,-0.0056,0.0012,-0.0032,-0.0055,19.81,-156.75,-25.5,592.05,2319.86,175.53,-3.66,1.34,3.42,2.69,1.58,3.87,5.0,1.13,3.0,5.0,2.75,1.92,2.25,5.0,2.29,0.0,5.0,5.0,0.0,3.88,2.56,0
2025-11-24T17:13:23.307443,55,student_4_lec_2a96290c_a01f0012,lec_2a96290c,cv101,1,0.95,engaged,61.87,-0.0062,-0.0031,-0.0057,0.0024,-0.0049,-0.0056,12.03,-144.9,-27.37,579.87,2290.09,176.03,-3.73,1.17,3.3,2.59,1.7,4.05,5.0,0.95,2.98,4.99,2.88,2.02,2.12,5.0,2.4,0.0,5.0,5.0,0.0,3.94,2.53,0
2025-11-24T17:13:24.412413,56,student_4_lec_2a96290c_a01f0012,lec_2a96290c,cv101,1,0.95,engaged,62.4,-0.0041,-0.0033,-0.0056,0.0018,-0.0042,-0.0056,9.06,-146.05,-38.6,609.99,2282.82,176.99,-0.16,0.82,3.4,2.61,1.6,4.2,5.0,0.8,2.96,4.93,2.82,1.97,2.18,5.0,2.35,0.0,5.0,5.0,0.0,3.91,2.54,0
2025-11-24T17:13:25.466372,57,student_4_lec_2a96290c_a01f0012,lec_2a96290c,cv101,1,0.95,engaged,61.15,-0.0058,-0.0025,-0.0057,0.0019,-0.0039,-0.0056,13.36,-150.9,-25.24,591.59,2302.53,175.57,-1.8,1.21,3.29,2.54,1.71,3.92,5.0,1.08,2.94,5.0,2.78,1.94,2.22,5.0,2.31,0.0,5.0,5.0,0.0,3.89,2.51,0
2025-11-24T17:13:26.581533,58,student_4_lec_2a96290c_a01f0012,lec_2a96290c,cv101,1,0.95,engaged,60.26,-0.0084,-0.0015,-0.0057,0.0024,-0.0051,-0.0056,16.35,-151.52,-30.3,581.52,2295.05,176.6,-1.72,1.48,3.64,2.91,1.36,3.72,5.0,1.28,2.96,4.87,2.84,1.99,2.16,5.0,2.37,0.0,5.0,5.0,0.0,3.92,2.64,0
2025-11-24T17:13:27.661622,59,student_4_lec_2a96290c_a01f0012,lec_2a96290c,cv101,1,0.95,engaged,60.07,-0.0043,-0.0024,-0.0058,0.0012,-0.0039,-0.0057,12.22,-151.44,-12.86,586.37,2288.44,176.56,-5.91,1.91,3.8,3.05,1.2,3.67,5.0,1.33,2.97,5.0,2.87,2.01,2.13,5.0,2.39,0.0,5.0,5.0,0.0,3.94,2.68,0
2025-11-24T17:13:28.746398,60,student_4_lec_2a96290c_a01f0012,lec_2a96290c,cv101,1,0.95,engaged,58.93,-0.0075,-0.0019,-0.0057,0.001,-0.0029,-0.0055,21.53,-157.07,-8.35,594.65,2324.64,176.22,-6.71,3.06,3.66,2.99,1.34,3.44,5.0,1.56,2.96,4.93,2.78,1.95,2.22,5.0,2.32,0.0,5.0,5.0,0.0,3.89,2.66,0
2025-11-24T17:13:29.747602,61,student_4_lec_2a96290c_a01f0012,lec_2a96290c,cv101,1,0.95,engaged,60.07,-0.008,-0.0034,-0.0059,0.0015,-0.0039,-0.0058,19.73,-147.92,-19.7,570.17,2283.75,175.69,-2.88,2.26,3.59,2.86,1.41,3.64,5.0,1.36,2.95,4.96,2.91,2.04,2.09,5.0,2.42,0.0,5.0,5.0,0.0,3.96,2.62,0
2025-11-24T17:13:30.828483,62,student_4_lec_2a96290c_a01f0012,lec_2a96290c,cv101,1,0.95,engaged,60.69,-0.0073,-0.0041,-0.0057,0.0016,-0.0045,-0.0056,18.01,-142.8,-15.51,579.24,2285.54,177.85,-5.39,2.66,3.61,2.85,1.39,3.8,5.0,1.2,3.03,4.93,2.87,2.01,2.13,5.0,2.39,0.0,5.0,5.0,0.0,3.94,2.62,0
2025-11-24T17:13:31.913561,63,student_4_lec_2a96290c_a01f0012,lec_2a96290c,cv101,1,0.95,engaged,59.49,-0.0064,-0.0044,-0.0056,0.001,-0.0034,-0.0054,19.22,-144.76,-15.91,592.08,2307.79,173.99,-6.06,3.15,3.54,2.86,1.46,3.54,5.0,1.46,2.91,5.0,2.83,1.98,2.17,5.0,2.36,0.0,5.0,5.0,0.0,3.92,2.62,0
2025-11-24T17:13:32.996667,64,student_4_lec_2a96290c_a01f0012,lec_2a96290c,cv101,1,0.95,engaged,60.55,-0.0097,-0.0042,-0.0057,0.0007,-0.0024,-0.0056,26.28,-149.9,-12.03,568.06,2288.64,175.62,-5.8,3.0,3.3,2.57,1.7,3.77,5.0,1.23,3.0,5.0,2.81,1.97,2.19,5.0,2.34,0.0,5.0,5.0,0.0,3.91,2.52,0
2025-11-24T17:13:34.082526,65,student_4_lec_2a96290c_a01f0012,lec_2a96290c,cv101,1,0.95,engaged,60.1,-0.004,-0.0045,-0.0057,0.0017,-0.0041,-0.0056,8.78,-142.84,-17.66,567.81,2287.7,176.25,-4.04,2.96,3.53,2.8,1.47,3.66,5.0,1.34,2.95,4.97,2.87,2.01,2.13,5.0,2.39,0.0,5.0,5.0,0.0,3.94,2.6,0
2025-11-24T17:13:35.163876,66,student_4_lec_2a96290c_a01f0012,lec_2a96290c,cv101,1,0.95,engaged,61.01,-0.0046,-0.0034,-0.0056,0.0025,-0.0028,-0.0055,7.36,-151.11,-24.49,607.15,2311.65,176.04,-2.33,2.21,3.7,2.91,1.3,3.88,5.0,1.12,2.97,4.94,2.87,2.01,2.13,5.0,2.39,0.0,5.0,5.0,0.0,3.94,2.64,0
2025-11-24T17:13:36.262028,67,student_4_lec_2a96290c_a01f0012,lec_2a96290c,cv101,1,0.95,highly_engaged,80.55,-0.0019,0.0008,-0.0056,0.0039,-0.0032,-0.0055,-8.26,11.19,-17.83,613.05,2342.02,174.84,-6.34,2.98,4.24,3.55,0.76,2.94,4.94,2.06,2.91,4.94,2.85,1.99,2.15,5.0,2.37,0.0,5.0,5.0,0.0,3.9,2.85,0
2025-11-24T17:13:37.339444,68,student_4_lec_2a96290c_a01f0012,lec_2a96290c,cv101,1,0.95,engaged,58.76,-0.0045,-0.0002,-0.0058,0.002,-0.0026,-0.0056,9.23,-166.32,-11.27,583.37,2327.74,174.64,-5.26,3.31,3.91,3.22,1.09,3.38,5.0,1.62,2.96,5.0,2.87,2.01,2.13,5.0,2.4,0.0,5.0,5.0,0.0,3.94,2.74,0
2025-11-24T17:13:38.446241,69,student_4_lec_2a96290c_a01f0012,lec_2a96290c,cv101,1,0.95,engaged,59.01,-0.0046,-0.0015,-0.0056,0.0018,-0.0039,-0.0055,10.65,-154.83,-6.79,583.97,2303.02,176.75,-7.04,3.01,3.95,3.22,1.05,3.45,5.0,1.55,2.96,4.96,2.85,1.99,2.15,5.0,2.37,0.0,5.0,5.0,0.0,3.92,2.74,0
2025-11-24T17:13:39.526683,70,student_4_lec_2a96290c_a01f0012,lec_2a96290c,cv101,1,0.95,engaged,58.54,-0.0033,-0.0031,-0.0057,0.0013,-0.003,-0.0056,8.58,-151.29,-8.3,602.8,2328.28,174.56,-6.65,2.91,3.8,3.09,1.2,3.31,5.0,1.69,2.9,5.0,2.9,2.03,2.1,5.0,2.42,0.0,5.0,5.0,0.0,3.95,2.7,0
2025-11-24T17:13:40.529139,71,student_4_lec_2a96290c_a01f0012,lec_2a96290c,cv101,1,0.95,engaged,58.56,-0.0075,-0.0004,-0.0057,0.0019,-0.003,-0.0056,16.81,-163.79,-10.72,585.73,2329.13,174.34,-6.43,2.82,3.85,3.16,1.15,3.34,5.0,1.66,2.92,5.0,2.85,1.99,2.15,5.0,2.37,0.0,5.0,5.0,0.0,3.92,2.72,0
2025-11-24T17:13:41.613503,72,student_4_lec_2a96290c_a01f0012,lec_2a96290c,cv101,1,0.95,engaged,58.94,-0.004,-0.0014,-0.0057,0.0014,-0.0041,-0.0055,10.43,-154.89,-5.07,567.85,2292.01,175.43,-7.39,3.45,3.76,3.04,1.24,3.4,5.0,1.6,2.96,4.96,2.89,2.02,2.11,5.0,2.41,0.0,5.0,5.0,0.0,3.95,2.68,0
2025-11-24T17:13:42.697771,73,student_4_lec_2a96290c_a01f0012,lec_2a96290c,cv101,1,0.95,engaged,59.66,-0.0039,-0.0024,-0.0057,0.0016,-0.0032,-0.0056,9.45,-153.57,-10.33,598.97,2320.59,176.18,-5.87,2.36,3.85,3.12,1.15,3.58,5.0,1.42,2.94,5.0,2.88,2.01,2.12,5.0,2.4,0.0,5.0,5.0,0.0,3.94,2.71,0
2025-11-24T17:13:43.777750,74,student_4_lec_2a96290c_a01f0012,lec_2a96290c,cv101,1,0.95,engaged,59.17,-0.003,-0.0004,-0.0056,0.0011,-0.0024,-0.0054,8.14,-166.23,-10.15,584.57,2320.19,175.12,-6.65,3.41,3.94,3.21,1.06,3.49,5.0,1.51,2.92,5.0,2.84,1.99,2.16,5.0,2.37,0.0,5.0,5.0,0.0,3.92,2.74,0
2025-11-24T17:13:44.860449,75,student_4_lec_2a96290c_a01f0012,lec_2a96290c,cv101,1,0.95,engaged,60.6,-0.0069,-0.0045,-0.0057,0.0031,-0.0051,-0.0056,10.83,-139.48,-22.54,556.87,2294.09,173.68,-2.56,3.52,3.22,2.5,1.78,3.75,5.0,1.25,2.87,5.0,2.88,2.02,2.12,5.0,2.4,0.0,5.0,5.0,0.0,3.94,2.5,0
2025-11-24T17:13:45.861609,76,student_4_lec_2a96290c_a01f0012,lec_2a96290c,cv101,1,0.95,engaged,61.23,-0.0063,-0.0042,-0.0056,-0.0005,-0.0018,-0.0055,-153.09,-152.55,-53.52,552.41,2248.05,176.73,3.76,1.59,2.93,2.22,2.07,3.87,5.0,1.13,2.95,5.0,2.89,2.03,2.11,5.0,2.41,0.0,5.0,5.0,0.0,3.95,2.41,0
2025-11-24T17:13:46.948763,77,student_4_lec_2a96290c_a01f0012,lec_2a96290c,cv101,1,0.95,engaged,61.15,-0.0022,-0.0025,-0.0057,0.0013,-0.004,-0.0056,4.03,-150.27,-69.23,558.07,2283.1,177.02,2.45,0.23,2.84,2.19,2.16,3.82,5.0,1.18,2.96,4.84,2.96,2.07,2.04,5.0,2.47,0.0,5.0,5.0,0.0,3.98,2.4,0
2025-11-24T17:13:48.027131,78,student_4_lec_2a96290c_a01f0012,lec_2a96290c,cv101,1,0.95,engaged,58.35,-0.0047,-0.0003,-0.0057,0.0032,-0.0001,-0.0057,5.05,-177.92,-69.18,571.83,2323.6,177.25,-0.71,-0.74,3.82,3.15,1.18,3.29,4.94,1.71,2.93,4.69,2.94,2.06,2.06,5.0,2.45,0.0,5.0,5.0,0.0,3.94,2.72,0
2025-11-24T17:13:49.122355,79,student_4_lec_2a96290c_a01f0012,lec_2a96290c,cv101,1,0.95,engaged,60.86,-0.0029,-0.0021,-0.0058,0.0018,-0.0025,-0.0058,4.4,-158.72,-71.14,549.66,2271.49,177.19,1.64,-1.06,2.9,2.22,2.1,3.75,5.0,1.25,2.95,4.73,2.97,2.08,2.03,5.0,2.47,0.0,5.0,5.0,0.0,3.99,2.41,0
2025-11-24T17:13:50.203556,80,student_4_lec_2a96290c_a01f0012,lec_2a96290c,cv101,1,0.95,engaged,62.3,-0.0042,-0.0031,-0.0058,0.0005,-0.0023,-0.0058,15.34,-155.01,-72.97,545.93,2249.36,178.12,3.01,-1.0,2.82,2.11,2.18,4.08,5.0,0.92,2.97,4.77,2.96,2.07,2.04,5.0,2.46,0.0,5.0,5.0,0.0,3.98,2.37,0
2025-11-24T17:13:51.288691,81,student_4_lec_2a96290c_a01f0012,lec_2a96290c,cv101,1,0.95,engaged,61.77,-0.0056,-0.0032,-0.0057,-0.0,-0.0055,-0.0056,-157.43,-143.12,-68.11,579.82,2285.24,176.14,-0.28,-0.85,2.94,2.23,2.06,3.95,5.0,1.05,2.87,4.96,3.0,2.1,2.0,5.0,2.5,0.0,5.0,5.0,0.0,4.0,2.41,0
2025-11-24T17:13:52.392866,82,student_4_lec_2a96290c_a01f0012,lec_2a96290c,cv101,1,0.95,engaged,61.91,-0.0042,-0.0024,-0.0057,-0.0001,-0.0028,-0.0056,-161.35,-155.46,-67.81,562.98,2276.33,176.41,1.28,-1.03,2.78,2.1,2.22,3.99,5.0,1.01,2.91,4.9,2.96,2.07,2.04,5.0,2.46,0.0,5.0,5.0,0.0,3.98,2.37,0
2025-11-24T17:13:53.474599,83,student_4_lec_2a96290c_a01f0012,lec_2a96290c,cv101,1,0.95,engaged,62.91,-0.0032,-0.0035,-0.0056,-0.0002,-0.0023,-0.0056,-163.96,-152.87,-63.07,570.28,2282.12,177.35,0.65,-0.29,2.65,1.92,2.35,4.21,5.0,0.79,2.96,4.88,2.95,2.07,2.05,5.0,2.46,0.0,5.0,5.0,0.0,3.98,2.31,0
2025-11-24T17:13:54.543014,84,student_4_lec_2a96290c_a01f0012,lec_2a96290c,cv101,1,0.95,engaged,61.25,-0.0049,-0.0032,-0.0056,0.0003,-0.0053,-0.0055,19.03,-143.41,-66.85,598.5,2318.02,176.89,-1.71,-0.48,2.89,2.19,2.11,3.88,5.0,1.12,2.93,4.91,2.87,2.01,2.13,5.0,2.39,0.0,5.0,5.0,0.0,3.94,2.4,0
2025-11-24T17:13:55.638469,85,student_4_lec_2a96290c_a01f0012,lec_2a96290c,cv101,1,0.95,engaged,62.07,-0.0007,-0.0034,-0.0055,0.0029,-0.0033,-0.0054,-10.66,-148.36,-53.35,592.12,2338.32,172.53,-8.13,0.64,2.45,1.69,2.55,3.99,5.0,1.01,2.89,5.0,2.97,2.08,2.03,5.0,2.48,0.0,5.0,5.0,0.0,3.99,2.23,0
2025-11-24T17:13:56.723478,86,student_4_lec_2a96290c_a01f0012,lec_2a96290c,cv101,1,0.95,engaged,62.91,-0.0063,-0.0039,-0.0056,0.0024,-0.0032,-0.0054,12.42,-147.4,-44.66,567.69,2293.14,174.47,-8.63,1.14,2.4,1.63,2.6,4.2,5.0,0.8,2.93,5.0,2.92,2.05,2.08,5.0,2.44,0.0,5.0,5.0,0.0,3.96,2.21,0
2025-11-24T17:13:57.812730,87,student_4_lec_2a96290c_a01f0012,lec_2a96290c,cv101,1,0.95,engaged,62.8,-0.0043,-0.0037,-0.0056,0.0035,-0.0034,-0.0055,2.57,-147.48,-50.58,569.49,2286.16,174.7,-6.61,0.92,2.34,1.56,2.66,4.15,5.0,0.85,2.94,5.0,2.97,2.08,2.03,5.0,2.48,0.0,5.0,5.0,0.0,3.99,2.19,0
2025-11-24T17:13:58.911182,88,student_4_lec_2a96290c_a01f0012,lec_2a96290c,cv101,1,0.95,engaged,62.81,-0.0019,-0.0038,-0.0055,0.0037,-0.0024,-0.0054,-7.83,-150.45,-49.74,605.39,2336.98,173.19,-9.61,1.62,2.31,1.57,2.69,4.21,5.0,0.79,2.89,5.0,2.83,1.98,2.17,5.0,2.36,0.0,5.0,5.0,0.0,3.92,2.19,0
2025-11-24T17:13:59.994916,89,student_4_lec_2a96290c_a01f0012,lec_2a96290c,cv101,1,0.95,engaged,60.41,0.0005,-0.0024,-0.0056,0.0027,-0.0033,-0.0055,164.23,-152.78,-38.23,597.85,2372.03,173.88,-10.97,1.73,3.01,2.26,1.99,3.73,4.95,1.27,2.95,4.97,2.85,2.0,2.15,5.0,2.38,0.0,5.0,5.0,0.0,3.9,2.42,0
2025-11-24T17:14:01.079347,90,student_4_lec_2a96290c_a01f0012,lec_2a96290c,cv101,1,0.95,engaged,61.98,-0.0011,-0.0036,-0.0057,0.0032,-0.0024,-0.0055,-9.27,-151.93,-43.19,577.76,2323.65,173.17,-9.4,1.92,2.59,1.8,2.41,4.02,5.0,0.98,2.88,5.0,2.87,2.01,2.13,5.0,2.4,0.0,5.0,5.0,0.0,3.94,2.27,0
2025-11-24T17:14:02.162157,91,student_4_lec_2a96290c_a01f0012,lec_2a96290c,cv101,1,0.95,engaged,62.37,-0.0013,-0.003,-0.0056,0.0029,-0.0036,-0.0055,-7.12,-149.34,-50.34,603.42,2358.76,172.56,-7.89,1.7,2.65,1.88,2.35,4.12,5.0,0.88,2.89,5.0,2.86,2.0,2.14,5.0,2.38,0.0,5.0,5.0,0.0,3.93,2.29,0
2025-11-24T17:14:03.162184,92,student_4_lec_2a96290c_a01f0012,lec_2a96290c,cv101,1,0.95,engaged,61.06,-0.0009,-0.0026,-0.0056,0.0027,-0.002,-0.0054,-8.7,-157.53,-38.91,580.84,2336.01,173.33,-9.32,1.95,2.64,1.87,2.36,3.81,5.0,1.19,2.91,4.99,2.87,2.01,2.13,5.0,2.39,0.0,5.0,5.0,0.0,3.94,2.29,0
2025-11-24T17:14:04.162610,93,student_4_lec_2a96290c_a01f0012,lec_2a96290c,cv101,1,0.95,engaged,62.13,-0.0017,-0.0029,-0.0057,0.0031,-0.0024,-0.0056,-6.42,-154.77,-42.94,600.84,2358.08,174.4,-9.47,1.45,2.72,1.95,2.28,4.08,5.0,0.92,2.93,5.0,2.84,1.99,2.16,5.0,2.36,0.0,5.0,5.0,0.0,3.92,2.32,0
2025-11-24T17:14:05.246402,94,student_4_lec_2a96290c_a01f0012,lec_2a96290c,cv101,1,0.95,engaged,61.86,-0.0003,-0.0015,-0.0055,0.0045,-0.0035,-0.0054,-18.35,-155.88,-40.41,600.49,2384.18,171.35,-11.18,2.91,2.79,2.09,2.21,4.07,4.94,0.93,2.85,5.0,2.82,1.97,2.18,5.0,2.35,0.0,5.0,5.0,0.0,3.88,2.36,0
2025-11-24T17:14:06.328521,95,student_4_lec_2a96290c_a01f0012,lec_2a96290c,cv101,1,0.95,engaged,62.82,-0.001,-0.003,-0.0057,0.003,-0.0022,-0.0055,-8.99,-155.31,-35.65,583.98,2356.94,171.03,-11.81,2.75,2.6,1.88,2.4,4.23,5.0,0.77,2.86,5.0,2.85,1.99,2.15,5.0,2.37,0.0,5.0,5.0,0.0,3.92,2.29,0
2025-11-24T17:14:07.411677,96,student_4_lec_2a96290c_a01f0012,lec_2a96290c,cv101,1,0.95,engaged,62.26,-0.0009,-0.0016,-0.0057,0.0041,-0.0026,-0.0055,-13.99,-159.37,-39.55,587.99,2357.8,172.41,-10.04,1.82,2.82,2.05,2.18,4.08,5.0,0.92,2.87,5.0,2.93,2.05,2.07,5.0,2.44,0.0,5.0,5.0,0.0,3.96,2.35,0
2025-11-24T17:14:08.497419,97,student_4_lec_2a96290c_a01f0012,lec_2a96290c,cv101,1,0.95,engaged,60.34,0.0005,-0.004,-0.0056,0.0011,-0.0028,-0.0054,171.72,-148.87,-40.13,616.82,2388.65,171.59,-11.5,2.36,3.09,2.34,1.91,3.68,5.0,1.32,2.89,4.97,2.87,2.01,2.13,5.0,2.39,0.0,5.0,5.0,0.0,3.94,2.45,0
2025-11-24T17:14:09.584922,98,student_4_lec_2a96290c_a01f0012,lec_2a96290c,cv101,1,0.95,engaged,60.98,-0.0009,-0.0031,-0.0056,0.0015,-0.002,-0.0054,-2.98,-155.19,-29.8,597.5,2381.14,172.81,-12.95,2.59,3.03,2.26,1.97,3.86,5.0,1.14,2.95,4.83,2.78,1.95,2.22,5.0,2.32,0.0,5.0,5.0,0.0,3.89,2.42,0
2025-11-24T17:14:10.666209,99,student_4_lec_2a96290c_a01f0012,lec_2a96290c,cv101,1,0.95,engaged,61.6,0.0005,-0.0027,-0.0057,0.0026,-0.0019,-0.0056,164.83,-158.02,-28.86,572.07,2324.8,173.4,-10.64,2.11,2.76,2.05,2.24,3.94,5.0,1.06,2.93,4.98,2.89,2.03,2.11,5.0,2.41,0.0,5.0,5.0,0.0,3.95,2.35,0
2025-11-24T17:14:11.776430,100,student_4_lec_2a96290c_a01f0012,lec_2a96290c,cv101,1,0.95,engaged,62.15,-0.0014,-0.0034,-0.0057,0.0021,-0.0032,-0.0056,-3.38,-149.89,-50.2,579.42,2324.73,173.2,-6.82,1.16,2.63,1.89,2.37,4.01,5.0,0.99,2.93,5.0,3.01,2.11,1.99,5.0,2.51,0.0,5.0,5.0,0.0,4.0,2.3,0
2025-11-24T17:14:12.871257,101,student_4_lec_2a96290c_a01f0012,lec_2a96290c,cv101,1,0.95,engaged,61.79,-0.0016,-0.0024,-0.0056,0.0034,-0.0033,-0.0055,-8.07,-152.61,-37.83,572.88,2343.95,173.01,-10.79,2.03,2.84,2.09,2.16,4.01,5.0,0.99,2.88,4.97,2.84,1.99,2.16,5.0,2.37,0.0,5.0,5.0,0.0,3.92,2.36,0
2025-11-24T17:14:13.957215,102,student_4_lec_2a96290c_a01f0012,lec_2a96290c,cv101,1,0.95,engaged,62.69,-0.0011,-0.002,-0.0057,0.0028,-0.003,-0.0055,-8.05,-156.24,-32.28,562.55,2333.92,171.95,-12.37,2.1,2.69,2.0,2.31,4.19,5.0,0.81,2.87,4.96,2.89,2.02,2.11,5.0,2.41,0.0,5.0,5.0,0.0,3.95,2.33,0
2025-11-24T17:14:15.027424,103,student_4_lec_2a96290c_a01f0012,lec_2a96290c,cv101,1,0.95,engaged,62.17,-0.0033,-0.0023,-0.0057,0.0012,-0.0027,-0.0056,8.94,-155.69,-35.46,596.28,2359.9,172.74,-11.09,0.97,2.7,2.0,2.3,4.1,5.0,0.9,2.91,5.0,2.82,1.97,2.18,5.0,2.35,0.0,5.0,5.0,0.0,3.91,2.33,0
2025-11-24T17:14:16.117885,104,student_4_lec_2a96290c_a01f0012,lec_2a96290c,cv101,1,0.95,engaged,60.89,-0.0031,-0.0026,-0.0056,0.0014,-0.0015,-0.0054,7.25,-160.08,-25.81,587.64,2377.43,170.64,-13.06,2.73,2.65,1.98,2.35,3.81,5.0,1.19,2.82,4.97,2.8,1.96,2.2,5.0,2.34,0.0,5.0,5.0,0.0,3.9,2.33,0
2025-11-24T17:14:17.192250,105,student_4_lec_2a96290c_a01f0012,lec_2a96290c,cv101,1,0.95,engaged,62.58,-0.0021,-0.0027,-0.0056,0.0029,-0.0031,-0.0054,-3.97,-152.19,-21.2,574.64,2360.68,171.48,-14.58,2.44,2.75,2.07,2.25,4.19,5.0,0.81,2.85,4.96,2.85,1.99,2.15,5.0,2.37,0.0,5.0,5.0,0.0,3.92,2.36,0
2025-11-24T17:14:18.193542,106,student_4_lec_2a96290c_a01f0012,lec_2a96290c,cv101,1,0.95,engaged,61.31,-0.0021,-0.002,-0.0057,0.0016,-0.0018,-0.0055,1.97,-161.19,-30.38,575.21,2356.27,171.69,-12.32,2.34,2.79,2.12,2.21,3.87,5.0,1.13,2.86,5.0,2.91,2.04,2.09,5.0,2.43,0.0,5.0,5.0,0.0,3.96,2.37,0
2025-11-24T17:14:19.275301,107,student_4_lec_2a96290c_a01f0012,lec_2a96290c,cv101,1,0.95,engaged,63.32,-0.0012,-0.0033,-0.0057,0.0033,-0.0027,-0.0055,-9.69,-151.98,-25.51,586.3,2349.58,171.65,-12.4,2.64,2.53,1.82,2.47,4.32,4.99,0.68,2.87,4.99,2.91,2.04,2.09,5.0,2.43,0.0,5.0,5.0,0.0,3.95,2.27,0
2025-11-24T17:14:20.361170,108,student_4_lec_2a96290c_a01f0012,lec_2a96290c,cv101,1,0.95,engaged,62.61,-0.0024,-0.0026,-0.0057,0.0018,-0.0035,-0.0056,2.11,-151.66,-49.32,548.88,2307.9,172.41,-10.72,1.95,2.78,2.08,2.22,4.17,5.0,0.83,2.86,4.93,2.91,2.03,2.09,5.0,2.42,0.0,5.0,5.0,0.0,3.96,2.36,0
2025-11-24T17:14:21.463442,109,student_4_lec_2a96290c_a01f0012,lec_2a96290c,cv101,1,0.95,engaged,62.86,-0.0011,-0.0022,-0.0058,0.0008,-0.0025,-0.0056,1.39,-157.64,-39.75,559.25,2329.46,172.23,-11.28,1.79,2.83,2.14,2.17,4.22,5.0,0.78,2.9,4.99,2.94,2.06,2.06,5.0,2.45,0.0,5.0,5.0,0.0,3.97,2.38,0
2025-11-24T17:14:22.525677,110,student_4_lec_2a96290c_a01f0012,lec_2a96290c,cv101,1,0.95,engaged,62.25,-0.0016,-0.0018,-0.0056,0.0018,-0.002,-0.0055,-1.47,-161.41,-33.45,580.47,2350.47,171.36,-13.84,2.29,2.74,2.07,2.26,4.08,5.0,0.92,2.9,4.88,2.93,2.05,2.07,5.0,2.44,0.0,5.0,5.0,0.0,3.96,2.36,0
2025-11-24T17:14:23.527437,111,student_4_lec_2a96290c_a01f0012,lec_2a96290c,cv101,1,0.95,engaged,62.67,0.0001,-0.0015,-0.0057,0.0024,-0.003,-0.0055,167.8,-158.24,-36.6,566.6,2351.02,172.06,-11.49,2.19,2.8,2.1,2.2,4.17,5.0,0.83,2.92,4.78,2.95,2.06,2.05,5.0,2.46,0.0,5.0,5.0,0.0,3.98,2.37,0
2025-11-24T17:14:24.613313,112,student_4_lec_2a96290c_a01f0012,lec_2a96290c,cv101,1,0.95,engaged,62.59,-0.0008,-0.0009,-0.0057,0.0024,-0.0029,-0.0056,-7.91,-162.17,-41.5,556.48,2336.95,171.95,-9.69,2.01,2.91,2.2,2.09,4.14,5.0,0.86,2.91,4.94,2.99,2.09,2.01,5.0,2.49,0.0,5.0,5.0,0.0,4.0,2.4,0
2025-11-24T17:14:25.691814,113,student_4_lec_2a96290c_a01f0012,lec_2a96290c,cv101,1,0.95,engaged,61.93,-0.0007,-0.0023,-0.0057,0.0014,-0.0016,-0.0055,-3.73,-161.01,-37.38,565.94,2342.34,172.93,-11.15,1.66,2.79,2.12,2.21,3.98,5.0,1.02,2.91,4.97,2.99,2.1,2.01,5.0,2.5,0.0,5.0,5.0,0.0,4.0,2.37,0
2025-11-24T17:14:26.786397,114,student_4_lec_2a96290c_a01f0012,lec_2a96290c,cv101,1,0.95,engaged,62.37,-0.0021,-0.002,-0.0056,0.0016,-0.002,-0.0054,2.47,-159.49,-36.37,579.22,2357.74,171.16,-12.72,2.16,2.73,2.06,2.27,4.12,4.96,0.88,2.88,4.94,2.95,2.06,2.05,5.0,2.45,0.0,5.0,5.0,0.0,3.96,2.35,0
2025-11-24T17:14:27.874995,115,student_4_lec_2a96290c_a01f0012,lec_2a96290c,cv101,1,0.95,engaged,59.32,-0.0001,-0.0008,-0.0056,0.0021,-0.0031,-0.0055,-10.14,-160.92,-34.86,567.84,2350.95,173.23,-12.68,1.47,3.21,2.56,1.79,3.46,4.96,1.54,2.91,4.73,2.93,2.05,2.07,5.0,2.44,0.0,5.0,5.0,0.0,3.95,2.52,0
2025-11-24T17:14:28.963514,116,student_4_lec_2a96290c_a01f0012,lec_2a96290c,cv101,1,0.95,engaged,58.85,-0.0002,-0.0021,-0.0056,0.0024,-0.0032,-0.0055,-10.79,-154.68,-37.03,567.95,2352.46,173.92,-11.26,1.33,3.36,2.72,1.64,3.35,5.0,1.65,2.88,4.62,2.9,2.03,2.1,5.0,2.42,0.0,5.0,5.0,0.0,3.95,2.57,0
2025-11-24T17:14:30.041585,117,student_4_lec_2a96290c_a01f0012,lec_2a96290c,cv101,1,0.95,engaged,59.61,0.0005,-0.0017,-0.0056,0.0021,-0.0032,-0.0054,166.93,-156.09,-41.5,591.11,2377.3,172.33,-9.37,1.11,3.33,2.68,1.67,3.66,4.77,1.34,2.81,4.89,2.92,2.04,2.08,5.0,2.43,0.0,5.0,5.0,0.0,3.84,2.56,0
2025-11-24T17:14:31.157628,118,student_4_lec_2a96290c_a01f0012,lec_2a96290c,cv101,1,0.95,highly_engaged,79.99,-0.002,0.0005,-0.0056,0.0015,-0.0033,-0.0054,2.02,13.3,-15.54,579.54,2387.88,172.99,-11.64,1.84,3.86,3.23,1.14,2.94,4.66,2.06,2.84,4.74,2.89,2.02,2.11,5.0,2.41,0.0,5.0,5.0,0.0,3.78,2.74,0
2025-11-24T17:14:32.242299,119,student_4_lec_2a96290c_a01f0012,lec_2a96290c,cv101,1,0.95,engaged,57.24,-0.0046,-0.0029,-0.0057,0.0005,-0.0018,-0.0055,16.81,-157.27,-23.96,545.24,2347.66,170.94,-7.98,2.16,3.25,2.62,1.75,2.98,4.99,2.02,2.71,4.61,2.89,2.02,2.11,5.0,2.41,0.0,5.0,5.0,0.0,3.94,2.54,0
2025-11-24T17:14:33.336854,120,student_4_lec_2a96290c_a01f0012,lec_2a96290c,cv101,1,0.95,engaged,60.18,-0.0061,-0.0022,-0.0055,-0.0004,-0.0056,-0.0055,-153.94,-146.6,-111.33,590.38,2350.54,173.56,-3.9,-6.37,1.96,1.44,3.04,3.57,5.0,1.43,2.8,4.66,2.88,2.02,2.12,5.0,2.4,0.0,5.0,5.0,0.0,3.94,2.15,0
2025-11-24T17:14:34.395158,121,student_4_lec_2a96290c_a01f0012,lec_2a96290c,cv101,1,0.95,engaged,59.77,-0.008,-0.0006,-0.0056,-0.0016,-0.0028,-0.0055,-144.77,-163.44,-78.81,561.05,2367.17,170.56,-9.43,-4.45,2.02,1.43,2.98,3.46,5.0,1.54,2.77,4.8,2.91,2.04,2.09,5.0,2.43,0.0,5.0,5.0,0.0,3.96,2.14,0
2025-11-24T17:14:35.410090,122,student_4_lec_2a96290c_a01f0012,lec_2a96290c,cv101,1,0.95,engaged,58.0,-0.0056,-0.0008,-0.0055,-0.0001,-0.0054,-0.0054,-156.95,-153.23,-63.37,541.88,2346.63,171.78,-9.64,-3.37,2.24,1.65,2.76,3.09,5.0,1.91,2.74,4.55,2.86,2.0,2.14,5.0,2.38,0.0,5.0,5.0,0.0,3.93,2.22,0
2025-11-24T17:14:36.492471,123,student_4_lec_2a96290c_a01f0012,lec_2a96290c,cv101,1,0.95,engaged,59.7,-0.0052,-0.0029,-0.0057,-0.0007,-0.0045,-0.0055,-154.97,-146.9,-62.71,549.13,2337.52,173.06,-7.41,-3.78,2.19,1.6,2.81,3.47,5.0,1.53,2.75,4.65,2.88,2.02,2.12,5.0,2.4,0.0,5.0,5.0,0.0,3.94,2.2,0
2025-11-24T17:14:37.576463,124,student_4_lec_2a96290c_a01f0012,lec_2a96290c,cv101,1,0.95,engaged,59.21,-0.0048,-0.0028,-0.0056,0.0001,-0.0047,-0.0054,19.83,-146.28,-61.76,570.36,2380.43,171.98,-4.8,-3.13,2.07,1.46,2.93,3.36,5.0,1.64,2.74,4.48,2.85,2.0,2.15,5.0,2.38,0.16,4.84,5.0,0.0,3.92,2.15,0
2025-11-24T17:14:38.658469,125,student_4_lec_2a96290c_a01f0012,lec_2a96290c,cv101,1,0.95,engaged,59.83,-0.0099,-0.0032,-0.0055,0.0001,-0.0034,-0.0054,29.75,-148.39,-40.15,534.64,2334.98,171.26,-11.33,-1.76,2.09,1.54,2.91,3.51,5.0,1.49,2.73,4.77,2.85,2.0,2.15,5.0,2.38,0.0,5.0,5.0,0.0,3.92,2.18,0
2025-11-24T17:14:39.667395,126,student_4_lec_2a96290c_a01f0012,lec_2a96290c,cv101,1,0.95,engaged,57.34,-0.0062,-0.0019,-0.0055,0.0008,-0.0072,-0.0053,19.81,-143.56,-48.36,534.13,2344.83,171.84,-9.63,-1.79,2.54,1.96,2.46,2.96,5.0,2.04,2.73,4.5,2.86,2.0,2.14,5.0,2.38,0.0,5.0,5.0,0.0,3.93,2.32,0
2025-11-24T17:14:40.745020,127,student_4_lec_2a96290c_a01f0012,lec_2a96290c,cv101,1,0.95,engaged,59.19,-0.0049,-0.0027,-0.0055,0.0003,-0.0064,-0.0054,19.12,-141.86,-74.46,585.54,2372.53,171.79,-4.99,-0.88,2.59,1.92,2.41,3.42,5.0,1.58,2.72,5.0,2.78,1.94,2.22,5.0,2.31,0.0,5.0,5.0,0.0,3.89,2.31,0
2025-11-24T17:14:41.826331,128,student_4_lec_2a96290c_a01f0012,lec_2a96290c,cv101,1,0.95,engaged,56.21,-0.0078,-0.0043,-0.0055,0.0015,-0.0092,-0.0054,19.6,-131.18,-59.35,549.15,2380.18,170.73,-6.2,3.19,2.73,2.08,2.27,2.75,4.93,2.25,2.67,4.67,2.86,2.0,2.14,5.0,2.38,0.0,5.0,5.0,0.0,3.89,2.36,0
2025-11-24T17:14:42.911996,129,student_4_lec_2a96290c_a01f0012,lec_2a96290c,cv101,1,0.95,engaged,59.39,-0.006,-0.0032,-0.0056,0.0018,-0.0056,-0.0055,14.52,-142.28,-61.43,546.93,2360.49,170.45,-5.79,2.17,3.1,2.52,1.9,3.49,5.0,1.51,2.72,4.71,2.83,1.98,2.17,5.0,2.36,0.03,4.97,5.0,0.0,3.92,2.51,0
2025-11-24T17:14:43.996267,130,student_4_lec_2a96290c_a01f0012,lec_2a96290c,cv101,1,0.95,engaged,57.41,-0.0029,-0.0015,-0.0054,0.0015,-0.005,-0.0053,6.35,-150.64,-66.11,535.72,2337.0,172.43,-3.96,1.5,3.05,2.44,1.95,2.97,5.0,2.03,2.72,4.44,2.96,2.07,2.04,5.0,2.47,0.0,5.0,5.0,0.0,3.98,2.48,0
2025-11-24T17:14:45.080961,131,student_4_lec_2a96290c_a01f0012,lec_2a96290c,cv101,1,0.95,engaged,57.88,-0.0123,-0.0028,-0.0054,0.0005,-0.0116,-0.0053,30.67,-133.65,-66.14,578.45,2403.71,172.55,-6.26,1.68,2.69,2.06,2.31,3.2,4.83,1.8,2.78,4.42,2.85,2.0,2.15,5.0,2.38,0.0,5.0,5.0,0.0,3.84,2.35,0
2025-11-24T17:14:46.171438,132,student_4_lec_2a96290c_a01f0012,lec_2a96290c,cv101,1,0.95,engaged,55.34,-0.0144,-0.0012,-0.0054,-0.0003,-0.0109,-0.0053,-143.76,-141.69,-65.42,574.45,2412.6,170.73,-5.78,1.4,3.95,3.27,1.05,2.73,4.75,2.27,2.67,4.5,2.91,2.04,2.09,5.0,2.42,0.0,5.0,5.0,0.0,3.83,2.76,0
2025-11-24T17:14:47.256439,133,student_4_lec_2a96290c_a01f0012,lec_2a96290c,cv101,1,0.95,engaged,53.27,-0.0156,-0.0013,-0.0054,-0.0004,-0.0114,-0.0053,-142.4,-140.62,-69.78,557.3,2375.4,171.65,-3.57,0.65,3.96,3.32,1.04,2.21,4.77,2.79,2.69,4.46,2.98,2.08,2.02,5.0,2.48,0.0,5.0,5.0,0.0,3.88,2.77,0.58
2025-11-24T17:14:48.343920,134,student_4_lec_2a96290c_a01f0012,lec_2a96290c,cv101,1,0.95,engaged,69.81,-0.0139,-0.0014,-0.0056,0.0041,0.0003,-0.0055,15.81,5.31,-59.47,594.95,2420.04,172.24,-5.2,2.74,4.02,3.29,0.98,3.29,4.8,1.71,2.8,4.6,2.87,2.01,2.13,5.0,2.39,0.04,4.96,5.0,0.0,3.83,2.76,0
2025-11-24T17:14:49.458460,135,student_4_lec_2a96290c_a01f0012,lec_2a96290c,cv101,1,0.95,engaged,52.72,-0.013,-0.0037,-0.0054,0.0038,-0.0034,-0.0053,15.81,-146.19,-38.17,612.57,2451.71,171.23,-5.76,4.59,4.28,3.59,0.72,2.16,4.83,2.84,2.78,4.64,2.76,1.93,2.24,5.0,2.3,0.0,5.0,5.0,0.0,3.79,2.86,0.68
2025-11-24T17:14:50.542700,136,student_4_lec_2a96290c_a01f0012,lec_2a96290c,cv101,1,0.95,engaged,58.82,0.002,-0.007,-0.0055,0.0058,-0.0027,-0.0054,146.44,-140.92,-63.15,515.47,2321.69,169.16,-7.69,8.52,3.28,2.47,1.72,3.32,5.0,1.68,2.71,4.59,2.91,2.04,2.09,5.0,2.42,0.13,4.87,5.0,0.0,3.96,2.49,0
2025-11-24T17:14:51.603488,137,student_4_lec_2a96290c_a01f0012,lec_2a96290c,cv101,1,0.95,engaged,54.5,-0.0019,-0.0034,-0.0052,0.0026,-0.0023,-0.005,-3.79,-151.04,-34.01,458.94,2354.0,161.42,-15.3,3.12,2.52,2.1,2.48,2.48,4.66,2.52,2.39,4.97,2.96,2.08,2.04,5.0,2.47,0.0,5.0,5.0,0.0,3.81,2.37,0.04
2025-11-24T17:14:52.681611,138,student_4_lec_2a96290c_a01f0012,lec_2a96290c,cv101,1,0.95,engaged,54.91,-0.0053,-0.0013,-0.0055,0.0021,-0.0015,-0.0054,11.34,-165.76,-51.96,573.01,2406.67,168.76,-8.59,1.88,3.89,3.18,1.11,2.6,4.87,2.4,2.69,4.6,2.79,1.96,2.21,5.0,2.33,0.14,4.86,5.0,0.0,3.83,2.73,0
2025-11-24T17:14:53.769174,139,student_4_lec_2a96290c_a01f0012,lec_2a96290c,cv101,1,0.95,engaged,57.92,-0.0142,-0.0026,-0.0057,0.0026,-0.0072,-0.0056,21.67,-141.82,-70.78,610.81,2418.66,173.82,-0.35,5.0,3.93,3.16,1.07,3.36,4.72,1.64,2.77,4.57,2.86,2.0,2.14,5.0,2.38,0.07,4.93,5.0,0.0,3.79,2.72,0
2025-11-24T17:14:54.859927,140,student_4_lec_2a96290c_a01f0012,lec_2a96290c,cv101,1,0.95,engaged,58.93,-0.0064,-0.003,-0.0056,0.0029,-0.0016,-0.0056,10.65,-157.59,-93.03,627.83,2389.71,179.27,4.06,3.75,3.91,3.21,1.09,3.54,4.76,1.46,2.84,4.64,2.94,2.06,2.06,5.0,2.45,0.24,4.76,5.0,0.0,3.85,2.74,0
2025-11-24T17:14:55.958320,141,student_4_lec_2a96290c_a01f0012,lec_2a96290c,cv101,1,0.95,engaged,57.92,-0.0121,-0.0041,-0.0057,0.0021,-0.0029,-0.0057,22.26,-148.47,-56.6,636.41,2465.62,173.75,1.26,8.61,4.15,3.33,0.85,3.42,4.64,1.58,2.72,4.68,2.87,2.01,2.13,5.0,2.39,0.32,4.68,5.0,0.0,3.75,2.78,0
2025-11-24T17:14:57.042781,142,student_4_lec_2a96290c_a01f0012,lec_2a96290c,cv101,1,0.95,engaged,57.43,0.0011,-0.0039,-0.0055,0.0034,-0.0042,-0.0054,158.1,-143.69,-5.71,514.54,2313.72,169.88,-12.43,7.67,2.94,2.36,2.06,2.96,5.0,2.04,2.69,4.48,2.98,2.09,2.02,5.0,2.49,0.0,5.0,5.0,0.0,3.99,2.45,0
2025-11-24T17:14:58.043654,143,student_4_lec_2a96290c_a01f0012,lec_2a96290c,cv101,1,0.95,engaged,58.0,-0.0064,-0.0022,-0.0054,0.0037,-0.0034,-0.0053,7.32,-152.63,-29.92,509.83,2310.31,168.7,-8.34,4.7,2.71,2.15,2.29,3.07,5.0,1.93,2.67,4.89,2.99,2.09,2.01,5.0,2.49,0.0,5.0,5.0,0.0,4.0,2.38,0
2025-11-24T17:14:59.124836,144,student_4_lec_2a96290c_a01f0012,lec_2a96290c,cv101,1,0.95,highly_engaged,81.09,-0.0003,0.0016,-0.0055,0.0028,-0.0034,-0.0053,-12.62,8.04,-43.4,512.87,2309.47,169.7,-6.25,3.44,2.77,2.24,2.23,2.89,5.0,2.11,2.66,4.84,2.94,2.05,2.06,5.0,2.45,0.0,5.0,5.0,0.0,3.97,2.41,0
2025-11-24T17:15:00.210293,145,student_4_lec_2a96290c_a01f0012,lec_2a96290c,cv101,1,0.95,engaged,57.69,-0.0047,-0.0025,-0.0055,0.0014,-0.005,-0.0054,12.89,-146.51,-44.58,553.87,2348.9,171.0,-4.28,2.77,3.1,2.43,1.9,3.09,5.0,1.91,2.69,4.83,2.83,1.98,2.17,5.0,2.36,0.0,5.0,5.0,0.0,3.92,2.48,0
2025-11-24T17:15:01.297300,146,student_4_lec_2a96290c_a01f0012,lec_2a96290c,cv101,1,0.95,engaged,56.96,-0.003,-0.0033,-0.0055,0.0024,-0.0022,-0.0053,2.38,-153.36,-35.92,554.68,2367.52,169.75,-8.97,3.19,3.06,2.46,1.94,2.95,5.0,2.05,2.62,4.91,2.77,1.94,2.23,5.0,2.31,0.0,5.0,5.0,0.0,3.88,2.49,0
2025-11-24T17:15:02.377030,147,student_4_lec_2a96290c_a01f0012,lec_2a96290c,cv101,1,0.95,engaged,55.06,-0.0097,-0.0011,-0.0056,0.0007,-0.0063,-0.0054,26.23,-149.7,-45.55,537.76,2340.59,170.09,-6.41,2.62,3.53,2.89,1.47,2.48,5.0,2.52,2.69,4.74,2.91,2.04,2.09,5.0,2.43,0.0,5.0,5.0,0.0,3.96,2.63,0.04
2025-11-24T17:15:03.380867,148,student_4_lec_2a96290c_a01f0012,lec_2a96290c,cv101,1,0.95,engaged,54.6,-0.0068,-0.0018,-0.0056,0.0005,-0.0062,-0.0055,22.81,-146.68,-45.94,530.64,2339.95,168.64,-6.09,2.65,3.67,3.0,1.33,2.44,4.96,2.56,2.62,4.87,2.83,1.98,2.17,5.0,2.36,0.0,5.0,5.0,0.0,3.9,2.67,0.12
2025-11-24T17:15:04.470456,149,student_4_lec_2a96290c_a01f0012,lec_2a96290c,cv101,1,0.95,engaged,57.9,-0.0054,-0.0054,-0.0057,-0.0002,-0.0063,-0.0055,-157.06,-133.85,-36.11,542.55,2325.1,172.12,-6.94,2.94,3.03,2.39,1.97,3.16,5.0,1.84,2.7,4.86,2.77,1.94,2.23,5.0,2.31,0.0,5.0,5.0,0.0,3.88,2.46,0
2025-11-24T17:15:05.552445,150,student_4_lec_2a96290c_a01f0012,lec_2a96290c,cv101,1,0.95,engaged,58.96,-0.0033,-0.0043,-0.0055,0.0032,-0.0024,-0.0053,-0.2,-148.93,-38.39,554.45,2379.68,169.17,-10.2,3.07,2.92,2.28,2.08,3.37,5.0,1.63,2.62,4.94,2.84,1.99,2.16,5.0,2.36,0.0,5.0,5.0,0.0,3.92,2.43,0
2025-11-24T17:15:06.633379,151,student_4_lec_2a96290c_a01f0012,lec_2a96290c,cv101,1,0.95,engaged,57.54,-0.0012,-0.0027,-0.0055,0.0034,-0.0032,-0.0053,-10.27,-151.47,-32.09,544.39,2382.9,168.55,-11.44,3.67,3.04,2.46,1.96,3.13,4.87,1.87,2.68,4.78,2.85,1.99,2.15,5.0,2.37,0.0,5.0,5.0,0.0,3.86,2.49,0
2025-11-24T17:15:07.723167,152,student_4_lec_2a96290c_a01f0012,lec_2a96290c,cv101,1,0.95,engaged,60.34,-0.0004,-0.0037,-0.0056,0.0056,-0.0028,-0.0054,-20.81,-149.72,-0.01,522.16,2320.11,169.73,-18.21,5.49,2.51,1.86,2.49,3.66,5.0,1.34,2.78,4.87,2.83,1.98,2.17,5.0,2.36,0.0,5.0,5.0,0.0,3.92,2.29,0
2025-11-24T17:15:08.822223,153,student_4_lec_2a96290c_a01f0012,lec_2a96290c,cv101,1,0.95,engaged,60.69,-0.0011,-0.0025,-0.0057,0.005,-0.0032,-0.0055,-15.64,-153.07,16.91,538.13,2326.81,170.77,-14.42,5.7,2.69,1.99,2.31,3.75,5.0,1.25,2.77,4.95,2.83,1.98,2.17,5.0,2.36,0.0,5.0,5.0,0.0,3.92,2.33,0
2025-11-24T17:15:09.908003,154,student_4_lec_2a96290c_a01f0012,lec_2a96290c,cv101,1,0.95,engaged,60.22,-0.0067,-0.0039,-0.0056,0.0009,-0.0015,-0.0054,20.41,-154.75,33.14,524.37,2309.5,169.34,-18.6,6.45,2.64,1.99,2.36,3.65,5.0,1.35,2.77,4.88,2.81,1.97,2.19,5.0,2.35,0.0,5.0,5.0,0.0,3.91,2.33,0
2025-11-24T17:15:10.993250,155,student_4_lec_2a96290c_a01f0012,lec_2a96290c,cv101,1,0.95,engaged,61.14,-0.0011,-0.0025,-0.0057,0.0023,-0.0119,-0.0054,-5.97,-135.25,47.75,518.54,2308.16,170.03,-15.94,6.62,2.87,2.16,2.13,3.89,5.0,1.11,2.72,4.83,2.78,1.95,2.22,5.0,2.32,0.0,5.0,5.0,0.0,3.89,2.39,0
2025-11-24T17:15:12.073833,156,student_4_lec_2a96290c_a01f0012,lec_2a96290c,cv101,1,0.95,engaged,61.65,-0.0016,-0.0033,-0.0056,0.0036,-0.0072,-0.0053,-9.14,-137.81,55.3,515.22,2290.96,170.26,-17.36,6.53,2.82,2.12,2.18,3.99,5.0,1.01,2.77,5.0,2.81,1.97,2.19,5.0,2.34,0.0,5.0,5.0,0.0,3.91,2.37,0
2025-11-24T17:15:13.078734,157,student_4_lec_2a96290c_a01f0012,lec_2a96290c,cv101,1,0.95,engaged,62.07,-0.0033,-0.0033,-0.0056,0.004,-0.0029,-0.0054,-3.16,-150.5,54.04,549.8,2316.72,171.98,-14.91,5.88,2.95,2.22,2.05,4.07,5.0,0.93,2.82,4.88,2.88,2.01,2.12,5.0,2.4,0.0,5.0,5.0,0.0,3.94,2.41,0
2025-11-24T17:15:14.162343,158,student_4_lec_2a96290c_a01f0012,lec_2a96290c,cv101,1,0.95,engaged,61.57,-0.003,-0.0031,-0.0055,0.0029,-0.0033,-0.0052,-0.08,-149.16,63.23,520.68,2278.37,170.77,-16.81,6.94,2.78,2.06,2.22,3.98,5.0,1.02,2.8,4.96,2.78,1.95,2.22,5.0,2.32,0.0,5.0,5.0,0.0,3.89,2.35,0
2025-11-24T17:15:15.246130,159,student_4_lec_2a96290c_a01f0012,lec_2a96290c,cv101,1,0.95,engaged,61.94,-0.0026,-0.0025,-0.0055,0.0017,-0.0078,-0.0052,3.5,-139.82,62.74,514.71,2275.08,170.11,-17.22,7.15,2.87,2.13,2.13,4.06,5.0,0.94,2.77,5.0,2.81,1.97,2.19,5.0,2.35,0.0,5.0,5.0,0.0,3.91,2.38,0
2025-11-24T17:15:16.331966,160,student_4_lec_2a96290c_a01f0012,lec_2a96290c,cv101,1,0.95,engaged,61.25,-0.001,-0.0039,-0.0056,0.0032,-0.0042,-0.0053,-10.79,-143.49,60.35,515.74,2277.75,169.79,-16.51,6.87,2.74,2.03,2.26,3.88,5.0,1.12,2.77,5.0,2.84,1.99,2.16,5.0,2.37,0.0,5.0,5.0,0.0,3.92,2.34,0
2025-11-24T17:15:17.418165,161,student_4_lec_2a96290c_a01f0012,lec_2a96290c,cv101,1,0.95,engaged,62.16,-0.0017,-0.0033,-0.0057,0.0029,-0.0051,-0.0054,-5.7,-143.42,64.25,546.96,2281.23,173.6,-15.43,6.18,2.86,2.13,2.14,4.1,5.0,0.9,2.86,4.88,2.84,1.99,2.16,5.0,2.37,0.0,5.0,5.0,0.0,3.92,2.38,0
2025-11-24T17:15:18.510825,162,student_4_lec_2a96290c_a01f0012,lec_2a96290c,cv101,1,0.95,engaged,61.8,-0.0029,-0.0022,-0.0055,0.0036,-0.0026,-0.0052,-3.26,-155.61,74.0,522.84,2278.07,169.73,-19.69,8.03,2.95,2.19,2.05,4.04,5.0,0.96,2.82,5.0,2.79,1.95,2.21,5.0,2.33,0.0,5.0,5.0,0.0,3.9,2.4,0
2025-11-24T17:15:19.600073,163,student_4_lec_2a96290c_a01f0012,lec_2a96290c,cv101,1,0.95,engaged,61.51,-0.0024,-0.0034,-0.0057,0.004,-0.0044,-0.0054,-6.82,-144.84,64.53,528.3,2277.56,172.27,-15.06,6.57,2.97,2.24,2.03,3.92,5.0,1.08,2.86,4.92,2.93,2.05,2.07,5.0,2.44,0.0,5.0,5.0,0.0,3.96,2.41,0
2025-11-24T17:15:20.665516,164,student_4_lec_2a96290c_a01f0012,lec_2a96290c,cv101,1,0.95,engaged,61.96,-0.0038,-0.0029,-0.0056,0.003,-0.0049,-0.0053,2.24,-145.25,69.56,544.02,2271.81,173.64,-17.33,6.04,3.17,2.29,1.83,4.04,5.0,0.96,2.95,4.97,2.9,2.03,2.1,5.0,2.42,0.0,5.0,5.0,0.0,3.95,2.43,0
2025-11-24T17:15:21.752804,165,student_4_lec_2a96290c_a01f0012,lec_2a96290c,cv101,1,0.95,engaged,60.56,-0.0102,-0.0044,-0.0056,0.0011,-0.0136,-0.0053,24.96,-126.7,68.07,578.07,2314.99,173.88,-17.25,6.67,3.26,2.32,1.74,3.8,5.0,1.2,2.91,4.8,2.7,1.89,2.3,5.0,2.25,0.0,5.0,5.0,0.0,3.85,2.44,0
2025-11-24T17:15:22.841828,166,student_4_lec_2a96290c_a01f0012,lec_2a96290c,cv101,1,0.95,engaged,62.36,-0.0012,-0.004,-0.0055,0.0011,-0.0051,-0.0052,0.04,-139.74,74.88,545.9,2271.87,174.03,-16.82,6.27,3.01,2.19,1.99,4.15,5.0,0.85,2.92,4.93,2.84,1.99,2.16,5.0,2.37,0.0,5.0,5.0,0.0,3.92,2.4,0
2025-11-24T17:15:23.929135,167,student_4_lec_2a96290c_a01f0012,lec_2a96290c,cv101,1,0.95,engaged,62.37,-0.0022,-0.0039,-0.0056,0.0023,-0.0094,-0.0052,-1.23,-132.28,84.73,546.94,2283.39,172.8,-19.33,7.27,2.94,2.14,2.06,4.14,5.0,0.86,2.94,4.8,2.86,2.0,2.14,5.0,2.38,0.0,5.0,5.0,0.0,3.93,2.38,0
2025-11-24T17:15:25.017665,168,student_4_lec_2a96290c_a01f0012,lec_2a96290c,cv101,1,0.95,engaged,60.75,-0.0024,-0.0045,-0.0055,0.0014,-0.0049,-0.0052,4.17,-138.58,96.14,581.57,2311.58,175.14,-19.14,6.41,3.16,2.28,1.84,3.82,5.0,1.18,2.95,4.93,2.75,1.92,2.25,5.0,2.29,0.0,5.0,5.0,0.0,3.88,2.43,0
2025-11-24T17:15:26.126334,169,student_4_lec_2a96290c_a01f0012,lec_2a96290c,cv101,1,0.95,engaged,62.07,-0.0023,-0.0035,-0.0056,0.0011,-0.0077,-0.0052,5.21,-136.35,89.12,563.17,2301.91,172.76,-18.24,7.31,3.39,2.48,1.61,4.15,4.94,0.85,2.93,4.96,2.82,1.97,2.18,5.0,2.35,0.05,4.95,5.0,0.0,3.88,2.49,0
2025-11-24T17:15:27.228176,170,student_4_lec_2a96290c_a01f0012,lec_2a96290c,cv101,1,0.95,engaged,62.09,-0.0071,-0.0046,-0.0056,-0.0017,-0.0047,-0.0053,-145.34,-139.64,40.18,549.61,2283.22,173.83,-12.47,4.27,2.85,2.02,2.15,4.06,5.0,0.94,2.89,5.0,2.87,2.01,2.13,5.0,2.39,0.0,5.0,5.0,0.0,3.94,2.34,0
2025-11-24T17:15:28.290174,171,student_4_lec_2a96290c_a01f0012,lec_2a96290c,cv101,1,0.95,engaged,62.58,-0.0057,-0.0038,-0.0054,0.0021,-0.0052,-0.0052,12.2,-139.82,27.1,568.53,2301.36,175.89,-12.73,3.47,2.76,1.86,2.24,4.16,5.0,0.84,3.04,4.83,2.88,2.01,2.12,5.0,2.4,0.0,5.0,5.0,0.0,3.94,2.29,0
2025-11-24T17:15:29.297270,172,student_4_lec_2a96290c_a01f0012,lec_2a96290c,cv101,1,0.95,engaged,63.49,-0.0061,-0.0035,-0.0054,0.0019,-0.0031,-0.0052,14.38,-147.82,20.78,576.46,2315.95,174.99,-12.22,3.23,2.71,1.82,2.29,4.38,5.0,0.62,2.99,4.84,2.85,1.99,2.15,5.0,2.37,0.0,5.0,5.0,0.0,3.92,2.27,0
2025-11-24T17:15:30.453832,173,student_4_lec_2a96290c_a01f0012,lec_2a96290c,cv101,1,0.95,engaged,63.11,-0.006,-0.0038,-0.0055,0.0024,-0.0038,-0.0053,11.56,-144.65,25.97,550.29,2296.93,173.24,-15.22,4.07,2.55,1.73,2.45,4.29,5.0,0.71,2.94,4.98,2.83,1.98,2.17,5.0,2.36,0.0,5.0,5.0,0.0,3.92,2.24,0
2025-11-24T17:15:31.463540,174,student_4_lec_2a96290c_a01f0012,lec_2a96290c,cv101,1,0.95,engaged,62.13,-0.0035,-0.003,-0.0055,-0.0005,-0.0045,-0.0053,-160.79,-145.26,29.77,569.26,2319.74,175.62,-14.27,3.58,2.86,2.02,2.14,4.07,5.0,0.93,3.01,4.81,2.87,2.01,2.13,5.0,2.39,0.0,5.0,5.0,0.0,3.94,2.34,0
2025-11-24T17:15:32.540575,175,student_4_lec_2a96290c_a01f0012,lec_2a96290c,cv101,1,0.95,engaged,64.69,-0.0025,-0.0037,-0.0055,0.0037,-0.0061,-0.0052,-5.25,-138.41,-80.99,-626.24,-2487.33,-165.6,-27.57,176.89,2.91,1.99,2.09,4.72,5.0,0.28,2.95,4.99,2.73,1.91,2.27,5.0,2.27,0.0,5.0,5.0,0.0,3.87,2.33,0
2025-11-24T17:15:33.626227,176,student_4_lec_2a96290c_a01f0012,lec_2a96290c,cv101,1,0.95,engaged,64.7,-0.001,-0.0036,-0.0055,0.0005,-0.0086,-0.0052,2.18,-133.98,75.94,566.32,2284.33,175.65,-15.26,6.06,2.99,2.08,2.01,4.7,5.0,0.3,2.98,4.9,2.8,1.96,2.2,5.0,2.33,0.01,4.99,5.0,0.0,3.9,2.36,0
2025-11-24T17:15:34.713389,177,student_4_lec_2a96290c_a01f0012,lec_2a96290c,cv101,1,0.95,engaged,63.18,-0.0051,-0.0033,-0.0056,0.0004,-0.0055,-0.0053,18.9,-141.62,-84.49,-594.38,-2467.51,-164.37,-25.19,176.71,2.81,1.95,2.19,4.3,5.0,0.7,3.01,4.86,2.89,2.02,2.11,5.0,2.41,0.0,5.0,5.0,0.0,3.95,2.32,0
2025-11-24T17:15:35.803358,178,student_4_lec_2a96290c_a01f0012,lec_2a96290c,cv101,1,0.95,engaged,63.47,-0.0027,-0.0025,-0.0055,0.0008,-0.0044,-0.0052,8.84,-147.66,-96.11,-624.28,-2493.67,-163.78,-26.7,176.82,3.14,2.26,1.86,4.45,5.0,0.55,2.98,5.0,2.75,1.92,2.25,5.0,2.29,0.0,5.0,5.0,0.0,3.88,2.42,0
2025-11-24T17:15:36.929221,179,student_4_lec_2a96290c_a01f0012,lec_2a96290c,cv101,1,0.95,engaged,62.08,-0.0026,-0.0036,-0.0055,0.0009,-0.0051,-0.0052,7.67,-141.18,86.12,585.87,2342.99,174.04,-17.07,6.92,3.41,2.55,1.59,4.13,4.98,0.87,2.95,4.83,2.83,1.98,2.17,5.0,2.36,0.0,5.0,5.0,0.0,3.91,2.52,0
2025-11-24T17:15:37.998783,180,student_4_lec_2a96290c_a01f0012,lec_2a96290c,cv101,1,0.95,engaged,61.86,-0.0026,-0.0031,-0.0055,0.0009,-0.0044,-0.0052,7.56,-144.87,-87.87,-609.83,-2517.84,-165.5,-23.95,177.89,3.22,2.37,1.78,4.04,5.0,0.96,2.92,4.96,2.86,2.0,2.14,5.0,2.38,0.02,4.98,5.0,0.0,3.93,2.46,0
2025-11-24T17:15:39.073333,181,student_4_lec_2a96290c_a01f0012,lec_2a96290c,cv101,1,0.95,engaged,62.48,-0.0051,-0.0041,-0.0055,0.0038,-0.006,-0.0052,3.24,-137.18,51.84,562.22,2298.45,174.82,-15.58,4.78,2.75,1.88,2.25,4.12,5.0,0.88,2.94,4.98,2.92,2.04,2.08,5.0,2.43,0.0,5.0,5.0,0.0,3.96,2.29,0
2025-11-24T17:15:40.156361,182,student_4_lec_2a96290c_a01f0012,lec_2a96290c,cv101,1,0.95,engaged,62.37,-0.0039,-0.0015,-0.0056,0.0005,-0.0056,-0.0052,15.12,-148.95,78.24,581.93,2342.83,173.8,-19.21,6.5,3.04,2.25,1.96,4.17,5.0,0.83,2.91,4.8,2.81,1.96,2.19,5.0,2.34,0.0,5.0,5.0,0.0,3.91,2.42,0
2025-11-24T17:15:41.245790,183,student_4_lec_2a96290c_a01f0012,lec_2a96290c,cv101,1,0.95,engaged,62.79,-0.0066,-0.0033,-0.0055,0.0021,-0.0063,-0.0052,14.36,-139.62,61.89,560.38,2316.7,172.79,-16.45,5.97,2.81,1.94,2.19,4.24,5.0,0.76,2.93,5.0,2.81,1.96,2.19,5.0,2.34,0.0,5.0,5.0,0.0,3.91,2.31,0
2025-11-24T17:15:42.333406,184,student_4_lec_2a96290c_a01f0012,lec_2a96290c,cv101,1,0.95,engaged,62.36,-0.0035,-0.0032,-0.0056,-0.0005,-0.0072,-0.0053,-161.24,-137.89,72.83,555.5,2295.23,174.33,-17.39,6.06,2.88,2.02,2.12,4.12,5.0,0.88,2.97,4.9,2.88,2.01,2.12,5.0,2.4,0.0,5.0,5.0,0.0,3.94,2.34,0
2025-11-24T17:15:43.429525,185,student_4_lec_2a96290c_a01f0012,lec_2a96290c,cv101,1,0.95,engaged,62.22,-0.0048,-0.0033,-0.0055,0.001,-0.005,-0.0053,15.33,-142.72,-78.15,-606.94,-2510.32,-163.97,-24.17,176.97,2.96,2.1,2.04,4.12,5.0,0.88,2.93,4.84,2.82,1.97,2.18,5.0,2.35,0.0,5.0,5.0,0.0,3.91,2.37,0
2025-11-24T17:15:44.508472,186,student_4_lec_2a96290c_a01f0012,lec_2a96290c,cv101,1,0.95,engaged,61.8,-0.0062,-0.004,-0.0055,0.0012,-0.0083,-0.0052,17.95,-132.9,68.24,555.92,2297.57,174.12,-14.35,5.49,2.9,2.06,2.1,4.01,5.0,0.99,2.93,4.88,2.84,1.99,2.16,5.0,2.36,0.0,5.0,5.0,0.0,3.92,2.35,0
2025-11-24T17:15:45.512051,187,student_4_lec_2a96290c_a01f0012,lec_2a96290c,cv101,1,0.95,engaged,62.36,-0.0018,-0.0036,-0.0055,0.0017,-0.0063,-0.0052,0.01,-138.41,71.43,549.55,2288.59,173.58,-14.77,6.18,2.92,2.07,2.08,4.12,5.0,0.88,2.91,4.99,2.89,2.02,2.11,5.0,2.41,0.0,5.0,5.0,0.0,3.95,2.36,0
2025-11-24T17:15:46.586411,188,student_4_lec_2a96290c_a01f0012,lec_2a96290c,cv101,1,0.95,engaged,61.9,-0.0036,-0.004,-0.0056,0.0033,-0.0097,-0.0053,0.56,-131.57,79.65,575.38,2302.91,177.1,-15.72,5.36,2.97,2.13,2.03,4.07,5.0,0.93,2.99,4.84,2.77,1.94,2.23,5.0,2.31,0.0,5.0,5.0,0.0,3.88,2.38,0
2025-11-24T17:15:47.592558,189,student_4_lec_2a96290c_a01f0012,lec_2a96290c,cv101,1,0.95,engaged,62.88,-0.0025,-0.0036,-0.0056,0.0015,-0.0097,-0.0053,4.0,-132.94,87.24,550.19,2285.53,173.53,-17.53,6.67,2.92,2.07,2.08,4.28,5.0,0.72,2.96,4.92,2.8,1.96,2.2,5.0,2.34,0.0,5.0,5.0,0.0,3.9,2.36,0
2025-11-24T17:15:48.671715,190,student_4_lec_2a96290c_a01f0012,lec_2a96290c,cv101,1,0.95,engaged,63.31,-0.0018,-0.0042,-0.0055,0.0031,-0.008,-0.0052,-6.38,-132.87,84.88,544.63,2272.08,174.09,-16.32,6.31,2.92,2.08,2.08,4.37,5.0,0.63,2.98,4.8,2.82,1.97,2.18,5.0,2.35,0.0,5.0,5.0,0.0,3.91,2.36,0
2025-11-24T17:15:49.741340,191,student_4_lec_2a96290c_a01f0012,lec_2a96290c,cv101,1,0.95,engaged,63.13,-0.0019,-0.0028,-0.0056,0.0015,-0.0074,-0.0053,1.39,-139.59,-86.35,-577.13,-2457.86,-163.96,-24.65,177.52,2.97,2.13,2.03,4.3,5.0,0.7,2.94,5.0,2.9,2.03,2.1,5.0,2.42,0.0,5.0,5.0,0.0,3.95,2.38,0
2025-11-24T17:15:50.742648,192,student_4_lec_2a96290c_a01f0012,lec_2a96290c,cv101,1,0.95,engaged,62.33,-0.0035,-0.0036,-0.0056,0.0036,-0.0072,-0.0052,-0.96,-136.45,-89.32,-595.08,-2481.07,-163.15,-25.65,177.09,2.98,2.15,2.02,4.14,5.0,0.86,2.98,4.69,2.84,1.99,2.16,5.0,2.37,0.06,4.94,5.0,0.0,3.92,2.38,0
2025-11-24T17:15:51.823647,193,student_4_lec_2a96290c_a01f0012,lec_2a96290c,cv101,1,0.95,engaged,62.26,-0.0021,-0.0039,-0.0056,0.0037,-0.0061,-0.0053,-6.87,-138.27,78.19,542.5,2283.51,173.95,-16.61,6.23,2.96,2.13,2.04,4.12,5.0,0.88,2.93,4.91,2.85,1.99,2.15,5.0,2.37,0.0,5.0,5.0,0.0,3.92,2.38,0
2025-11-24T17:15:52.838480,194,student_4_lec_2a96290c_a01f0012,lec_2a96290c,cv101,1,0.95,engaged,62.98,-0.0064,-0.0038,-0.0056,0.0009,-0.0071,-0.0053,19.46,-136.57,60.55,535.37,2265.29,174.15,-14.66,5.43,2.74,1.85,2.26,4.25,5.0,0.75,2.94,4.93,2.88,2.02,2.12,5.0,2.4,0.0,5.0,5.0,0.0,3.94,2.28,0
2025-11-24T17:15:53.910798,195,student_4_lec_2a96290c_a01f0012,lec_2a96290c,cv101,1,0.95,engaged,62.52,-0.0061,-0.0043,-0.0055,0.0023,-0.0039,-0.0053,12.09,-142.94,53.37,562.04,2301.58,175.33,-13.9,3.93,2.79,1.88,2.21,4.16,5.0,0.84,2.97,4.88,2.85,2.0,2.15,5.0,2.38,0.0,5.0,5.0,0.0,3.92,2.29,0
2025-11-24T17:15:54.991838,196,student_4_lec_2a96290c_a01f0012,lec_2a96290c,cv101,1,0.95,engaged,63.03,-0.0073,-0.0031,-0.0055,0.0032,-0.0067,-0.0052,10.58,-139.39,44.92,544.16,2277.4,173.54,-14.56,4.72,2.69,1.82,2.31,4.26,5.0,0.74,2.92,5.0,2.88,2.02,2.12,5.0,2.4,0.0,5.0,5.0,0.0,3.94,2.27,0
2025-11-24T17:15:56.074695,197,student_4_lec_2a96290c_a01f0012,lec_2a96290c,cv101,1,0.95,engaged,63.35,-0.0038,-0.0036,-0.0056,0.0018,-0.0052,-0.0053,7.63,-141.48,41.23,543.91,2275.21,174.6,-13.43,4.08,2.77,1.89,2.23,4.34,5.0,0.66,2.96,4.93,2.88,2.02,2.12,5.0,2.4,0.0,5.0,5.0,0.0,3.94,2.3,0
2025-11-24T17:15:57.073489,198,student_4_lec_2a96290c_a01f0012,lec_2a96290c,cv101,1,0.95,engaged,63.31,-0.0059,-0.0034,-0.0056,0.001,-0.0028,-0.0054,17.81,-150.32,-47.33,-588.02,-2484.24,-163.91,-20.46,176.2,2.8,1.93,2.2,4.3,5.0,0.7,3.0,4.97,2.96,2.07,2.04,5.0,2.47,0.0,5.0,5.0,0.0,3.98,2.31,0
2025-11-24T17:15:58.156057,199,student_4_lec_2a96290c_a01f0012,lec_2a96290c,cv101,1,0.95,engaged,62.42,-0.0069,-0.0026,-0.0055,0.0014,-0.0024,-0.0052,18.43,-154.62,53.59,550.97,2299.26,172.07,-17.98,5.1,2.71,1.92,2.29,4.11,5.0,0.89,2.93,4.94,2.92,2.05,2.08,5.0,2.44,0.0,5.0,5.0,0.0,3.96,2.31,0
2025-11-24T17:15:59.250373,200,student_4_lec_2a96290c_a01f0012,lec_2a96290c,cv101,1,0.95,engaged,60.76,-0.0073,-0.0031,-0.0055,-0.0008,-0.0039,-0.0053,-149.31,-147.05,45.14,545.9,2299.41,173.66,-15.01,4.19,2.99,2.18,2.01,3.76,5.0,1.24,2.96,4.86,2.88,2.01,2.12,5.0,2.4,0.0,5.0,5.0,0.0,3.94,2.39,0
2025-11-24T17:16:00.332567,201,student_4_lec_2a96290c_a01f0012,lec_2a96290c,cv101,1,0.95,engaged,61.95,-0.0061,-0.0027,-0.0055,0.0006,-0.0021,-0.0052,20.66,-155.46,46.85,544.38,2290.55,173.8,-16.13,4.82,2.86,2.05,2.14,4.03,5.0,0.97,2.96,4.89,2.87,2.01,2.13,5.0,2.39,0.0,5.0,5.0,0.0,3.94,2.35,0
2025-11-24T17:16:01.415881,202,student_4_lec_2a96290c_a01f0012,lec_2a96290c,cv101,1,0.95,engaged,63.27,-0.0033,-0.0023,-0.0056,0.0017,-0.0043,-0.0053,6.63,-149.28,-65.57,-596.51,-2501.76,-164.34,-24.24,176.56,2.81,2.0,2.19,4.32,5.0,0.68,3.01,4.7,2.9,2.03,2.1,5.0,2.41,0.0,5.0,5.0,0.0,3.95,2.33,0
2025-11-24T17:16:02.512426,203,student_4_lec_2a96290c_a01f0012,lec_2a96290c,cv101,1,0.95,engaged,62.41,-0.0022,-0.0034,-0.0056,0.0008,-0.0081,-0.0053,6.64,-136.02,59.81,550.57,2298.49,174.23,-15.54,4.74,2.87,2.07,2.13,4.14,5.0,0.86,2.98,4.82,2.87,2.01,2.13,5.0,2.39,0.0,5.0,5.0,0.0,3.94,2.36,0
2025-11-24T17:16:03.593963,204,student_4_lec_2a96290c_a01f0012,lec_2a96290c,cv101,1,0.95,engaged,61.71,-0.0028,-0.0036,-0.0055,0.0023,-0.009,-0.0052,1.7,-133.48,64.12,541.6,2282.62,174.85,-16.15,4.7,2.9,2.1,2.1,3.99,5.0,1.01,2.99,4.79,2.85,2.0,2.15,5.0,2.38,0.02,4.98,5.0,0.0,3.92,2.37,0
2025-11-24T17:16:04.682377,205,student_4_lec_2a96290c_a01f0012,lec_2a96290c,cv101,1,0.95,engaged,61.57,-0.0036,-0.0035,-0.0055,0.0019,-0.0058,-0.0053,6.47,-140.2,-71.43,-602.78,-2505.07,-162.76,-24.12,175.77,2.88,2.05,2.12,3.99,5.0,1.01,2.98,4.96,2.76,1.93,2.24,5.0,2.3,0.0,5.0,5.0,0.0,3.88,2.35,0
2025-11-24T17:16:05.776371,206,student_4_lec_2a96290c_a01f0012,lec_2a96290c,cv101,1,0.95,engaged,63.2,-0.0029,-0.0034,-0.0055,0.0009,-0.008,-0.0052,8.65,-135.3,67.61,551.28,2285.65,174.62,-15.73,5.3,2.87,2.07,2.13,4.32,5.0,0.68,3.0,4.79,2.88,2.02,2.12,5.0,2.4,0.0,5.0,5.0,0.0,3.94,2.36,0
2025-11-24T17:16:06.871769,207,student_4_lec_2a96290c_a01f0012,lec_2a96290c,cv101,1,0.95,engaged,62.89,-0.0026,-0.0031,-0.0056,0.0028,-0.0041,-0.0053,-1.31,-146.26,59.29,542.59,2275.47,174.87,-14.06,4.49,2.83,1.99,2.17,4.25,5.0,0.75,2.98,4.84,2.86,2.0,2.14,5.0,2.38,0.0,5.0,5.0,0.0,3.93,2.33,0
2025-11-24T17:16:07.973653,208,student_4_lec_2a96290c_a01f0012,lec_2a96290c,cv101,1,0.95,engaged,64.03,-0.0042,-0.0039,-0.0055,0.0031,-0.0047,-0.0052,3.45,-141.69,-63.07,-588.84,-2474.83,-162.19,-21.36,176.28,2.82,1.92,2.18,4.45,5.0,0.55,3.06,4.65,3.0,2.1,2.0,5.0,2.5,0.0,5.0,5.0,0.0,4.0,2.31,0
2025-11-24T17:16:09.039033,209,student_4_lec_2a96290c_a01f0012,lec_2a96290c,cv101,1,0.95,engaged,63.14,-0.0035,-0.0028,-0.0056,0.0003,-0.0056,-0.0053,14.25,-143.07,-74.41,-592.87,-2489.67,-165.51,-24.68,177.14,2.91,2.01,2.09,4.31,5.0,0.69,2.95,4.84,2.86,2.0,2.14,5.0,2.38,0.0,5.0,5.0,0.0,3.93,2.34,0
2025-11-24T17:16:10.120743,210,student_4_lec_2a96290c_a01f0012,lec_2a96290c,cv101,1,0.95,engaged,62.22,-0.0033,-0.0034,-0.0056,0.0004,-0.0063,-0.0053,13.12,-139.06,65.72,548.96,2289.82,174.96,-15.52,5.35,2.96,2.14,2.04,4.1,5.0,0.9,2.99,4.76,2.87,2.01,2.13,5.0,2.39,0.0,5.0,5.0,0.0,3.94,2.38,0
2025-11-24T17:16:11.208446,211,student_4_lec_2a96290c_a01f0012,lec_2a96290c,cv101,1,0.95,engaged,62.39,-0.0033,-0.0037,-0.0055,0.0013,-0.0042,-0.0052,8.39,-143.55,78.64,548.44,2270.18,175.2,-19.71,5.89,2.89,2.07,2.11,4.14,5.0,0.86,3.04,4.81,2.86,2.01,2.14,5.0,2.39,0.0,5.0,5.0,0.0,3.93,2.36,0
2025-11-24T17:16:12.298391,212,student_4_lec_2a96290c_a01f0012,lec_2a96290c,cv101,1,0.95,engaged,62.18,-0.0031,-0.002,-0.0055,0.0017,-0.0029,-0.0052,5.49,-155.57,82.05,581.86,2323.03,174.64,-17.25,5.86,3.26,2.39,1.74,4.14,5.0,0.86,2.94,4.98,2.8,1.96,2.2,5.0,2.33,0.0,5.0,5.0,0.0,3.9,2.46,0
2025-11-24T17:16:13.386602,213,student_4_lec_2a96290c_a01f0012,lec_2a96290c,cv101,1,0.95,engaged,61.22,-0.0021,-0.003,-0.0055,0.0015,-0.0028,-0.0052,2.29,-151.92,69.92,567.58,2322.49,173.74,-16.35,5.93,3.35,2.54,1.65,3.91,4.99,1.09,2.91,4.92,2.86,2.0,2.14,5.0,2.38,0.0,5.0,5.0,0.0,3.92,2.51,0
2025-11-24T17:16:14.489021,214,student_4_lec_2a96290c_a01f0012,lec_2a96290c,cv101,1,0.95,engaged,59.67,-0.0023,-0.003,-0.0057,0.0014,-0.0032,-0.0054,3.67,-150.68,66.41,563.11,2323.37,174.35,-13.87,4.89,3.56,2.75,1.44,3.56,5.0,1.44,2.94,4.81,2.86,2.0,2.14,5.0,2.39,0.0,5.0,5.0,0.0,3.93,2.58,0
2025-11-24T17:16:15.579515,215,student_4_lec_2a96290c_a01f0012,lec_2a96290c,cv101,1,0.95,engaged,62.43,-0.0063,-0.0033,-0.0056,0.0002,-0.0052,-0.0053,23.41,-142.32,47.77,531.58,2261.2,173.43,-15.27,4.11,2.72,1.91,2.28,4.12,5.0,0.88,2.89,4.92,2.9,2.03,2.1,5.0,2.42,0.0,5.0,5.0,0.0,3.95,2.3,0
2025-11-24T17:16:16.655425,216,student_4_lec_2a96290c_a01f0012,lec_2a96290c,cv101,1,0.95,engaged,63.82,-0.0059,-0.0024,-0.0056,-0.0016,-0.0052,-0.0053,-148.25,-146.22,44.79,550.83,2287.53,174.59,-14.66,4.01,2.62,1.77,2.38,4.46,5.0,0.54,2.97,4.72,2.83,1.98,2.17,5.0,2.36,0.0,5.0,5.0,0.0,3.92,2.26,0
2025-11-24T17:16:17.734471,217,student_4_lec_2a96290c_a01f0012,lec_2a96290c,cv101,1,0.95,engaged,62.1,-0.0025,-0.0023,-0.0055,0.0001,-0.0041,-0.0053,11.39,-149.47,47.92,546.39,2299.23,175.7,-14.83,3.2,3.06,2.24,1.94,4.06,5.0,0.94,2.99,4.7,2.92,2.05,2.08,5.0,2.44,0.0,5.0,5.0,0.0,3.96,2.41,0
2025-11-24T17:16:18.820736,218,student_4_lec_2a96290c_a01f0012,lec_2a96290c,cv101,1,0.95,engaged,62.42,-0.0025,-0.0015,-0.0056,0.0018,-0.0033,-0.0053,3.03,-156.36,46.49,548.5,2302.9,174.67,-14.97,3.41,3.07,2.22,1.93,4.13,5.0,0.87,2.98,4.72,2.93,2.05,2.07,5.0,2.44,0.03,4.97,5.0,0.0,3.96,2.41,0
2025-11-24T17:16:19.906552,219,student_4_lec_2a96290c_a01f0012,lec_2a96290c,cv101,1,0.95,engaged,60.44,-0.0029,-0.0018,-0.0055,0.0028,-0.0018,-0.0052,-0.08,-160.99,46.99,578.34,2354.1,174.3,-14.91,4.03,3.26,2.46,1.74,3.76,5.0,1.24,2.93,4.73,2.76,1.93,2.24,5.0,2.3,0.0,5.0,5.0,0.0,3.88,2.49,0
2025-11-24T17:16:20.987815,220,student_4_lec_2a96290c_a01f0012,lec_2a96290c,cv101,1,0.95,engaged,62.81,-0.0066,-0.0042,-0.0055,0.0012,-0.0041,-0.0053,18.65,-142.71,29.17,530.98,2264.94,174.38,-16.18,2.93,2.54,1.75,2.46,4.18,5.0,0.82,2.99,4.81,2.94,2.06,2.06,5.0,2.45,0.0,5.0,5.0,0.0,3.97,2.25,0
2025-11-24T17:16:21.992631,221,student_4_lec_2a96290c_a01f0012,lec_2a96290c,cv101,1,0.95,engaged,59.45,-0.0072,-0.0023,-0.0053,0.0013,-0.003,-0.0053,20.07,-153.59,-161.88,522.26,2266.34,176.45,13.92,-3.93,2.74,1.97,2.26,3.42,5.0,1.58,2.93,4.61,2.93,2.05,2.07,5.0,2.44,0.0,5.0,5.0,0.0,3.96,2.32,0
2025-11-24T17:16:23.069497,222,student_4_lec_2a96290c_a01f0012,lec_2a96290c,cv101,1,0.95,engaged,59.55,-0.0019,-0.0027,-0.0057,0.0032,-0.003,-0.0056,-5.74,-153.5,-11.65,547.54,2340.26,174.58,-10.63,1.14,2.94,2.23,2.06,3.48,5.0,1.52,2.92,4.61,2.89,2.02,2.11,5.0,2.41,0.0,5.0,5.0,0.0,3.95,2.41,0
2025-11-24T17:16:24.101489,223,student_4_lec_2a96290c_a01f0012,lec_2a96290c,cv101,1,0.95,engaged,59.7,-0.004,-0.0016,-0.0056,0.0021,-0.0027,-0.0054,7.53,-158.71,-3.43,551.74,2352.96,174.23,-11.63,1.01,3.05,2.34,1.95,3.52,5.0,1.48,2.91,4.57,2.9,2.03,2.1,5.0,2.42,0.0,5.0,5.0,0.0,3.95,2.45,0
2025-11-24T17:16:25.152130,224,student_4_lec_2a96290c_a01f0012,lec_2a96290c,cv101,1,0.95,engaged,60.42,-0.0028,-0.0023,-0.0055,0.0033,-0.0025,-0.0053,-2.47,-156.27,-4.78,543.86,2340.77,174.43,-11.53,1.29,2.99,2.27,2.01,3.68,5.0,1.32,2.92,4.6,2.9,2.03,2.1,5.0,2.42,0.0,5.0,5.0,0.0,3.95,2.42,0
2025-11-24T17:16:26.153487,225,student_4_lec_2a96290c_a01f0012,lec_2a96290c,cv101,1,0.95,engaged,61.37,-0.0031,-0.0011,-0.0057,0.0012,-0.002,-0.0055,8.26,-164.87,20.14,540.83,2304.62,175.19,-15.04,2.18,2.84,2.12,2.16,3.88,5.0,1.12,2.96,4.68,2.92,2.04,2.08,5.0,2.43,0.0,5.0,5.0,0.0,3.96,2.37,0
2025-11-24T17:16:27.236302,226,student_4_lec_2a96290c_a01f0012,lec_2a96290c,cv101,1,0.95,engaged,61.77,-0.0068,-0.0034,-0.0057,0.0022,-0.0021,-0.0055,14.18,-154.3,32.2,556.99,2315.82,174.07,-18.07,3.35,2.53,1.76,2.47,3.93,5.0,1.07,2.97,4.75,2.96,2.07,2.04,5.0,2.46,0.0,5.0,5.0,0.0,3.98,2.25,0
2025-11-24T17:16:28.325060,227,student_4_lec_2a96290c_a01f0012,lec_2a96290c,cv101,1,0.95,engaged,63.6,-0.0049,-0.0041,-0.0055,0.0016,-0.0032,-0.0053,12.33,-146.02,14.74,528.22,2286.04,174.24,-13.61,2.52,2.48,1.73,2.52,4.37,5.0,0.63,3.0,4.61,2.91,2.04,2.09,5.0,2.43,0.0,5.0,5.0,0.0,3.96,2.24,0
2025-11-24T17:16:29.402805,228,student_4_lec_2a96290c_a01f0012,lec_2a96290c,cv101,1,0.95,engaged,63.14,-0.0047,-0.0036,-0.0055,0.0018,-0.0065,-0.0053,10.54,-138.22,12.96,524.94,2279.4,175.43,-12.73,2.05,2.55,1.78,2.45,4.25,5.0,0.75,2.97,4.64,2.96,2.07,2.04,5.0,2.47,0.0,5.0,5.0,0.0,3.98,2.26,0
2025-11-24T17:16:30.406323,229,student_4_lec_2a96290c_a01f0012,lec_2a96290c,cv101,1,0.95,engaged,63.23,-0.0016,-0.0031,-0.0056,0.0037,-0.0031,-0.0054,-9.52,-150.4,16.68,539.43,2301.65,176.27,-11.71,2.24,2.64,1.81,2.36,4.28,5.0,0.72,2.97,4.56,2.94,2.06,2.06,5.0,2.45,0.0,5.0,5.0,0.0,3.97,2.27,0
2025-11-24T17:16:31.489159,230,student_4_lec_2a96290c_a01f0012,lec_2a96290c,cv101,1,0.95,engaged,63.62,-0.0033,-0.0023,-0.0057,0.0009,-0.0042,-0.0054,10.38,-150.34,45.72,555.29,2318.14,175.69,-16.95,3.91,2.7,1.9,2.3,4.38,4.96,0.62,2.97,4.42,2.99,2.09,2.01,5.0,2.49,0.21,4.79,5.0,0.0,3.98,2.3,0
2025-11-24T17:16:32.569831,231,student_4_lec_2a96290c_a01f0012,lec_2a96290c,cv101,1,0.95,engaged,62.85,-0.0058,-0.0036,-0.0056,0.0025,-0.0035,-0.0054,10.32,-146.94,39.76,529.57,2291.19,175.52,-13.16,3.34,2.51,1.71,2.49,4.18,5.0,0.82,2.99,4.5,2.95,2.06,2.05,5.0,2.46,0.0,5.0,5.0,0.0,3.98,2.24,0
2025-11-24T17:16:33.663328,232,student_4_lec_2a96290c_a01f0012,lec_2a96290c,cv101,1,0.95,engaged,64.1,-0.0018,-0.0037,-0.0055,0.0004,-0.0045,-0.0053,6.72,-142.86,28.85,534.5,2311.3,176.26,-9.7,3.03,2.73,1.88,2.27,4.47,5.0,0.53,2.98,4.47,2.98,2.08,2.02,5.0,2.48,0.25,4.75,5.0,0.0,3.99,2.29,0
2025-11-24T17:16:34.737586,233,student_4_lec_2a96290c_a01f0012,lec_2a96290c,cv101,1,0.95,engaged,62.93,-0.0025,-0.0026,-0.0057,0.0018,-0.0066,-0.0054,2.69,-142.28,45.93,555.85,2307.12,177.1,-10.52,3.72,2.79,1.97,2.21,4.21,5.0,0.79,3.01,4.38,2.97,2.08,2.03,5.0,2.48,0.24,4.76,5.0,0.0,3.99,2.32,0
2025-11-24T17:16:35.818389,234,student_4_lec_2a96290c_a01f0012,lec_2a96290c,cv101,1,0.95,engaged,63.6,-0.0019,-0.0029,-0.0055,0.0024,-0.0055,-0.0052,-3.13,-142.73,57.13,532.27,2298.23,174.72,-15.21,4.62,2.74,1.93,2.26,4.41,5.0,0.59,2.91,4.65,2.86,2.0,2.14,5.0,2.39,0.02,4.98,5.0,0.0,3.93,2.31,0
2025-11-24T17:16:36.904678,235,student_4_lec_2a96290c_a01f0012,lec_2a96290c,cv101,1,0.95,engaged,63.82,-0.0014,-0.0026,-0.0055,0.0033,-0.0048,-0.0053,-8.87,-146.4,50.53,529.56,2291.94,175.02,-13.0,4.35,2.85,2.03,2.15,4.41,5.0,0.59,2.91,4.61,3.0,2.1,2.0,5.0,2.5,0.19,4.81,5.0,0.0,4.0,2.34,0
2025-11-24T17:16:38.005673,236,student_4_lec_2a96290c_a01f0012,lec_2a96290c,cv101,1,0.95,engaged,60.19,-0.0028,-0.0046,-0.0058,-0.0008,-0.0083,-0.0057,-162.7,-133.08,9.38,559.07,2309.81,178.4,-4.74,1.33,2.72,1.91,2.28,3.57,5.0,1.43,2.92,4.56,2.97,2.08,2.03,5.0,2.47,0.09,4.91,5.0,0.0,3.99,2.3,0
2025-11-24T17:16:39.092579,237,student_4_lec_2a96290c_a01f0012,lec_2a96290c,cv101,1,0.95,engaged,60.06,-0.0046,-0.0027,-0.0052,0.0028,-0.0039,-0.0053,7.07,-148.32,-173.53,535.9,2295.49,177.65,16.8,-3.9,2.39,1.68,2.61,3.57,5.0,1.43,2.92,4.56,2.86,2.0,2.14,5.0,2.39,0.04,4.96,5.0,0.0,3.93,2.23,0
2025-11-24T17:16:40.176310,238,student_4_lec_2a96290c_a01f0012,lec_2a96290c,cv101,1,0.95,engaged,60.08,-0.0049,-0.0028,-0.0053,0.0024,-0.0043,-0.0055,9.44,-147.03,-164.57,533.71,2313.54,178.79,13.88,-2.39,2.69,1.9,2.31,3.59,5.0,1.41,3.0,4.17,2.86,2.0,2.14,5.0,2.38,0.04,4.96,5.0,0.0,3.93,2.3,0
2025-11-24T17:16:41.287697,239,student_4_lec_2a96290c_a01f0012,lec_2a96290c,cv101,1,0.95,engaged,63.55,-0.0019,-0.0045,-0.0057,0.0034,-0.0032,-0.0055,-6.44,-145.8,4.15,511.69,2282.06,176.43,-12.82,1.72,2.46,1.61,2.54,4.33,5.0,0.67,2.96,4.57,2.96,2.07,2.04,5.0,2.47,0.13,4.87,5.0,0.0,3.98,2.2,0
2025-11-24T17:16:42.352473,240,student_4_lec_2a96290c_a01f0012,lec_2a96290c,cv101,1,0.95,engaged,63.77,-0.0025,-0.0035,-0.0055,0.0002,-0.0083,-0.0052,11.0,-134.97,70.84,521.34,2306.26,172.81,-16.97,5.79,2.6,1.81,2.4,4.45,5.0,0.55,2.87,4.72,2.83,1.98,2.17,5.0,2.36,0.13,4.87,5.0,0.0,3.92,2.27,0
2025-11-24T17:16:43.438505,241,student_4_lec_2a96290c_a01f0012,lec_2a96290c,cv101,1,0.95,engaged,64.53,-0.0029,-0.0029,-0.0054,0.0018,-0.0035,-0.0051,4.24,-148.46,59.03,494.7,2263.57,174.07,-17.43,3.98,2.55,1.76,2.45,4.62,5.0,0.38,2.91,4.51,2.84,1.99,2.16,5.0,2.37,0.12,4.88,5.0,0.0,3.92,2.25,0
2025-11-24T17:16:44.524887,242,student_4_lec_2a96290c_a01f0012,lec_2a96290c,cv101,1,0.95,engaged,63.17,-0.006,-0.0026,-0.0056,0.0013,-0.0041,-0.0056,16.95,-149.41,-32.43,504.6,2270.47,177.79,1.91,-1.74,2.59,1.87,2.41,4.23,5.0,0.77,2.97,4.52,3.04,2.13,1.96,5.0,2.53,0.22,4.78,5.0,0.0,4.02,2.29,0
2025-11-24T17:16:45.613218,243,student_4_lec_2a96290c_a01f0012,lec_2a96290c,cv101,1,0.95,engaged,60.86,-0.0053,-0.0039,-0.0053,0.002,-0.0039,-0.0053,11.93,-143.96,-72.83,534.33,2308.35,179.19,0.42,-2.29,2.47,1.8,2.53,3.75,5.0,1.25,3.09,4.24,2.89,2.03,2.11,5.0,2.41,0.0,5.0,5.0,0.0,3.95,2.27,0
2025-11-24T17:16:46.696265,244,student_4_lec_2a96290c_a01f0012,lec_2a96290c,cv101,1,0.95,engaged,61.34,-0.0011,-0.0021,-0.0055,0.004,-0.0031,-0.0054,-12.57,-154.66,-26.02,524.05,2322.84,177.47,-6.44,-0.9,2.54,1.85,2.46,3.85,5.0,1.15,2.96,4.27,2.93,2.05,2.07,5.0,2.45,0.02,4.98,5.0,0.0,3.96,2.28,0
2025-11-24T17:16:47.699817,245,student_4_lec_2a96290c_a01f0012,lec_2a96290c,cv101,1,0.95,engaged,61.1,-0.0071,-0.0032,-0.0055,0.0029,-0.0032,-0.0053,11.99,-149.33,-7.27,514.81,2311.96,176.63,-10.59,-0.34,2.58,1.9,2.42,3.81,5.0,1.19,2.97,4.39,2.9,2.03,2.1,5.0,2.42,0.12,4.88,5.0,0.0,3.95,2.3,0
2025-11-24T17:16:48.777811,246,student_4_lec_2a96290c_a01f0012,lec_2a96290c,cv101,1,0.95,engaged,61.53,-0.005,-0.0028,-0.0053,0.0054,-0.0037,-0.0053,-1.14,-148.43,-72.81,514.69,2323.43,177.38,4.21,-3.93,2.31,1.68,2.69,3.86,5.0,1.14,2.94,4.39,2.98,2.09,2.02,5.0,2.49,0.09,4.91,5.0,0.0,3.99,2.23,0
2025-11-24T17:16:49.876328,247,student_4_lec_2a96290c_a01f0012,lec_2a96290c,cv101,1,0.95,engaged,61.9,-0.0103,-0.0027,-0.0053,0.0011,-0.0031,-0.0052,25.27,-151.07,-53.21,510.91,2357.93,174.41,-7.78,-1.54,2.1,1.48,2.9,3.98,5.0,1.02,2.81,4.38,2.86,2.0,2.14,5.0,2.38,0.0,5.0,5.0,0.0,3.93,2.16,0
2025-11-24T17:16:50.952043,248,student_4_lec_2a96290c_a01f0012,lec_2a96290c,cv101,1,0.95,engaged,61.95,-0.0022,-0.0023,-0.0054,0.0022,-0.0043,-0.0053,-0.37,-149.28,-51.51,499.73,2341.14,176.12,-3.83,-2.17,2.33,1.66,2.67,4.0,4.97,1.0,2.87,4.39,2.92,2.05,2.08,5.0,2.44,0.13,4.87,5.0,0.0,3.94,2.22,0
2025-11-24T17:16:52.056733,249,student_4_lec_2a96290c_a01f0012,lec_2a96290c,cv101,1,0.95,engaged,61.92,-0.0062,-0.0032,-0.0053,0.0036,-0.0042,-0.0053,7.45,-145.18,-46.22,495.36,2343.33,174.79,-7.29,-1.73,2.35,1.67,2.65,3.97,5.0,1.03,2.84,4.48,2.93,2.05,2.07,5.0,2.44,0.06,4.94,5.0,0.0,3.96,2.22,0
2025-11-24T17:16:53.136903,250,student_4_lec_2a96290c_a01f0012,lec_2a96290c,cv101,1,0.95,engaged,59.71,-0.0061,-0.0027,-0.0053,0.0016,-0.0021,-0.0053,16.24,-155.76,-77.05,531.26,2330.89,176.98,3.12,-3.85,2.52,1.84,2.48,3.52,4.93,1.48,2.91,4.48,2.92,2.05,2.08,5.0,2.44,0.3,4.7,5.0,0.0,3.92,2.28,0
2025-11-24T17:16:54.303001,251,student_4_lec_2a96290c_a01f0012,lec_2a96290c,cv101,1,0.95,engaged,60.66,-0.0075,-0.0035,-0.0055,0.0016,-0.0038,-0.0054,18.88,-145.95,-70.21,560.15,2356.59,179.72,0.49,-2.86,2.65,1.92,2.35,3.71,5.0,1.29,2.99,4.17,2.9,2.03,2.1,5.0,2.42,0.25,4.75,5.0,0.0,3.95,2.31,0
2025-11-24T17:16:55.217025,252,student_4_lec_2a96290c_a01f0012,lec_2a96290c,cv101,1,0.95,engaged,59.98,-0.0074,-0.0026,-0.0053,0.0015,-0.0039,-0.0053,19.43,-148.57,-66.29,546.42,2347.1,177.45,-2.51,-2.46,2.63,1.94,2.37,3.52,5.0,1.48,2.93,4.34,2.98,2.09,2.02,5.0,2.49,0.11,4.89,5.0,0.0,3.99,2.31,0
2025-11-24T17:16:56.301150,253,student_4_lec_2a96290c_a01f0012,lec_2a96290c,cv101,1,0.95,engaged,63.69,-0.0062,-0.0021,-0.0053,0.0036,-0.005,-0.0052,7.19,-147.0,-46.93,529.96,2325.53,176.03,-8.23,-1.25,2.13,1.39,2.87,4.35,5.0,0.65,2.94,4.5,2.95,2.06,2.05,5.0,2.45,0.0,5.0,5.0,0.0,3.98,2.13,0
2025-11-24T17:16:57.307040,254,student_4_lec_2a96290c_a01f0012,lec_2a96290c,cv101,1,0.95,engaged,63.67,-0.0029,-0.0035,-0.0054,0.0038,-0.0049,-0.0053,-3.49,-142.38,-58.46,544.52,2308.24,178.64,1.83,-1.82,2.13,1.37,2.87,4.36,5.0,0.64,3.01,4.34,2.91,2.03,2.09,5.0,2.42,0.38,4.62,5.0,0.0,3.96,2.12,0
2025-11-24T17:16:58.383350,255,student_4_lec_2a96290c_a01f0012,lec_2a96290c,cv101,1,0.95,engaged,62.91,-0.0079,-0.0056,-0.0053,0.0002,-0.0047,-0.0054,27.25,-135.98,-122.14,527.97,2266.23,-179.16,9.8,-3.63,2.14,1.32,2.86,4.18,5.0,0.82,3.09,4.2,2.91,2.04,2.09,5.0,2.43,0.0,5.0,5.0,0.0,3.96,2.11,0
2025-11-24T17:16:59.473194,256,student_4_lec_2a96290c_a01f0012,lec_2a96290c,cv101,1,0.95,engaged,62.31,-0.006,-0.0044,-0.0053,0.001,-0.0035,-0.0054,19.28,-143.39,-127.18,524.03,2257.8,-179.57,10.29,-3.01,2.3,1.46,2.7,4.04,5.0,0.96,3.08,4.44,2.94,2.06,2.06,5.0,2.45,0.14,4.86,5.0,0.0,3.97,2.15,0
2025-11-24T17:17:00.559106,257,student_4_lec_2a96290c_a01f0012,lec_2a96290c,cv101,1,0.95,engaged,63.53,-0.0041,-0.0029,-0.0055,0.0015,-0.0031,-0.0055,10.71,-151.27,-97.74,553.25,2300.08,-178.52,3.3,-1.62,2.41,1.6,2.59,4.33,5.0,0.67,3.09,4.11,2.95,2.07,2.05,5.0,2.46,0.25,4.75,5.0,0.0,3.98,2.2,0
2025-11-24T17:17:01.641512,258,student_4_lec_2a96290c_a01f0012,lec_2a96290c,cv101,1,0.95,engaged,62.85,-0.004,-0.0032,-0.0054,0.0022,-0.004,-0.0053,6.9,-146.27,-49.88,528.25,2294.4,178.58,-2.03,-0.86,2.19,1.44,2.81,4.16,5.0,0.84,3.01,4.27,2.95,2.06,2.05,5.0,2.45,0.0,5.0,5.0,0.0,3.98,2.15,0
2025-11-24T17:17:02.730563,259,student_4_lec_2a96290c_a01f0012,lec_2a96290c,cv101,1,0.95,engaged,62.96,-0.0024,-0.0033,-0.0055,0.0033,-0.0032,-0.0054,-4.04,-149.28,-33.25,523.12,2269.11,179.57,-3.41,-0.28,2.29,1.55,2.71,4.18,5.0,0.82,3.04,4.4,2.98,2.08,2.02,5.0,2.48,0.36,4.64,5.0,0.0,3.99,2.18,0
2025-11-24T17:17:03.804534,260,student_4_lec_2a96290c_a01f0012,lec_2a96290c,cv101,1,0.95,engaged,62.38,-0.0044,-0.0027,-0.0055,0.005,-0.0052,-0.0054,-2.12,-144.86,-29.59,555.88,2311.6,179.6,-2.41,-1.03,2.4,1.63,2.6,4.07,5.0,0.93,3.08,4.36,2.94,2.06,2.06,5.0,2.45,0.19,4.81,5.0,0.0,3.97,2.21,0
2025-11-24T17:17:04.891382,261,student_4_lec_2a96290c_a01f0012,lec_2a96290c,cv101,1,0.95,engaged,62.02,-0.0098,-0.005,-0.0054,0.0011,-0.0081,-0.0053,24.75,-130.34,-30.91,530.59,2285.03,178.74,-4.59,-1.56,2.5,1.7,2.5,3.97,5.0,1.03,3.02,4.33,2.99,2.09,2.01,5.0,2.49,0.14,4.86,5.0,0.0,4.0,2.23,0
2025-11-24T17:17:05.980560,262,student_4_lec_2a96290c_a01f0012,lec_2a96290c,cv101,1,0.95,engaged,61.8,-0.0082,-0.0053,-0.0055,0.0009,-0.008,-0.0054,23.15,-130.09,-29.31,528.24,2291.09,177.72,-5.57,-1.18,2.27,1.54,2.73,3.92,5.0,1.08,2.98,4.43,2.96,2.07,2.04,5.0,2.47,0.26,4.74,5.0,0.0,3.98,2.18,0
2025-11-24T17:17:07.066348,263,student_4_lec_2a96290c_a01f0012,lec_2a96290c,cv101,1,0.95,engaged,62.46,-0.0075,-0.0038,-0.0054,0.0034,-0.0063,-0.0054,10.71,-137.61,-31.7,546.47,2296.89,-179.34,-4.76,-1.92,2.27,1.44,2.73,4.09,5.0,0.91,3.14,4.28,2.9,2.03,2.1,5.0,2.41,0.13,4.87,5.0,0.0,3.95,2.15,0
2025-11-24T17:17:08.182894,264,student_4_lec_2a96290c_a01f0012,lec_2a96290c,cv101,1,0.95,engaged,59.39,-0.005,-0.0031,-0.0053,0.0039,-0.0059,-0.0054,3.51,-140.83,-98.04,527.95,2278.0,179.4,8.64,-5.39,2.06,1.35,2.94,3.36,5.0,1.64,3.05,4.26,2.93,2.05,2.07,5.0,2.44,0.0,5.0,5.0,0.0,3.96,2.12,0
2025-11-24T17:17:09.247814,265,student_4_lec_2a96290c_a01f0012,lec_2a96290c,cv101,1,0.95,engaged,59.85,-0.0068,-0.0025,-0.0054,0.0003,-0.0038,-0.0055,24.15,-150.35,-156.42,536.08,2280.14,178.77,12.4,-6.01,2.39,1.65,2.61,3.49,5.0,1.51,3.03,4.88,2.93,2.05,2.07,5.0,2.44,0.0,5.0,5.0,0.0,3.96,2.22,0
2025-11-24T17:17:10.335403,266,student_4_lec_2a96290c_a01f0012,lec_2a96290c,cv101,1,0.95,engaged,59.77,-0.0056,-0.003,-0.0053,-0.0011,-0.003,-0.0055,-151.49,-150.97,-157.97,581.52,2330.81,178.64,10.54,-4.39,2.54,1.77,2.46,3.5,5.0,1.5,2.96,4.81,2.88,2.02,2.12,5.0,2.4,0.0,5.0,5.0,0.0,3.94,2.26,0
2025-11-24T17:17:11.419586,267,student_4_lec_2a96290c_a01f0012,lec_2a96290c,cv101,1,0.95,engaged,61.87,-0.0065,-0.0033,-0.0054,-0.0004,-0.0031,-0.0054,-152.54,-148.98,-65.21,534.06,2326.35,177.77,0.57,-3.16,2.19,1.5,2.81,3.98,5.0,1.02,3.0,4.59,2.85,2.0,2.15,5.0,2.38,0.0,5.0,5.0,0.0,3.92,2.17,0
2025-11-24T17:17:12.519667,268,student_4_lec_2a96290c_a01f0012,lec_2a96290c,cv101,1,0.95,engaged,59.38,-0.0074,-0.0031,-0.0054,0.0014,-0.0035,-0.0055,19.88,-148.5,-93.61,515.26,2266.54,-178.97,11.35,-4.5,2.5,1.76,2.5,3.36,5.0,1.64,3.04,4.37,2.99,2.09,2.01,5.0,2.49,0.0,5.0,5.0,0.0,4.0,2.25,0
2025-11-24T17:17:13.605918,269,student_4_lec_2a96290c_a01f0012,lec_2a96290c,cv101,1,0.95,engaged,57.37,0.0001,-0.0053,-0.0054,0.002,-0.0039,-0.0056,169.79,-140.4,-136.29,519.98,2284.15,179.02,15.84,-5.97,3.08,2.26,1.92,2.94,5.0,2.06,3.07,4.37,2.98,2.09,2.02,5.0,2.49,0.25,4.75,5.0,0.0,3.99,2.42,0
2025-11-24T17:17:14.684530,270,student_4_lec_2a96290c_a01f0012,lec_2a96290c,cv101,1,0.95,engaged,59.35,-0.0021,-0.0051,-0.0055,0.0028,-0.0044,-0.0056,-2.62,-139.66,-125.55,517.79,2279.97,178.0,14.96,-2.73,2.56,1.67,2.44,3.36,5.0,1.64,3.03,4.38,2.96,2.07,2.04,5.0,2.47,0.0,5.0,5.0,0.0,3.98,2.22,0
2025-11-24T17:17:15.689253,271,student_4_lec_2a96290c_a01f0012,lec_2a96290c,cv101,1,0.95,engaged,56.99,-0.004,-0.0036,-0.0055,0.0018,-0.003,-0.0057,9.34,-149.83,-108.16,521.66,2253.6,179.83,13.02,-2.67,2.96,2.15,2.04,2.8,5.0,2.2,3.12,4.48,3.08,2.15,1.92,5.0,2.56,0.13,4.87,5.0,0.0,4.04,2.38,0
2025-11-24T17:17:16.770285,272,student_4_lec_2a96290c_a01f0012,lec_2a96290c,cv101,1,0.95,engaged,57.86,-0.0057,-0.0038,-0.0054,0.0008,-0.0031,-0.0056,19.41,-147.88,-125.59,541.38,2284.81,179.09,13.4,-2.59,2.98,2.15,2.02,3.06,5.0,1.94,3.11,4.46,2.94,2.06,2.06,5.0,2.45,0.0,5.0,5.0,0.0,3.97,2.38,0
2025-11-24T17:17:17.768621,273,student_4_lec_2a96290c_a01f0012,lec_2a96290c,cv101,1,0.95,engaged,59.16,-0.0033,-0.0043,-0.0055,0.0021,-0.0042,-0.0056,5.2,-142.58,-117.68,570.91,2333.42,179.06,12.74,-1.83,2.9,2.11,2.1,3.36,5.0,1.64,3.08,4.51,2.94,2.06,2.06,5.0,2.45,0.0,5.0,5.0,0.0,3.97,2.37,0
2025-11-24T17:17:18.851770,274,student_4_lec_2a96290c_a01f0012,lec_2a96290c,cv101,1,0.95,engaged,58.79,-0.0072,-0.0026,-0.0054,0.0016,-0.0026,-0.0056,18.54,-154.65,-126.02,562.95,2311.41,179.37,14.2,-1.94,3.04,2.15,1.96,3.27,5.0,1.73,3.07,4.4,2.95,2.06,2.05,5.0,2.46,0.0,5.0,5.0,0.0,3.98,2.38,0
2025-11-24T17:17:19.941730,275,student_4_lec_2a96290c_a01f0012,lec_2a96290c,cv101,1,0.95,engaged,58.5,-0.0054,-0.0029,-0.0054,0.0033,-0.0043,-0.0056,7.31,-147.03,-135.76,555.75,2298.38,179.36,14.62,-2.19,2.95,2.09,2.05,3.18,5.0,1.82,3.04,4.57,3.0,2.1,2.0,5.0,2.5,0.0,5.0,5.0,0.0,4.0,2.36,0
2025-11-24T17:17:21.028348,276,student_4_lec_2a96290c_a01f0012,lec_2a96290c,cv101,1,0.95,engaged,58.22,-0.0062,-0.0026,-0.0054,0.0019,-0.0035,-0.0056,15.03,-151.33,-135.53,567.95,2305.44,179.87,14.68,-2.01,3.36,2.47,1.64,3.17,5.0,1.83,3.1,4.52,2.94,2.06,2.06,5.0,2.45,0.0,5.0,5.0,0.0,3.97,2.49,0
2025-11-24T17:17:22.106499,277,student_4_lec_2a96290c_a01f0012,lec_2a96290c,cv101,1,0.95,engaged,59.09,-0.006,-0.0027,-0.0053,0.0023,-0.005,-0.0055,12.9,-145.02,-134.62,544.37,2304.26,179.04,15.79,-2.19,2.85,2.04,2.15,3.35,5.0,1.65,3.1,4.32,2.91,2.04,2.09,5.0,2.43,0.0,5.0,5.0,0.0,3.96,2.35,0
2025-11-24T17:17:23.220548,278,student_4_lec_2a96290c_a01f0012,lec_2a96290c,cv101,1,0.95,engaged,61.95,-0.0021,-0.0033,-0.0053,0.0016,-0.0052,-0.0053,2.05,-141.84,-62.76,520.41,2260.01,-179.78,5.07,-1.73,2.24,1.49,2.76,3.95,5.0,1.05,3.08,4.26,2.96,2.08,2.04,5.0,2.47,0.0,5.0,5.0,0.0,3.98,2.16,0
2025-11-24T17:17:24.285387,279,student_4_lec_2a96290c_a01f0012,lec_2a96290c,cv101,1,0.95,engaged,63.62,-0.0043,-0.0035,-0.0054,0.0036,-0.005,-0.0054,2.34,-141.87,-40.31,514.37,2266.16,179.04,3.14,-2.65,2.15,1.34,2.85,4.35,5.0,0.65,3.07,4.51,2.9,2.03,2.1,5.0,2.42,0.12,4.88,5.0,0.0,3.95,2.11,0
2025-11-24T17:17:25.381829,280,student_4_lec_2a96290c_a01f0012,lec_2a96290c,cv101,1,0.95,engaged,63.86,-0.0038,-0.0036,-0.0053,0.0041,-0.0054,-0.0052,-1.22,-139.73,-31.6,503.05,2267.19,178.83,0.05,-2.0,2.21,1.46,2.79,4.4,5.0,0.6,3.06,4.34,2.94,2.06,2.06,5.0,2.45,0.06,4.94,5.0,0.0,3.97,2.15,0
2025-11-24T17:17:26.386667,281,student_4_lec_2a96290c_a01f0012,lec_2a96290c,cv101,1,0.95,engaged,61.94,-0.0045,-0.0029,-0.0053,0.0038,-0.0058,-0.0053,2.05,-141.88,-41.61,496.66,2247.98,179.64,3.12,-2.32,2.16,1.36,2.84,3.93,5.0,1.07,3.07,4.26,2.98,2.09,2.02,5.0,2.48,0.04,4.96,5.0,0.0,3.99,2.12,0
2025-11-24T17:17:27.466339,282,student_4_lec_2a96290c_a01f0012,lec_2a96290c,cv101,1,0.95,engaged,58.13,-0.0016,-0.0031,-0.0053,0.0009,-0.0048,-0.0055,3.8,-144.31,-144.49,505.95,2309.32,177.6,16.85,-4.02,2.66,1.87,2.34,3.12,5.0,1.88,3.06,4.49,2.9,2.03,2.1,5.0,2.41,0.0,5.0,5.0,0.0,3.95,2.29,0
2025-11-24T17:17:28.549637,283,student_4_lec_2a96290c_a01f0012,lec_2a96290c,cv101,1,0.95,engaged,59.24,0.0026,-0.0076,-0.0052,0.0014,-0.0055,-0.0055,159.65,-129.81,-177.57,525.37,2278.46,178.8,23.02,-4.11,2.4,1.59,2.6,3.4,5.0,1.6,3.03,4.55,2.79,1.95,2.21,5.0,2.32,0.1,4.9,5.0,0.0,3.9,2.2,0
2025-11-24T17:17:29.638345,284,student_4_lec_2a96290c_a01f0012,lec_2a96290c,cv101,1,0.95,engaged,57.63,-0.0026,-0.0023,-0.0052,0.0012,-0.0038,-0.0055,6.94,-150.58,-179.95,502.99,2258.09,177.61,22.85,-4.9,2.57,1.76,2.43,3.03,5.0,1.97,3.08,4.54,2.81,1.97,2.19,5.0,2.34,0.0,5.0,5.0,0.0,3.91,2.25,0
2025-11-24T17:17:30.726327,285,student_4_lec_2a96290c_a01f0012,lec_2a96290c,cv101,1,0.95,engaged,57.06,-0.0018,-0.0026,-0.0057,0.0014,-0.0031,-0.0057,1.49,-153.47,-42.39,528.32,2309.35,179.19,3.2,-0.73,3.05,2.26,1.95,2.85,5.0,2.15,3.1,4.33,3.02,2.11,1.98,5.0,2.52,0.01,4.99,5.0,0.0,4.01,2.42,0
2025-11-24T17:17:31.799847,286,student_4_lec_2a96290c_a01f0012,lec_2a96290c,cv101,1,0.95,engaged,57.21,-0.0025,-0.0041,-0.0052,-0.0013,-0.0034,-0.0055,-160.43,-144.83,-183.75,509.44,2218.3,177.67,22.42,-5.99,2.94,2.11,2.06,2.94,5.0,2.06,3.08,4.54,2.86,2.01,2.14,5.0,2.39,0.1,4.9,5.0,0.0,3.93,2.37,0
2025-11-24T17:17:32.884772,287,student_4_lec_2a96290c_a01f0012,lec_2a96290c,cv101,1,0.95,engaged,58.16,-0.0013,-0.0017,-0.0051,0.0022,-0.0046,-0.0055,-4.03,-150.68,-231.04,519.63,2266.49,176.65,23.14,-7.17,2.66,1.89,2.34,3.19,4.98,1.81,2.99,4.57,2.78,1.94,2.22,5.0,2.31,0.0,5.0,5.0,0.0,3.88,2.3,0
2025-11-24T17:17:33.968743,288,student_4_lec_2a96290c_a01f0012,lec_2a96290c,cv101,1,0.95,engaged,57.32,0.0028,-0.0102,-0.005,0.0029,-0.0042,-0.0053,151.1,-128.81,-234.75,518.47,2238.79,179.19,24.63,-7.34,2.63,1.87,2.37,2.98,5.0,2.02,3.08,5.0,2.78,1.95,2.22,5.0,2.32,1.78,3.22,5.0,0.0,3.89,2.29,0
2025-11-24T17:17:34.969386,289,student_4_lec_2a96290c_a01f0012,lec_2a96290c,cv101,1,0.95,engaged,59.6,0.0025,-0.0101,-0.005,0.0015,-0.0035,-0.0054,159.24,-131.87,-220.31,526.93,2219.58,-176.57,24.59,-3.57,2.58,1.67,2.42,3.42,5.0,1.58,3.16,4.5,2.96,2.07,2.04,5.0,2.47,2.68,2.32,5.0,0.0,3.98,2.22,0
2025-11-24T17:17:36.049732,290,student_4_lec_2a96290c_a01f0012,lec_2a96290c,cv101,1,0.95,engaged,59.03,0.0048,-0.0125,-0.0051,0.0017,-0.0032,-0.0055,149.97,-131.29,-215.99,529.8,2234.8,-177.09,23.61,-2.45,2.72,1.87,2.28,3.34,5.0,1.66,3.12,4.55,2.87,2.01,2.13,5.0,2.39,2.65,2.35,5.0,0.0,3.94,2.29,0
2025-11-24T17:17:37.050459,291,student_4_lec_2a96290c_a01f0012,lec_2a96290c,cv101,1,0.95,engaged,58.39,-0.0017,-0.0069,-0.0051,0.0024,-0.0038,-0.0055,-2.37,-135.88,-214.39,533.03,2239.72,-177.41,22.44,-2.21,3.02,2.13,1.98,3.18,4.99,1.82,3.21,4.42,2.96,2.07,2.04,5.0,2.46,2.58,2.42,5.0,0.0,3.98,2.38,0
2025-11-24T17:17:38.133438,292,student_4_lec_2a96290c_a01f0012,lec_2a96290c,cv101,1,0.95,engaged,59.41,-0.0016,-0.0035,-0.0052,0.0006,-0.0023,-0.0055,5.49,-151.51,-199.88,518.68,2221.18,179.75,24.1,-2.87,3.02,2.1,1.98,3.46,5.0,1.54,3.18,4.53,2.84,1.99,2.16,5.0,2.36,0.29,4.71,5.0,0.0,3.92,2.37,0
2025-11-24T17:17:39.240327,293,student_4_lec_2a96290c_a01f0012,lec_2a96290c,cv101,1,0.95,engaged,57.71,0.0016,-0.0054,-0.0051,-0.0013,-0.0021,-0.0055,-1.97,-146.22,-203.46,555.67,2272.2,179.71,22.4,-2.89,3.1,2.24,1.9,3.09,5.0,1.91,3.09,4.86,2.8,1.96,2.2,5.0,2.33,0.1,4.9,5.0,0.0,3.9,2.41,0
2025-11-24T17:17:40.298312,294,student_4_lec_2a96290c_a01f0012,lec_2a96290c,cv101,1,0.95,engaged,57.48,-0.0034,-0.0034,-0.0051,0.001,-0.0019,-0.0055,11.71,-153.58,-188.06,529.62,2199.79,-178.45,22.09,-1.23,3.04,2.16,1.96,3.0,5.0,2.0,3.22,4.67,2.88,2.02,2.12,5.0,2.4,0.0,5.0,5.0,0.0,3.94,2.39,0
2025-11-24T17:17:41.298387,295,student_4_lec_2a96290c_a01f0012,lec_2a96290c,cv101,1,0.95,engaged,58.05,-0.0003,-0.0072,-0.0052,-0.0007,-0.0024,-0.0055,-175.16,-141.03,-193.38,517.42,2185.79,-179.25,24.04,-0.94,3.03,2.12,1.97,3.14,5.0,1.86,3.19,4.6,2.85,2.0,2.15,5.0,2.38,0.0,5.0,5.0,0.0,3.92,2.37,0
2025-11-24T17:17:42.390106,296,student_4_lec_2a96290c_a01f0012,lec_2a96290c,cv101,1,0.95,engaged,57.97,-0.003,-0.0049,-0.0052,0.0014,-0.0022,-0.0055,8.32,-147.26,-191.62,541.4,2220.26,-178.42,22.96,-0.86,3.29,2.36,1.71,3.12,5.0,1.88,3.19,4.67,2.9,2.03,2.1,5.0,2.41,0.0,5.0,5.0,0.0,3.95,2.45,0
2025-11-24T17:17:43.467358,297,student_4_lec_2a96290c_a01f0012,lec_2a96290c,cv101,1,0.95,engaged,57.58,-0.0037,-0.0056,-0.0052,0.0025,-0.0035,-0.0056,5.71,-140.43,-179.29,522.57,2202.66,-179.0,24.16,0.3,3.36,2.36,1.64,3.07,5.0,1.93,3.2,4.61,2.8,1.96,2.2,5.0,2.33,0.0,5.0,5.0,0.0,3.9,2.45,0
2025-11-24T17:17:44.470061,298,student_4_lec_2a96290c_a01f0012,lec_2a96290c,cv101,1,0.95,engaged,59.8,-0.0028,-0.0041,-0.005,0.0021,-0.0029,-0.0054,3.8,-146.22,-191.05,525.4,2194.34,-177.92,25.14,-0.49,3.21,2.25,1.79,3.57,5.0,1.43,3.25,4.45,2.82,1.97,2.18,5.0,2.35,0.0,5.0,5.0,0.0,3.91,2.42,0
2025-11-24T17:17:45.552731,299,student_4_lec_2a96290c_a01f0012,lec_2a96290c,cv101,1,0.95,engaged,59.25,-0.0065,-0.0025,-0.0051,0.0017,-0.0027,-0.0055,17.59,-153.65,-183.27,534.64,2213.9,-177.86,24.39,0.41,3.49,2.47,1.51,3.45,5.0,1.55,3.25,4.55,2.84,1.99,2.16,5.0,2.37,0.0,5.0,5.0,0.0,3.92,2.49,0
2025-11-24T17:17:46.634916,300,student_4_lec_2a96290c_a01f0012,lec_2a96290c,cv101,1,0.95,engaged,59.52,-0.0042,-0.0016,-0.0051,0.0021,-0.0009,-0.0055,9.27,-166.37,-174.73,533.42,2202.47,-177.15,23.42,0.96,3.49,2.47,1.51,3.51,5.0,1.49,3.28,4.36,2.85,2.0,2.15,5.0,2.38,0.0,5.0,5.0,0.0,3.92,2.49,0
2025-11-24T17:17:47.730412,301,student_4_lec_2a96290c_a01f0012,lec_2a96290c,cv101,1,0.95,engaged,59.04,-0.0053,-0.0019,-0.0051,0.0014,-0.0009,-0.0055,15.72,-165.06,-173.52,529.05,2204.26,-178.32,23.51,0.73,3.59,2.57,1.41,3.42,5.0,1.58,3.24,4.48,2.81,1.97,2.19,5.0,2.34,0.0,5.0,5.0,0.0,3.91,2.52,0
2025-11-24T17:17:48.815023,302,student_4_lec_2a96290c_a01f0012,lec_2a96290c,cv101,1,0.95,engaged,58.95,-0.005,-0.0034,-0.0052,0.0013,-0.0012,-0.0055,15.19,-157.18,-166.05,527.41,2187.66,-177.23,24.59,1.25,3.47,2.46,1.53,3.38,5.0,1.62,3.31,4.38,2.84,1.99,2.16,5.0,2.37,0.0,5.0,5.0,0.0,3.92,2.49,0
2025-11-24T17:17:49.881389,303,student_4_lec_2a96290c_a01f0012,lec_2a96290c,cv101,1,0.95,engaged,60.44,-0.0053,-0.004,-0.0052,0.0015,-0.006,-0.0055,14.87,-137.31,-142.33,473.7,2235.68,178.29,21.64,1.0,2.56,1.74,2.44,3.67,5.0,1.33,2.98,4.72,2.84,1.99,2.16,5.0,2.37,0.0,5.0,5.0,0.0,3.92,2.25,0
2025-11-24T17:17:50.881734,304,student_4_lec_2a96290c_a01f0012,lec_2a96290c,cv101,1,0.95,engaged,58.82,-0.0033,-0.0036,-0.0053,0.002,-0.0039,-0.0055,5.73,-144.94,-144.9,493.69,2238.0,179.33,22.63,1.1,3.31,2.42,1.69,3.33,5.0,1.67,3.06,4.55,2.88,2.02,2.12,5.0,2.4,0.0,5.0,5.0,0.0,3.94,2.47,0
2025-11-24T17:17:51.966601,305,student_4_lec_2a96290c_a01f0012,lec_2a96290c,cv101,1,0.95,engaged,59.78,-0.0034,-0.0024,-0.0053,0.0022,-0.0026,-0.0055,5.66,-155.18,-135.68,508.21,2228.45,-179.09,21.94,0.72,3.53,2.6,1.47,3.52,5.0,1.48,3.17,4.49,2.99,2.09,2.01,5.0,2.49,0.0,5.0,5.0,0.0,4.0,2.53,0
2025-11-24T17:17:52.966570,306,student_4_lec_2a96290c_a01f0012,lec_2a96290c,cv101,1,0.95,engaged,64.27,-0.0041,-0.0034,-0.0055,0.0033,-0.0067,-0.0052,2.49,-137.73,103.82,541.85,2278.22,173.72,-17.99,3.86,2.79,1.91,2.21,4.52,5.0,0.48,2.96,4.77,2.96,2.07,2.04,5.0,2.46,0.0,5.0,5.0,0.0,3.98,2.3,0
2025-11-24T17:17:53.966515,307,student_4_lec_2a96290c_a01f0012,lec_2a96290c,cv101,1,0.95,engaged,63.47,-0.0019,-0.0047,-0.0057,0.0011,-0.0037,-0.0054,3.14,-143.3,-151.34,-584.8,-2462.35,-163.85,-26.93,175.03,2.82,1.93,2.18,4.33,5.0,0.67,3.07,4.57,2.98,2.09,2.02,5.0,2.49,0.0,5.0,5.0,0.0,3.99,2.31,0
2025-11-24T17:17:54.976652,308,student_4_lec_2a96290c_a01f0012,lec_2a96290c,cv101,1,0.95,engaged,63.31,-0.0024,-0.0042,-0.0057,-0.0004,-0.0033,-0.0053,-166.14,-145.84,-151.76,-579.76,-2457.42,-162.7,-26.17,175.16,2.68,1.86,2.32,4.29,5.0,0.71,3.11,4.68,2.97,2.08,2.03,5.0,2.47,0.0,5.0,5.0,0.0,3.99,2.29,0
2025-11-24T17:17:56.025402,309,student_4_lec_2a96290c_a01f0012,lec_2a96290c,cv101,1,0.95,engaged,63.5,-0.0031,-0.0025,-0.0057,-0.0021,-0.0021,-0.0053,-155.03,-157.47,-142.17,-577.45,-2444.19,-161.73,-26.91,174.14,2.72,1.85,2.28,4.37,5.0,0.63,3.04,4.66,2.88,2.02,2.12,5.0,2.4,0.0,5.0,5.0,0.0,3.94,2.28,0
2025-11-24T17:17:57.132400,310,student_4_lec_2a96290c_a01f0012,lec_2a96290c,cv101,1,0.95,engaged,63.43,-0.0044,-0.0029,-0.0055,0.0012,-0.0032,-0.0051,12.63,-150.44,-149.24,-577.61,-2433.99,-162.02,-30.69,172.9,2.83,1.93,2.17,4.42,5.0,0.58,3.11,4.7,2.74,1.92,2.26,5.0,2.29,0.0,5.0,5.0,0.0,3.87,2.31,0
2025-11-24T17:17:58.218183,311,student_4_lec_2a96290c_a01f0012,lec_2a96290c,cv101,1,0.95,engaged,64.09,-0.0041,-0.0028,-0.0055,-0.0014,-0.0063,-0.0052,-154.44,-141.52,-148.41,-591.68,-2472.77,-163.41,-27.17,174.33,2.73,1.8,2.27,4.53,5.0,0.47,3.09,4.51,2.82,1.97,2.18,5.0,2.35,0.11,4.89,5.0,0.0,3.91,2.27,0
2025-11-24T17:17:59.298453,312,student_4_lec_2a96290c_a01f0012,lec_2a96290c,cv101,1,0.95,engaged,57.16,-0.0028,-0.0001,-0.0057,-0.0076,-0.0018,-0.0054,-139.78,-170.04,121.69,523.83,2290.15,173.26,-13.84,-4.25,3.06,2.44,1.94,2.86,5.0,2.14,2.87,4.85,3.09,2.16,1.91,5.0,2.57,0.0,5.0,5.0,0.0,4.04,2.48,0
2025-11-24T17:18:00.381359,313,student_4_lec_2a96290c_a01f0012,lec_2a96290c,cv101,1,0.95,engaged,61.49,-0.0033,-0.0023,-0.0057,-0.0047,-0.008,-0.0053,-143.95,-140.81,123.64,508.57,2245.12,175.79,-17.75,-3.86,2.08,1.37,2.92,3.83,5.0,1.17,2.93,4.93,2.97,2.08,2.03,5.0,2.48,0.0,5.0,5.0,0.0,3.99,2.12,0
2025-11-24T17:18:01.463388,314,student_4_lec_2a96290c_a01f0012,lec_2a96290c,cv101,1,0.95,engaged,61.68,-0.0042,-0.0017,-0.0056,-0.0015,-0.0055,-0.0053,-153.42,-148.59,129.53,525.65,2248.95,178.1,-17.23,-4.85,1.94,1.26,3.06,3.88,5.0,1.12,2.95,5.0,2.94,2.05,2.06,5.0,2.45,0.0,5.0,5.0,0.0,3.97,2.09,0
2025-11-24T17:18:02.466353,315,student_4_lec_2a96290c_a01f0012,lec_2a96290c,cv101,1,0.95,engaged,61.97,-0.003,-0.0026,-0.0056,-0.0012,-0.0058,-0.0052,-159.39,-143.43,138.63,523.24,2255.21,176.31,-20.17,-3.8,2.07,1.36,2.93,3.94,5.0,1.06,2.94,5.0,2.97,2.08,2.03,5.0,2.47,0.0,5.0,5.0,0.0,3.99,2.12,0
2025-11-24T17:18:03.528514,316,student_4_lec_2a96290c_a01f0012,lec_2a96290c,cv101,1,0.95,engaged,55.23,-0.0036,-0.0006,-0.0057,0.002,-0.0071,-0.0052,5.67,-150.19,161.86,526.72,2290.37,178.51,-21.05,-4.92,3.48,2.62,1.52,2.53,5.0,2.47,3.0,4.5,2.84,1.99,2.16,5.0,2.37,0.0,5.0,5.0,0.0,3.92,2.54,0
2025-11-24T17:18:04.633814,317,student_4_lec_2a96290c_a01f0012,lec_2a96290c,cv101,1,0.95,engaged,61.86,-0.0031,-0.003,-0.0056,-0.0009,-0.0036,-0.0053,-160.39,-148.72,-173.14,-545.05,-2477.36,-164.15,-26.12,165.86,1.94,1.21,3.06,3.97,5.0,1.03,2.99,4.77,2.81,1.97,2.19,5.0,2.34,0.0,5.0,4.96,0.0,3.91,2.07,0
2025-11-24T17:18:05.715275,318,student_4_lec_2a96290c_a01f0012,lec_2a96290c,cv101,1,0.95,engaged,63.14,-0.0034,-0.0026,-0.0058,-0.0026,-0.0066,-0.0054,-151.77,-142.41,-173.73,-558.64,-2508.81,-165.52,-24.52,167.89,2.0,1.26,3.0,4.26,5.0,0.74,2.89,4.77,2.84,1.99,2.16,5.0,2.37,0.05,4.95,4.9,0.0,3.92,2.09,0
2025-11-24T17:18:06.804928,319,student_4_lec_2a96290c_a01f0012,lec_2a96290c,cv101,1,0.95,engaged,62.06,-0.0041,-0.0027,-0.0056,-0.0019,-0.0043,-0.0052,-151.78,-146.9,-171.81,-557.45,-2513.22,-164.95,-25.82,167.06,2.01,1.27,2.99,4.04,5.0,0.96,2.96,4.64,2.77,1.94,2.23,5.0,2.31,0.15,4.85,4.82,0.0,3.88,2.09,0
2025-11-24T17:18:07.881736,320,student_4_lec_2a96290c_a01f0012,lec_2a96290c,cv101,1,0.95,engaged,62.17,-0.0037,-0.0029,-0.0056,-0.002,-0.0031,-0.0053,-152.86,-151.11,-168.14,-562.0,-2527.24,-164.81,-24.23,167.93,2.06,1.32,2.94,4.08,5.0,0.92,2.99,4.53,2.74,1.92,2.26,5.0,2.29,0.31,4.69,4.75,0.0,3.87,2.11,0
2025-11-24T17:18:08.893817,321,student_4_lec_2a96290c_a01f0012,lec_2a96290c,cv101,1,0.95,engaged,61.9,-0.0078,-0.0029,-0.0055,-0.0013,-0.0076,-0.0052,-145.9,-138.6,-131.24,-566.16,-2512.1,-167.48,-21.42,170.06,2.08,1.26,2.92,3.95,5.0,1.05,2.99,4.79,2.89,2.03,2.11,5.0,2.41,0.14,4.86,4.74,0.0,3.95,2.09,0
2025-11-24T17:18:09.970131,322,student_4_lec_2a96290c_a01f0012,lec_2a96290c,cv101,1,0.95,engaged,63.09,-0.0066,-0.0032,-0.0055,0.002,-0.0055,-0.0054,14.79,-142.31,44.47,540.78,2316.48,178.61,-6.43,-3.67,2.4,1.54,2.6,4.2,5.0,0.8,2.99,5.0,3.01,2.11,1.99,5.0,2.51,0.0,5.0,4.95,0.0,4.0,2.18,0
2025-11-24T17:18:11.048580,323,student_4_lec_2a96290c_a01f0012,lec_2a96290c,cv101,1,0.95,engaged,63.84,-0.0034,-0.0028,-0.0055,0.0027,-0.0048,-0.0052,1.97,-145.26,-132.83,-583.97,-2515.99,-165.05,-23.71,170.8,2.36,1.54,2.64,4.41,5.0,0.59,3.0,4.82,2.92,2.04,2.08,5.0,2.43,0.0,5.0,4.9,0.0,3.96,2.18,0
2025-11-24T17:18:12.052180,324,student_4_lec_2a96290c_a01f0012,lec_2a96290c,cv101,1,0.95,engaged,63.75,-0.0041,-0.0029,-0.0054,0.0037,-0.0043,-0.0051,0.55,-145.64,-142.12,-608.47,-2546.45,-165.04,-24.28,171.27,2.34,1.53,2.66,4.39,5.0,0.61,3.0,4.76,2.92,2.05,2.08,5.0,2.44,0.25,4.75,4.74,0.0,3.96,2.18,0
2025-11-24T17:18:13.132463,325,student_4_lec_2a96290c_a01f0012,lec_2a96290c,cv101,1,0.95,engaged,62.51,-0.0041,-0.0026,-0.0054,-0.0005,-0.0053,-0.005,-158.44,-143.48,-146.34,-590.26,-2536.35,-163.98,-24.81,171.42,2.46,1.68,2.54,4.11,5.0,0.89,3.1,4.61,2.93,2.05,2.07,5.0,2.44,0.49,4.51,4.68,0.0,3.96,2.23,0
2025-11-24T17:18:14.218354,326,student_4_lec_2a96290c_a01f0012,lec_2a96290c,cv101,1,0.95,engaged,63.38,-0.0036,-0.0029,-0.0055,0.0008,-0.0061,-0.0051,11.96,-141.17,-147.08,-577.35,-2504.25,-166.59,-25.94,171.08,2.48,1.65,2.52,4.32,5.0,0.68,3.03,4.63,2.9,2.03,2.1,5.0,2.42,0.27,4.73,4.81,0.0,3.95,2.22,0
2025-11-24T17:18:15.308573,327,student_4_lec_2a96290c_a01f0012,lec_2a96290c,cv101,1,0.95,engaged,61.37,-0.0035,-0.0033,-0.0057,-0.0009,-0.0038,-0.0053,-159.17,-147.06,-138.59,-567.62,-2482.14,-166.15,-22.9,169.82,2.37,1.59,2.63,3.8,5.0,1.2,2.96,4.95,3.02,2.11,1.98,5.0,2.52,0.09,4.91,5.0,0.0,4.01,2.2,0
2025-11-24T17:18:16.393299,328,student_4_lec_2a96290c_a01f0012,lec_2a96290c,cv101,1,0.95,engaged,61.92,-0.0046,-0.0026,-0.0056,0.0009,-0.0037,-0.0053,14.66,-150.58,-128.45,-551.42,-2464.04,-164.54,-21.7,169.62,2.2,1.42,2.8,3.9,5.0,1.1,3.06,4.82,3.05,2.13,1.95,5.0,2.54,0.0,5.0,5.0,0.0,4.03,2.14,0
2025-11-24T17:18:17.560292,329,student_4_lec_2a96290c_a01f0012,lec_2a96290c,cv101,1,0.95,engaged,63.87,-0.0042,-0.0026,-0.0056,-0.0021,-0.0043,-0.0053,-150.88,-147.72,-141.16,-540.2,-2437.13,-164.65,-26.42,168.59,2.07,1.29,2.93,4.39,5.0,0.61,3.09,4.7,2.94,2.06,2.06,5.0,2.45,0.19,4.81,5.0,0.0,3.97,2.1,0
2025-11-24T17:18:18.483097,330,student_4_lec_2a96290c_a01f0012,lec_2a96290c,cv101,1,0.95,engaged,63.66,-0.0045,-0.0024,-0.0056,-0.0005,-0.0042,-0.0053,-158.26,-149.31,141.85,514.64,2227.99,177.94,-19.73,-2.55,2.17,1.38,2.83,4.32,5.0,0.68,3.11,4.84,3.01,2.11,1.99,5.0,2.51,0.0,5.0,5.0,0.0,4.0,2.13,0
2025-11-24T17:18:19.562700,331,student_4_lec_2a96290c_a01f0012,lec_2a96290c,cv101,1,0.95,engaged,62.58,-0.0068,-0.0027,-0.0058,-0.0024,-0.0042,-0.0056,-143.49,-149.0,116.25,525.89,2219.87,177.48,-13.89,-2.74,2.21,1.33,2.79,4.06,5.0,0.94,3.07,4.91,3.02,2.12,1.98,5.0,2.52,0.0,5.0,5.0,0.0,4.01,2.11,0
2025-11-24T17:18:20.656425,332,student_4_lec_2a96290c_a01f0012,lec_2a96290c,cv101,1,0.95,engaged,62.42,-0.003,-0.0027,-0.0057,-0.0019,-0.0034,-0.0054,-156.31,-151.42,119.43,516.51,2234.89,178.22,-13.82,-2.35,2.3,1.53,2.7,4.01,5.0,0.99,3.1,4.71,3.09,2.17,1.91,5.0,2.58,0.0,5.0,5.0,0.0,4.04,2.18,0
2025-11-24T17:18:21.763358,333,student_4_lec_2a96290c_a01f0012,lec_2a96290c,cv101,1,0.95,engaged,63.2,-0.0052,-0.002,-0.0057,-0.0015,-0.0044,-0.0054,-151.1,-150.95,128.81,518.0,2217.65,178.41,-15.46,-2.17,2.32,1.53,2.68,4.22,5.0,0.78,3.12,4.78,3.02,2.11,1.98,5.0,2.51,0.18,4.82,5.0,0.0,4.01,2.18,0
2025-11-24T17:18:22.847711,334,student_4_lec_2a96290c_a01f0012,lec_2a96290c,cv101,1,0.95,engaged,63.56,-0.0032,-0.0026,-0.0057,-0.003,-0.0093,-0.0054,-150.9,-137.91,151.34,516.77,2222.45,176.78,-19.14,-0.93,2.16,1.39,2.84,4.27,5.0,0.73,3.06,4.79,3.07,2.15,1.93,5.0,2.56,0.11,4.89,5.0,0.0,4.04,2.13,0
2025-11-24T17:18:23.898062,335,student_4_lec_2a96290c_a01f0012,lec_2a96290c,cv101,1,0.95,engaged,63.91,-0.002,-0.0028,-0.0057,-0.0009,-0.0037,-0.0053,-165.16,-149.39,146.32,508.49,2215.72,176.61,-19.22,-0.43,2.28,1.53,2.72,4.39,5.0,0.61,3.11,4.97,3.01,2.1,1.99,5.0,2.51,0.0,5.0,5.0,0.0,4.0,2.18,0
2025-11-24T17:18:24.986477,336,student_4_lec_2a96290c_a01f0012,lec_2a96290c,cv101,1,0.95,engaged,63.48,-0.0021,-0.0029,-0.0057,-0.0016,-0.0024,-0.0053,-161.67,-154.23,146.93,502.01,2186.24,178.01,-19.49,-1.02,2.23,1.5,2.77,4.3,5.0,0.7,3.13,4.89,2.98,2.08,2.02,5.0,2.48,0.0,5.0,5.0,0.0,3.99,2.17,0
2025-11-24T17:18:26.004586,337,student_4_lec_2a96290c_a01f0012,lec_2a96290c,cv101,1,0.95,engaged,62.92,-0.0045,-0.0025,-0.0056,0.0015,-0.0073,-0.0053,11.53,-140.94,-158.42,-566.23,-2427.29,-162.14,-25.81,168.76,2.31,1.51,2.69,4.17,5.0,0.83,3.1,4.97,2.98,2.09,2.02,5.0,2.48,0.0,5.0,5.0,0.0,3.99,2.17,0
2025-11-24T17:18:27.071335,338,student_4_lec_2a96290c_a01f0012,lec_2a96290c,cv101,1,0.95,engaged,62.11,-0.0066,-0.0027,-0.0056,-0.0016,-0.0057,-0.0053,-146.73,-143.7,85.22,541.86,2224.56,-179.83,-11.59,-4.31,2.36,1.52,2.64,3.97,5.0,1.03,3.14,4.8,3.01,2.1,1.99,5.0,2.51,0.0,5.0,5.0,0.0,4.0,2.17,0
2025-11-24T17:18:28.152812,339,student_4_lec_2a96290c_a01f0012,lec_2a96290c,cv101,1,0.95,engaged,59.62,-0.0102,-0.0032,-0.0055,-0.0012,-0.0039,-0.0055,-142.81,-147.41,-101.78,547.51,2199.83,-178.74,11.15,-9.77,2.2,1.45,2.8,3.36,5.0,1.64,3.17,4.79,3.07,2.15,1.93,5.0,2.56,0.0,5.0,5.0,0.0,4.04,2.15,0
2025-11-24T17:18:29.242485,340,student_4_lec_2a96290c_a01f0012,lec_2a96290c,cv101,1,0.95,engaged,60.63,-0.0074,-0.0026,-0.0054,0.0009,-0.0027,-0.0055,21.97,-153.99,-115.92,542.63,2201.53,-178.63,10.79,-11.35,1.82,1.08,3.18,3.65,5.0,1.35,3.2,4.74,2.87,2.01,2.13,5.0,2.39,0.0,5.0,5.0,0.0,3.94,2.03,0
2025-11-24T17:18:30.331379,341,student_4_lec_2a96290c_a01f0012,lec_2a96290c,cv101,1,0.95,engaged,58.87,-0.0047,-0.0016,-0.0053,0.0006,-0.0046,-0.0056,18.03,-151.76,-184.61,560.22,2223.05,178.71,19.0,-13.23,2.19,1.37,2.81,3.24,5.0,1.76,3.11,4.81,2.93,2.05,2.07,5.0,2.44,0.0,5.0,5.0,0.0,3.96,2.12,0
2025-11-24T17:18:31.430471,342,student_4_lec_2a96290c_a01f0012,lec_2a96290c,cv101,1,0.95,engaged,56.8,0.0004,-0.0059,-0.0051,0.0015,-0.004,-0.0055,170.27,-137.28,-228.34,548.19,2192.61,179.65,22.75,-12.65,2.02,1.27,2.98,2.82,5.0,2.18,3.16,4.84,2.77,1.94,2.23,5.0,2.31,0.0,5.0,5.0,0.0,3.88,2.09,0
2025-11-24T17:18:32.437403,343,student_4_lec_2a96290c_a01f0012,lec_2a96290c,cv101,1,0.95,engaged,57.33,-0.0034,-0.0025,-0.0051,0.0012,-0.0048,-0.0055,11.06,-146.56,-227.92,546.92,2176.34,-179.19,23.74,-10.75,2.25,1.46,2.75,2.93,5.0,2.07,3.18,5.0,2.83,1.98,2.17,5.0,2.36,0.0,5.0,5.0,0.0,3.92,2.15,0
2025-11-24T17:18:33.516059,344,student_4_lec_2a96290c_a01f0012,lec_2a96290c,cv101,1,0.95,engaged,57.58,-0.0073,-0.0032,-0.0049,-0.0002,-0.0021,-0.0054,-150.93,-153.04,-215.27,573.79,2218.64,-176.8,25.44,-7.17,2.71,1.77,2.29,3.12,5.0,1.88,3.16,4.78,2.57,1.8,2.43,5.0,2.14,0.0,5.0,4.73,0.0,3.79,2.26,0
2025-11-24T17:18:34.514842,345,student_4_lec_2a96290c_a01f0012,lec_2a96290c,cv101,1,0.95,engaged,57.4,0.0052,-0.0051,-0.0051,0.0007,-0.0055,-0.0055,153.75,-135.07,210.85,-609.26,-2424.39,-152.28,28.91,-169.51,3.12,2.19,1.88,2.97,5.0,2.03,3.26,4.76,2.91,2.04,2.09,5.0,2.42,0.15,4.85,4.67,0.0,3.96,2.4,0
2025-11-24T17:18:35.599496,346,student_4_lec_2a96290c_a01f0012,lec_2a96290c,cv101,1,0.95,engaged,57.19,0.0009,-0.005,-0.0049,0.0029,-0.0008,-0.0053,160.48,-152.99,231.38,-590.58,-2476.25,-154.61,30.98,-168.14,3.51,2.54,1.49,3.04,5.0,1.96,3.28,4.77,2.69,1.89,2.31,5.0,2.24,0.0,5.0,4.59,0.0,3.84,2.51,0
2025-11-24T17:18:36.683052,347,student_4_lec_2a96290c_a01f0012,lec_2a96290c,cv101,1,0.95,engaged,59.44,0.0064,-0.0108,-0.0053,0.001,-0.0025,-0.0056,149.87,-136.2,-169.27,552.07,2230.62,-176.98,21.85,4.52,3.71,2.58,1.29,3.5,5.0,1.5,3.19,4.81,2.85,1.99,2.15,5.0,2.37,0.0,5.0,4.85,0.0,3.92,2.53,0
2025-11-24T17:18:37.764712,348,student_4_lec_2a96290c_a01f0012,lec_2a96290c,cv101,1,0.95,engaged,58.65,-0.0011,-0.0105,-0.0055,0.0028,-0.0025,-0.0058,-7.53,-137.03,-140.52,535.45,2180.8,-175.52,22.2,6.76,4.25,3.17,0.75,3.33,5.0,1.67,3.24,4.51,2.92,2.05,2.08,5.0,2.43,0.0,5.0,4.92,0.0,3.96,2.72,0
2025-11-24T17:18:38.850595,349,student_4_lec_2a96290c_a01f0012,lec_2a96290c,cv101,1,0.95,engaged,56.0,-0.0008,-0.0028,-0.0054,0.0026,-0.0035,-0.0058,-8.15,-150.94,-137.02,543.02,2188.54,-174.87,20.49,8.02,4.52,3.49,0.48,2.72,5.0,2.28,3.23,4.54,2.97,2.08,2.03,5.0,2.47,0.0,5.0,4.84,0.0,3.99,2.83,0
2025-11-24T17:18:39.935628,350,student_4_lec_2a96290c_a01f0012,lec_2a96290c,cv101,1,0.95,engaged,57.62,-0.0018,-0.0048,-0.0055,0.0037,-0.0022,-0.0058,-7.19,-149.41,-145.19,536.01,2177.16,-174.2,20.74,7.37,4.6,3.56,0.4,3.12,5.0,1.88,3.23,4.31,2.93,2.05,2.07,5.0,2.44,0.0,5.0,4.9,0.0,3.96,2.85,0
2025-11-24T17:18:40.938363,351,student_4_lec_2a96290c_a01f0012,lec_2a96290c,cv101,1,0.95,engaged,57.81,0.0034,-0.0094,-0.0054,0.0023,-0.0021,-0.0057,153.11,-139.84,-142.61,543.45,2181.85,-174.38,21.07,7.52,4.56,3.47,0.44,3.16,5.0,1.84,3.26,4.41,2.92,2.04,2.08,5.0,2.43,0.0,5.0,4.84,0.0,3.96,2.82,0
2025-11-24T17:18:42.018119,352,student_4_lec_2a96290c_a01f0012,lec_2a96290c,cv101,1,0.95,engaged,58.51,0.0028,-0.0049,-0.0055,0.0032,-0.0036,-0.0059,152.35,-143.42,-151.35,524.6,2160.08,-174.28,21.7,7.77,4.45,3.35,0.55,3.31,5.0,1.69,3.27,4.31,2.93,2.05,2.07,5.0,2.44,0.0,5.0,4.97,0.0,3.96,2.78,0
2025-11-24T17:18:43.097794,353,student_4_lec_2a96290c_a01f0012,lec_2a96290c,cv101,1,0.95,engaged,58.02,0.0006,-0.0057,-0.0055,0.0031,-0.0012,-0.0058,162.82,-151.53,-151.67,528.63,2179.89,-174.76,21.33,7.73,4.29,3.26,0.71,3.19,5.0,1.81,3.26,4.66,2.93,2.05,2.07,5.0,2.44,0.0,5.0,4.98,0.0,3.96,2.75,0
2025-11-24T17:18:44.181699,354,student_4_lec_2a96290c_a01f0012,lec_2a96290c,cv101,1,0.95,engaged,59.94,0.0016,-0.0073,-0.0054,0.0027,-0.0025,-0.0057,158.98,-141.38,-145.82,532.38,2175.08,-174.75,23.51,8.1,3.96,2.92,1.04,3.62,5.0,1.38,3.19,4.51,2.9,2.03,2.1,5.0,2.41,0.0,5.0,4.97,0.0,3.95,2.64,0
2025-11-24T17:18:45.269925,355,student_4_lec_2a96290c_a01f0012,lec_2a96290c,cv101,1,0.95,engaged,58.06,0.0014,-0.0046,-0.0055,0.0025,0.0,-0.0058,160.86,19.76,-149.56,515.23,2137.66,-174.98,22.14,5.55,4.5,3.41,0.5,3.19,5.0,1.81,3.28,4.39,2.97,2.08,2.03,5.0,2.48,0.0,5.0,5.0,0.0,3.99,2.8,0
2025-11-24T17:18:46.349497,356,student_4_lec_2a96290c_a01f0012,lec_2a96290c,cv101,1,0.95,engaged,58.06,-0.0008,-0.0055,-0.0055,0.0007,-0.0021,-0.0058,0.85,-147.66,-164.3,507.39,2153.9,-175.21,23.5,6.21,4.33,3.28,0.67,3.24,5.0,1.76,3.31,4.3,2.83,1.98,2.17,5.0,2.36,0.32,4.68,5.0,0.0,3.92,2.76,0
2025-11-24T17:18:47.438215,357,student_4_lec_2a96290c_a01f0012,lec_2a96290c,cv101,1,0.95,engaged,58.62,-0.0007,-0.004,-0.0054,0.0006,-0.0027,-0.0058,0.81,-148.97,-167.4,516.14,2171.32,-176.04,22.4,5.21,3.84,2.83,1.16,3.29,5.0,1.71,3.25,4.65,2.94,2.06,2.06,5.0,2.45,0.0,5.0,5.0,0.0,3.97,2.61,0
2025-11-24T17:18:48.447386,358,student_4_lec_2a96290c_a01f0012,lec_2a96290c,cv101,1,0.95,engaged,58.15,-0.0017,-0.0056,-0.0053,0.0026,-0.0017,-0.0057,-3.18,-148.4,-185.44,513.0,2177.42,-176.12,24.1,3.0,4.05,3.04,0.95,3.25,4.99,1.75,3.3,4.42,2.83,1.98,2.17,5.0,2.35,0.0,5.0,5.0,0.0,3.91,2.68,0
2025-11-24T17:18:49.518027,359,student_4_lec_2a96290c_a01f0012,lec_2a96290c,cv101,1,0.95,engaged,58.86,-0.0067,-0.0034,-0.0054,0.0014,-0.0035,-0.0057,18.7,-148.09,-185.3,525.65,2202.4,-176.49,22.24,2.38,3.95,2.92,1.05,3.34,5.0,1.66,3.28,4.42,2.97,2.08,2.03,5.0,2.47,0.0,5.0,4.94,0.0,3.99,2.64,0
2025-11-24T17:18:50.518474,360,student_4_lec_2a96290c_a01f0012,lec_2a96290c,cv101,1,0.95,engaged,57.4,0.0,-0.0071,-0.0051,0.0023,-0.0003,-0.0056,168.84,-151.2,-215.51,558.95,2234.69,-175.62,23.51,0.54,3.74,2.77,1.26,3.06,5.0,1.94,3.19,4.46,2.8,1.96,2.2,5.0,2.33,0.0,5.0,4.81,0.0,3.9,2.59,0
2025-11-24T17:18:51.597597,361,student_4_lec_2a96290c_a01f0012,lec_2a96290c,cv101,1,0.95,highly_engaged,82.28,-0.0023,-0.0018,-0.005,0.0034,0.0003,-0.0054,-3.76,8.24,-207.21,526.92,2217.45,-178.42,24.04,-0.36,3.59,2.59,1.41,3.22,5.0,1.78,3.27,4.52,2.87,2.01,2.13,5.0,2.39,0.0,5.0,5.0,0.0,3.94,2.53,0
2025-11-24T17:18:52.687652,362,student_4_lec_2a96290c_a01f0012,lec_2a96290c,cv101,1,0.95,engaged,58.39,0.0038,-0.0076,-0.0053,0.003,-0.004,-0.0057,148.41,-134.96,-193.35,540.83,2225.37,-176.19,21.66,1.23,3.88,2.93,1.12,3.26,5.0,1.74,3.2,4.41,2.9,2.03,2.1,5.0,2.42,0.14,4.86,5.0,0.0,3.95,2.64,0
2025-11-24T17:18:53.770518,363,student_4_lec_2a96290c_a01f0012,lec_2a96290c,cv101,1,0.95,engaged,58.45,-0.0046,-0.0054,-0.0052,0.0044,-0.0022,-0.0056,1.57,-146.45,-181.49,552.3,2237.36,-175.87,24.08,3.4,3.78,2.68,1.22,3.29,5.0,1.71,3.2,4.81,2.82,1.97,2.18,5.0,2.35,0.06,4.94,4.76,0.0,3.91,2.56,0
2025-11-24T17:18:54.858579,364,student_4_lec_2a96290c_a01f0012,lec_2a96290c,cv101,1,0.95,engaged,57.86,-0.0036,-0.0039,-0.0054,0.0035,-0.0016,-0.0057,1.31,-154.04,-170.71,553.18,2219.51,-175.92,22.9,4.02,4.1,3.01,0.9,3.19,5.0,1.81,3.21,4.59,2.79,1.95,2.21,5.0,2.33,0.01,4.99,4.85,0.0,3.9,2.67,0
2025-11-24T17:18:55.946752,365,student_4_lec_2a96290c_a01f0012,lec_2a96290c,cv101,1,0.95,engaged,57.95,-0.0027,-0.0034,-0.0054,0.0034,-0.0015,-0.0058,-1.85,-156.93,-172.91,566.63,2246.28,-174.61,20.09,3.41,4.24,3.2,0.76,3.23,4.96,1.77,3.31,4.55,2.84,1.99,2.16,5.0,2.37,0.09,4.91,4.62,0.0,3.9,2.73,0
2025-11-24T17:18:57.035479,366,student_4_lec_2a96290c_a01f0012,lec_2a96290c,cv101,1,0.95,engaged,57.86,-0.0012,-0.0046,-0.0053,0.0031,-0.0024,-0.0057,-8.02,-147.98,190.53,-617.9,-2474.39,-150.7,24.56,-166.38,3.92,2.88,1.08,3.11,5.0,1.89,3.34,4.35,2.96,2.08,2.04,5.0,2.47,0.0,5.0,4.63,0.0,3.98,2.63,0
2025-11-24T17:18:58.042334,367,student_4_lec_2a96290c_a01f0012,lec_2a96290c,cv101,1,0.95,engaged,58.85,0.0006,-0.0059,-0.0053,0.0017,-0.0027,-0.0057,168.65,-143.19,173.01,-610.78,-2466.01,-150.54,24.87,-165.44,3.74,2.69,1.26,3.34,5.0,1.66,3.33,4.31,2.92,2.05,2.08,5.0,2.44,0.0,5.0,4.49,0.0,3.96,2.56,0
2025-11-24T17:18:59.125360,368,student_4_lec_2a96290c_a01f0012,lec_2a96290c,cv101,1,0.95,engaged,56.05,-0.0032,-0.0025,-0.0057,0.001,-0.0028,-0.0059,9.8,-155.94,-104.01,592.83,2287.87,-174.28,11.95,4.74,4.31,3.27,0.69,2.74,5.0,2.26,3.2,4.79,2.91,2.04,2.09,5.0,2.43,0.12,4.88,4.52,0.0,3.96,2.76,0
2025-11-24T17:19:00.202197,369,student_4_lec_2a96290c_a01f0012,lec_2a96290c,cv101,1,0.95,engaged,58.41,-0.0036,-0.0038,-0.0054,0.0031,-0.0009,-0.0058,2.67,-158.3,-165.4,549.05,2181.89,-173.72,19.95,2.7,4.01,3.02,0.99,3.19,5.0,1.81,3.28,4.53,3.1,2.17,1.9,5.0,2.58,0.01,4.99,4.77,0.0,4.05,2.67,0
2025-11-24T17:19:01.291418,370,student_4_lec_2a96290c_a01f0012,lec_2a96290c,cv101,1,0.95,engaged,58.4,-0.0015,-0.007,-0.0052,0.0026,-0.0027,-0.0055,-4.67,-140.09,-178.28,527.37,2214.53,-178.6,23.98,-0.32,3.32,2.36,1.68,3.24,5.0,1.76,3.22,4.44,2.85,2.0,2.15,5.0,2.38,0.03,4.97,5.0,0.0,3.92,2.45,0
2025-11-24T17:19:02.376193,371,student_4_lec_2a96290c_a01f0012,lec_2a96290c,cv101,1,0.95,engaged,60.84,-0.0019,-0.0047,-0.0054,0.0035,-0.0039,-0.0057,-6.39,-142.21,-133.86,494.76,2205.56,-178.56,20.73,2.25,3.5,2.46,1.5,3.75,5.0,1.25,3.19,4.38,3.01,2.1,1.99,5.0,2.51,0.24,4.76,5.0,0.0,4.0,2.49,0
2025-11-24T17:19:03.480618,372,student_4_lec_2a96290c_a01f0012,lec_2a96290c,cv101,1,0.95,engaged,59.19,-0.0026,-0.0046,-0.0055,0.0014,-0.0026,-0.0057,5.82,-147.42,-127.69,489.35,2181.38,-177.2,22.06,2.86,3.57,2.58,1.43,3.37,5.0,1.63,3.22,4.11,3.02,2.11,1.98,5.0,2.52,0.14,4.86,5.0,0.0,4.01,2.53,0
2025-11-24T17:19:04.569492,373,student_4_lec_2a96290c_a01f0012,lec_2a96290c,cv101,1,0.95,engaged,57.82,-0.0011,-0.005,-0.0055,0.0018,-0.0034,-0.0057,-3.18,-143.27,-112.33,494.79,2195.0,-176.81,20.49,2.56,3.96,2.99,1.04,3.11,5.0,1.89,3.27,4.07,2.95,2.06,2.05,5.0,2.46,0.0,5.0,5.0,0.0,3.98,2.66,0
2025-11-24T17:19:05.645349,374,student_4_lec_2a96290c_a01f0012,lec_2a96290c,cv101,1,0.95,engaged,59.22,-0.001,-0.0079,-0.0054,0.0027,-0.004,-0.0056,-7.52,-134.54,-111.94,493.88,2204.93,-178.26,22.61,3.7,3.58,2.58,1.42,3.44,5.0,1.56,3.2,4.28,2.87,2.01,2.13,5.0,2.39,0.27,4.73,5.0,0.0,3.94,2.53,0
2025-11-24T17:19:06.728956,375,student_4_lec_2a96290c_a01f0012,lec_2a96290c,cv101,1,0.95,engaged,59.16,-0.0006,-0.0061,-0.0054,0.0019,-0.0032,-0.0056,-6.23,-140.91,-107.19,485.86,2202.92,-177.59,21.07,3.89,3.78,2.79,1.22,3.48,5.0,1.52,3.23,4.14,2.78,1.94,2.22,5.0,2.31,0.21,4.79,5.0,0.0,3.89,2.6,0
2025-11-24T17:19:07.831500,376,student_4_lec_2a96290c_a01f0012,lec_2a96290c,cv101,1,0.95,engaged,59.03,-0.005,-0.0038,-0.0055,0.0014,-0.0031,-0.0057,14.41,-148.32,-105.08,488.36,2184.79,-176.31,20.91,4.46,3.89,2.87,1.11,3.38,5.0,1.62,3.28,4.4,2.96,2.07,2.04,5.0,2.47,0.17,4.83,5.0,0.0,3.98,2.62,0
2025-11-24T17:19:08.929575,377,student_4_lec_2a96290c_a01f0012,lec_2a96290c,cv101,1,0.95,engaged,57.27,-0.0035,-0.0043,-0.0054,0.0014,-0.0044,-0.0057,9.73,-141.95,-111.42,507.86,2226.21,-177.66,18.92,3.44,3.81,2.86,1.19,2.99,5.0,2.01,3.21,4.5,2.91,2.03,2.09,5.0,2.42,0.09,4.91,5.0,0.0,3.96,2.62,0
2025-11-24T17:19:09.985244,378,student_4_lec_2a96290c_a01f0012,lec_2a96290c,cv101,1,0.95,engaged,59.27,-0.0022,-0.0041,-0.0055,0.0026,-0.0042,-0.0057,-1.39,-143.54,-115.99,501.85,2209.88,-177.33,19.85,3.47,3.74,2.75,1.26,3.42,5.0,1.58,3.23,4.28,2.97,2.08,2.03,5.0,2.48,0.1,4.9,5.0,0.0,3.99,2.58,0
2025-11-24T17:19:11.066465,379,student_4_lec_2a96290c_a01f0012,lec_2a96290c,cv101,1,0.95,engaged,63.01,-0.0043,-0.0049,-0.0055,0.0029,-0.0055,-0.0055,5.04,-136.75,-26.38,480.6,2187.36,-176.87,8.31,1.73,3.19,2.12,1.81,4.23,5.0,0.77,3.3,4.19,2.99,2.09,2.01,5.0,2.49,0.01,4.99,5.0,0.0,4.0,2.37,0
2025-11-24T17:19:12.160553,380,student_4_lec_2a96290c_a01f0012,lec_2a96290c,cv101,1,0.95,engaged,63.28,-0.0045,-0.0045,-0.0059,-0.0012,-0.0084,-0.0054,-155.16,-132.55,-191.7,-560.29,-2379.25,-161.81,-31.79,175.75,3.12,2.15,1.88,4.37,5.0,0.63,3.07,4.82,2.81,1.97,2.19,5.0,2.34,0.01,4.99,5.0,0.0,3.91,2.38,0
2025-11-24T17:19:13.241396,381,student_4_lec_2a96290c_a01f0012,lec_2a96290c,cv101,1,0.95,engaged,63.66,-0.0036,-0.0041,-0.0058,0.0004,-0.0017,-0.0053,13.82,-153.35,-204.02,-542.69,-2372.46,-161.02,-30.43,174.19,2.87,1.97,2.13,4.43,5.0,0.57,3.15,4.48,2.85,1.99,2.15,5.0,2.37,0.05,4.95,5.0,0.0,3.92,2.32,0
2025-11-24T17:19:14.250421,382,student_4_lec_2a96290c_a01f0012,lec_2a96290c,cv101,1,0.95,engaged,63.2,-0.0037,-0.0034,-0.0059,-0.0043,-0.0029,-0.0053,-144.41,-150.55,195.32,481.76,2156.6,175.2,-19.39,2.5,2.38,1.59,2.62,4.23,5.0,0.77,3.01,4.67,3.01,2.1,1.99,5.0,2.5,0.0,5.0,5.0,0.0,4.0,2.2,0
2025-11-24T17:19:15.322368,383,student_4_lec_2a96290c_a01f0012,lec_2a96290c,cv101,1,0.95,engaged,64.73,-0.0054,-0.0032,-0.0058,-0.01,-0.0072,-0.0053,-127.41,-138.51,-201.76,-531.22,-2367.13,-159.84,-27.22,171.39,2.52,1.69,2.48,4.63,5.0,0.37,3.19,4.31,2.91,2.04,2.09,5.0,2.42,0.0,5.0,5.0,0.0,3.96,2.23,0
2025-11-24T17:19:16.413322,384,student_4_lec_2a96290c_a01f0012,lec_2a96290c,cv101,1,0.95,engaged,63.34,-0.007,-0.0035,-0.0058,-0.0093,-0.0048,-0.0053,-124.38,-143.24,-202.66,-544.67,-2385.83,-159.28,-27.38,170.65,2.42,1.64,2.58,4.31,5.0,0.69,3.16,4.2,2.9,2.03,2.1,5.0,2.41,0.03,4.97,5.0,0.0,3.95,2.21,0
2025-11-24T17:19:17.511401,385,student_4_lec_2a96290c_a01f0012,lec_2a96290c,cv101,1,0.95,engaged,62.64,-0.0048,-0.0029,-0.0058,-0.0046,-0.0036,-0.0053,-139.5,-149.78,-204.83,-517.54,-2348.2,-161.34,-31.11,169.21,2.47,1.67,2.53,4.14,5.0,0.86,3.14,4.53,2.92,2.04,2.08,5.0,2.43,0.0,5.0,5.0,0.0,3.96,2.22,0
2025-11-24T17:19:18.585515,386,student_4_lec_2a96290c_a01f0012,lec_2a96290c,cv101,1,0.95,engaged,63.79,-0.0029,-0.0041,-0.006,-0.0017,-0.0054,-0.0055,-158.68,-140.43,-200.72,-516.06,-2364.78,-162.76,-29.7,170.59,2.26,1.45,2.74,4.41,5.0,0.59,3.06,4.63,2.87,2.01,2.13,5.0,2.4,0.0,5.0,5.0,0.0,3.94,2.15,0
2025-11-24T17:19:19.678652,387,student_4_lec_2a96290c_a01f0012,lec_2a96290c,cv101,1,0.95,engaged,64.12,-0.0048,-0.0023,-0.0057,-0.0072,-0.0054,-0.0052,-132.92,-146.24,-194.46,-525.29,-2364.74,-160.08,-28.67,169.29,2.17,1.39,2.83,4.45,5.0,0.55,3.22,4.4,2.95,2.06,2.05,5.0,2.45,0.0,5.0,5.0,0.0,3.98,2.13,0
2025-11-24T17:19:20.762623,388,student_4_lec_2a96290c_a01f0012,lec_2a96290c,cv101,1,0.95,engaged,63.13,-0.0042,-0.0029,-0.0057,-0.0036,-0.0067,-0.0053,-144.94,-140.82,-192.64,-530.84,-2379.13,-160.25,-28.33,169.25,2.36,1.56,2.64,4.25,5.0,0.75,3.13,4.32,2.91,2.03,2.09,5.0,2.42,0.16,4.84,5.0,0.0,3.96,2.19,0
2025-11-24T17:19:21.856935,389,student_4_lec_2a96290c_a01f0012,lec_2a96290c,cv101,1,0.95,engaged,63.56,-0.0036,-0.0033,-0.0058,0.0005,-0.0063,-0.0054,13.24,-140.43,178.84,480.12,2139.13,179.38,-20.54,-1.1,2.24,1.47,2.76,4.31,5.0,0.69,3.14,4.58,2.99,2.09,2.01,5.0,2.49,0.08,4.92,5.0,0.0,4.0,2.16,0
2025-11-24T17:19:22.937420,390,student_4_lec_2a96290c_a01f0012,lec_2a96290c,cv101,1,0.95,engaged,63.96,-0.0028,-0.0033,-0.0058,-0.0048,-0.005,-0.0053,-145.97,-143.8,-189.02,-518.21,-2369.36,-161.29,-27.1,169.56,2.07,1.26,2.93,4.45,5.0,0.55,3.19,4.34,2.84,1.99,2.16,5.0,2.37,0.04,4.96,5.0,0.0,3.92,2.09,0
2025-11-24T17:19:24.026300,391,student_4_lec_2a96290c_a01f0012,lec_2a96290c,cv101,1,0.95,engaged,62.18,-0.0051,-0.0029,-0.0059,-0.0021,-0.0099,-0.0054,-149.12,-136.41,-189.55,-552.2,-2408.92,-160.3,-25.34,169.23,2.26,1.45,2.74,4.05,5.0,0.95,3.16,4.34,2.84,1.99,2.16,5.0,2.36,0.03,4.97,5.0,0.0,3.92,2.15,0
2025-11-24T17:19:25.128411,392,student_4_lec_2a96290c_a01f0012,lec_2a96290c,cv101,1,0.95,engaged,62.68,-0.0048,-0.0027,-0.0057,-0.0011,-0.0069,-0.0053,-154.44,-141.11,181.92,491.42,2144.41,179.88,-21.88,-1.16,2.32,1.58,2.68,4.13,5.0,0.87,3.16,4.42,2.95,2.06,2.05,5.0,2.46,0.0,5.0,5.0,0.0,3.98,2.19,0
2025-11-24T17:19:26.128388,393,student_4_lec_2a96290c_a01f0012,lec_2a96290c,cv101,1,0.95,engaged,63.02,-0.0032,-0.0027,-0.0058,-0.0056,-0.0037,-0.0053,-142.47,-150.32,-189.1,-523.11,-2377.83,-160.8,-28.38,168.5,2.29,1.51,2.71,4.21,5.0,0.79,3.17,4.37,2.94,2.06,2.06,5.0,2.45,0.0,5.0,5.0,0.0,3.97,2.17,0
2025-11-24T17:19:27.193941,394,student_4_lec_2a96290c_a01f0012,lec_2a96290c,cv101,1,0.95,engaged,63.03,-0.0039,-0.0031,-0.0058,-0.0055,-0.0064,-0.0054,-140.17,-141.04,180.88,498.72,2172.84,179.93,-20.6,-1.74,2.25,1.43,2.75,4.23,5.0,0.77,3.13,4.55,2.88,2.01,2.12,5.0,2.4,0.06,4.94,5.0,0.0,3.94,2.14,0
2025-11-24T17:19:28.293357,395,student_4_lec_2a96290c_a01f0012,lec_2a96290c,cv101,1,0.95,engaged,61.64,-0.0051,-0.0027,-0.0057,-0.0029,-0.0065,-0.0053,-144.93,-142.13,-186.99,-553.08,-2399.54,-158.68,-25.52,168.7,2.28,1.45,2.72,3.9,5.0,1.1,3.17,4.36,2.9,2.03,2.1,5.0,2.42,0.12,4.88,5.0,0.0,3.95,2.15,0
2025-11-24T17:19:29.377168,396,student_4_lec_2a96290c_a01f0012,lec_2a96290c,cv101,1,0.95,engaged,64.05,-0.0035,-0.0033,-0.0057,0.0002,-0.0075,-0.0052,14.94,-137.35,-189.59,-525.26,-2369.74,-161.46,-29.3,169.08,2.23,1.39,2.77,4.45,5.0,0.55,3.17,4.47,2.91,2.04,2.09,5.0,2.42,0.12,4.88,5.0,0.0,3.96,2.13,0
2025-11-24T17:19:30.461580,397,student_4_lec_2a96290c_a01f0012,lec_2a96290c,cv101,1,0.95,engaged,63.45,-0.0033,-0.0023,-0.0057,-0.0028,-0.0049,-0.0053,-151.14,-147.68,-189.56,-518.5,-2351.67,-161.74,-30.42,168.59,2.15,1.35,2.85,4.35,5.0,0.65,3.22,4.36,2.81,1.97,2.19,5.0,2.35,0.0,5.0,5.0,0.0,3.91,2.12,0
2025-11-24T17:19:31.545566,398,student_4_lec_2a96290c_a01f0012,lec_2a96290c,cv101,1,0.95,engaged,64.4,-0.005,-0.0046,-0.0058,-0.002,-0.0082,-0.0054,-149.44,-132.21,-190.05,-547.68,-2400.58,-159.54,-26.59,169.1,2.09,1.22,2.91,4.54,5.0,0.46,3.18,4.36,2.86,2.0,2.14,5.0,2.38,0.05,4.95,5.0,0.0,3.93,2.07,0
2025-11-24T17:19:32.549412,399,student_4_lec_2a96290c_a01f0012,lec_2a96290c,cv101,1,0.95,engaged,63.8,-0.0048,-0.002,-0.0056,-0.0018,-0.0031,-0.0052,-149.97,-154.56,-191.83,-534.06,-2383.29,-161.31,-28.61,169.34,2.22,1.4,2.78,4.38,5.0,0.62,3.18,4.39,2.94,2.06,2.06,5.0,2.45,0.09,4.91,5.0,0.0,3.97,2.13,0
2025-11-24T17:19:33.635760,400,student_4_lec_2a96290c_a01f0012,lec_2a96290c,cv101,1,0.95,engaged,62.87,-0.0063,-0.0023,-0.0057,-0.0029,-0.0038,-0.0053,-141.98,-150.94,-188.3,-521.06,-2352.13,-160.32,-29.06,168.8,2.3,1.45,2.7,4.19,5.0,0.81,3.22,4.43,2.89,2.03,2.11,5.0,2.41,0.05,4.95,5.0,0.0,3.95,2.15,0
2025-11-24T17:19:34.714578,401,student_4_lec_2a96290c_a01f0012,lec_2a96290c,cv101,1,0.95,engaged,63.74,-0.0063,-0.0028,-0.0058,-0.0003,-0.0044,-0.0053,-154.68,-147.23,-189.08,-524.85,-2369.16,-160.53,-27.51,169.4,2.3,1.45,2.7,4.39,5.0,0.61,3.23,4.34,2.89,2.02,2.11,5.0,2.41,0.03,4.97,5.0,0.0,3.95,2.15,0
2025-11-24T17:19:35.800422,402,student_4_lec_2a96290c_a01f0012,lec_2a96290c,cv101,1,0.95,engaged,63.0,-0.0054,-0.0036,-0.0058,-0.0001,-0.0064,-0.0054,-158.01,-139.18,-192.5,-549.82,-2412.46,-160.16,-26.42,169.16,2.19,1.33,2.81,4.21,5.0,0.79,3.22,4.38,2.89,2.02,2.11,5.0,2.41,0.05,4.95,5.0,0.0,3.95,2.11,0
2025-11-24T17:19:36.889963,403,student_4_lec_2a96290c_a01f0012,lec_2a96290c,cv101,1,0.95,engaged,62.99,-0.0061,-0.0019,-0.0056,-0.0021,-0.0032,-0.0051,-144.92,-154.51,-194.69,-531.03,-2367.4,-160.02,-29.32,168.72,2.26,1.45,2.74,4.19,5.0,0.81,3.25,4.38,2.96,2.07,2.04,5.0,2.47,0.0,5.0,5.0,0.0,3.98,2.15,0
2025-11-24T17:19:37.982516,404,student_4_lec_2a96290c_a01f0012,lec_2a96290c,cv101,1,0.95,engaged,63.68,-0.0064,-0.0025,-0.0057,-0.0014,-0.0014,-0.0053,-148.6,-161.09,-195.29,-527.01,-2373.53,-160.77,-29.55,169.1,2.26,1.43,2.74,4.38,5.0,0.62,3.2,4.33,2.88,2.01,2.12,5.0,2.4,0.1,4.9,5.0,0.0,3.94,2.14,0
2025-11-24T17:19:39.048692,405,student_4_lec_2a96290c_a01f0012,lec_2a96290c,cv101,1,0.95,engaged,64.36,-0.0061,-0.0033,-0.0057,-0.0028,-0.0037,-0.0052,-142.5,-147.51,-193.68,-531.55,-2377.82,-159.61,-28.26,169.01,2.34,1.49,2.66,4.53,5.0,0.47,3.23,4.36,2.91,2.04,2.09,5.0,2.43,0.0,5.0,5.0,0.0,3.96,2.16,0
2025-11-24T17:19:40.137831,406,student_4_lec_2a96290c_a01f0012,lec_2a96290c,cv101,1,0.95,engaged,62.2,-0.0059,-0.004,-0.0056,-0.0033,-0.0041,-0.0052,-141.03,-143.4,-190.88,-555.66,-2414.07,-158.94,-26.48,168.78,2.25,1.41,2.75,4.05,5.0,0.95,3.22,4.23,2.85,2.0,2.15,5.0,2.38,0.09,4.91,5.0,0.0,3.92,2.14,0
2025-11-24T17:19:41.224922,407,student_4_lec_2a96290c_a01f0012,lec_2a96290c,cv101,1,0.95,engaged,62.9,-0.0065,-0.0023,-0.0057,-0.0008,-0.0026,-0.0052,-151.33,-155.66,-192.9,-535.13,-2379.97,-160.47,-28.77,169.04,2.34,1.5,2.66,4.19,5.0,0.81,3.24,4.4,2.92,2.05,2.08,5.0,2.44,0.0,5.0,5.0,0.0,3.96,2.17,0
2025-11-24T17:19:42.327546,408,student_4_lec_2a96290c_a01f0012,lec_2a96290c,cv101,1,0.95,engaged,63.28,-0.0048,-0.0034,-0.0058,-0.004,-0.006,-0.0053,-141.96,-140.69,-197.21,-531.18,-2369.58,-159.38,-28.02,169.54,2.29,1.43,2.71,4.29,5.0,0.71,3.29,4.39,2.87,2.01,2.13,5.0,2.39,0.0,5.0,5.0,0.0,3.94,2.14,0
2025-11-24T17:19:43.445059,409,student_4_lec_2a96290c_a01f0012,lec_2a96290c,cv101,1,0.95,engaged,62.27,-0.0057,-0.0039,-0.0057,-0.0002,-0.0047,-0.0053,-156.29,-141.91,-192.78,-549.66,-2399.81,-158.8,-27.12,169.09,2.34,1.5,2.66,4.06,5.0,0.94,3.23,4.29,2.88,2.02,2.12,5.0,2.4,0.0,5.0,5.0,0.0,3.94,2.17,0
2025-11-24T17:19:44.496090,410,student_4_lec_2a96290c_a01f0012,lec_2a96290c,cv101,1,0.95,engaged,64.22,-0.0053,-0.0022,-0.0056,-0.0051,-0.0045,-0.0052,-136.18,-149.11,-181.7,-549.53,-2389.51,-159.28,-26.25,169.92,2.47,1.61,2.53,4.49,5.0,0.51,3.19,4.44,2.95,2.06,2.05,5.0,2.45,0.1,4.9,5.0,0.0,3.98,2.2,0
2025-11-24T17:19:45.579610,411,student_4_lec_2a96290c_a01f0012,lec_2a96290c,cv101,1,0.95,engaged,63.5,-0.004,-0.002,-0.0058,-0.0011,0.0008,-0.0055,-156.88,5.1,-138.9,-547.38,-2409.18,-159.75,-21.78,170.77,2.62,1.8,2.38,4.26,5.0,0.74,3.26,4.47,3.14,2.2,1.86,5.0,2.61,0.18,4.82,5.0,0.0,4.07,2.27,0
2025-11-24T17:19:46.669262,412,student_4_lec_2a96290c_a01f0012,lec_2a96290c,cv101,1,0.95,engaged,64.58,-0.0045,-0.0034,-0.0059,0.0015,-0.0009,-0.0055,10.84,-160.33,-173.7,-551.63,-2407.78,-159.91,-24.95,171.79,2.64,1.71,2.36,4.58,5.0,0.42,3.24,4.52,2.96,2.08,2.04,5.0,2.47,0.09,4.91,5.0,0.0,3.98,2.24,0
2025-11-24T17:19:47.753392,413,student_4_lec_2a96290c_a01f0012,lec_2a96290c,cv101,1,0.95,engaged,63.9,-0.0036,-0.005,-0.0058,0.0007,-0.0034,-0.0054,12.4,-143.54,-190.32,-574.44,-2433.89,-159.37,-26.17,171.7,2.63,1.71,2.37,4.45,5.0,0.55,3.25,4.48,2.89,2.02,2.11,5.0,2.41,0.33,4.67,4.85,0.0,3.95,2.24,0
2025-11-24T17:19:48.762620,414,student_4_lec_2a96290c_a01f0012,lec_2a96290c,cv101,1,0.95,engaged,63.01,-0.0048,-0.004,-0.0056,-0.0026,0.0012,-0.0051,-145.92,11.28,-196.76,-560.22,-2404.74,-158.55,-27.76,171.65,2.69,1.78,2.31,4.22,5.0,0.78,3.32,4.26,2.96,2.07,2.04,5.0,2.47,0.34,4.66,5.0,0.0,3.98,2.26,0
2025-11-24T17:19:49.833559,415,student_4_lec_2a96290c_a01f0012,lec_2a96290c,cv101,1,0.95,engaged,63.78,-0.004,-0.004,-0.0058,-0.0039,-0.0014,-0.0053,-144.49,-155.22,-200.35,-546.86,-2363.5,-157.54,-27.45,171.67,2.64,1.75,2.36,4.37,5.0,0.63,3.32,4.27,3.02,2.12,1.98,5.0,2.52,0.07,4.93,5.0,0.0,4.01,2.25,0
2025-11-24T17:19:50.927356,416,student_4_lec_2a96290c_a01f0012,lec_2a96290c,cv101,1,0.95,engaged,64.11,-0.0052,-0.0039,-0.0056,-0.0012,-0.0012,-0.0052,-152.36,-156.26,-208.66,-566.58,-2396.63,-157.27,-28.04,171.8,2.8,1.85,2.2,4.53,5.0,0.47,3.29,4.3,2.84,1.99,2.16,5.0,2.36,0.36,4.64,4.93,0.0,3.92,2.28,0
2025-11-24T17:19:52.015781,417,student_4_lec_2a96290c_a01f0012,lec_2a96290c,cv101,1,0.95,engaged,64.38,-0.0056,-0.0037,-0.0056,-0.0012,-0.0002,-0.0052,-150.64,-162.51,-214.21,-571.22,-2417.61,-159.19,-29.47,173.0,3.05,2.08,1.95,4.58,5.0,0.42,3.26,4.31,2.91,2.04,2.09,5.0,2.43,0.33,4.67,5.0,0.0,3.96,2.36,0
2025-11-24T17:19:53.104550,418,student_4_lec_2a96290c_a01f0012,lec_2a96290c,cv101,1,0.95,engaged,61.97,-0.0051,-0.0027,-0.0057,-0.0044,-0.0011,-0.0052,-138.99,-161.11,204.83,480.38,2150.77,178.53,-20.64,2.2,2.64,1.84,2.36,3.99,5.0,1.01,3.16,4.73,2.94,2.06,2.06,5.0,2.45,0.04,4.96,5.0,0.0,3.97,2.28,0
2025-11-24T17:19:54.192530,419,student_4_lec_2a96290c_a01f0012,lec_2a96290c,cv101,1,0.95,engaged,62.66,-0.0053,-0.0022,-0.0058,-0.0049,-0.0018,-0.0054,-137.9,-160.15,-219.9,-519.8,-2354.5,-160.51,-31.71,172.22,2.72,1.85,2.28,4.18,5.0,0.82,3.25,4.35,2.87,2.01,2.13,5.0,2.39,0.04,4.96,5.0,0.0,3.94,2.28,0
2025-11-24T17:19:55.275452,420,student_4_lec_2a96290c_a01f0012,lec_2a96290c,cv101,1,0.95,engaged,63.6,-0.0052,-0.0048,-0.0058,-0.0023,-0.0037,-0.0054,-147.85,-143.06,-227.03,-554.86,-2394.55,-159.44,-28.23,173.36,2.69,1.75,2.31,4.4,5.0,0.6,3.25,4.32,2.85,2.0,2.15,5.0,2.38,0.02,4.98,5.0,0.0,3.92,2.25,0
2025-11-24T17:19:56.377767,421,student_4_lec_2a96290c_a01f0012,lec_2a96290c,cv101,1,0.95,engaged,64.74,-0.0048,-0.0027,-0.0057,-0.0032,0.0001,-0.0052,-144.29,11.99,-219.23,-542.77,-2362.17,-160.04,-30.28,172.81,2.9,1.97,2.1,4.62,5.0,0.38,3.24,4.54,2.99,2.09,2.01,5.0,2.49,0.05,4.95,5.0,0.0,4.0,2.32,0
2025-11-24T17:19:57.461574,422,student_4_lec_2a96290c_a01f0012,lec_2a96290c,cv101,1,0.95,engaged,64.14,-0.0065,-0.0041,-0.0058,0.0016,-0.0028,-0.0056,16.25,-149.34,39.5,482.45,2143.86,-178.39,0.71,-0.33,2.67,1.76,2.33,4.44,5.0,0.56,3.25,4.31,3.05,2.13,1.95,5.0,2.54,0.0,5.0,5.0,0.0,4.03,2.25,0
2025-11-24T17:19:58.541785,423,student_4_lec_2a96290c_a01f0012,lec_2a96290c,cv101,1,0.95,engaged,63.55,-0.0045,-0.0025,-0.0058,0.0016,-0.0013,-0.0055,10.65,-161.4,142.38,500.91,2184.73,179.04,-16.91,1.98,2.89,2.05,2.11,4.34,5.0,0.66,3.21,4.57,3.02,2.11,1.98,5.0,2.52,0.0,5.0,5.0,0.0,4.01,2.35,0
2025-11-24T17:19:59.543531,424,student_4_lec_2a96290c_a01f0012,lec_2a96290c,cv101,1,0.95,engaged,65.16,-0.0067,-0.0044,-0.0057,0.0018,-0.0035,-0.0055,15.6,-144.71,79.94,490.43,2182.95,178.84,-8.0,2.25,2.58,1.68,2.42,4.63,5.0,0.37,3.16,4.51,3.15,2.21,1.85,5.0,2.63,0.24,4.76,5.0,0.0,4.08,2.23,0
2025-11-24T17:20:00.640707,425,student_4_lec_2a96290c_a01f0012,lec_2a96290c,cv101,1,0.95,engaged,65.16,-0.0045,-0.0032,-0.0058,0.0006,-0.0011,-0.0054,15.67,-159.75,-180.59,-533.21,-2379.06,-162.16,-29.16,174.41,3.19,2.25,1.81,4.75,5.0,0.25,3.22,4.48,2.97,2.08,2.03,5.0,2.48,0.04,4.96,5.0,0.0,3.99,2.42,0
2025-11-24T17:20:01.715363,426,student_4_lec_2a96290c_a01f0012,lec_2a96290c,cv101,1,0.95,highly_engaged,77.2,-0.004,-0.0036,-0.0058,0.0005,0.0005,-0.0054,14.51,13.17,-190.93,-541.43,-2368.6,-158.47,-26.74,173.8,3.03,2.13,1.97,4.73,5.0,0.27,3.3,4.24,3.02,2.12,1.98,5.0,2.52,0.09,4.91,5.0,0.0,4.01,2.38,0
2025-11-24T17:20:02.792390,427,student_4_lec_2a96290c_a01f0012,lec_2a96290c,cv101,1,0.95,engaged,63.4,-0.0052,-0.0044,-0.0058,-0.0015,-0.001,-0.0054,-151.17,-156.43,-204.7,-546.69,-2371.11,-158.04,-29.02,173.54,3.11,2.2,1.89,4.35,5.0,0.65,3.24,4.38,2.94,2.06,2.06,5.0,2.45,0.0,5.0,5.0,0.0,3.97,2.4,0
2025-11-24T17:20:03.897858,428,student_4_lec_2a96290c_a01f0012,lec_2a96290c,cv101,1,0.95,engaged,63.91,-0.007,-0.0035,-0.0056,-0.0012,-0.0037,-0.0053,-148.27,-146.61,120.29,483.79,2164.86,176.92,-18.35,2.94,2.74,1.86,2.26,4.41,5.0,0.59,3.13,4.58,3.02,2.11,1.98,5.0,2.51,0.0,5.0,5.0,0.0,4.01,2.29,0
2025-11-24T17:20:04.905763,429,student_4_lec_2a96290c_a01f0012,lec_2a96290c,cv101,1,0.95,engaged,64.23,-0.0057,-0.0034,-0.0057,0.0011,-0.0034,-0.0055,16.89,-148.44,76.14,477.29,2167.37,179.22,-7.87,0.5,2.64,1.73,2.36,4.43,5.0,0.57,3.13,4.62,3.12,2.18,1.88,5.0,2.6,0.0,5.0,5.0,0.0,4.06,2.24,0
2025-11-24T17:20:05.966310,430,student_4_lec_2a96290c_a01f0012,lec_2a96290c,cv101,1,0.95,engaged,63.94,-0.0069,-0.0044,-0.0058,0.0004,-0.0093,-0.0056,23.19,-132.0,47.16,475.08,2160.6,-179.42,-0.95,-0.77,2.5,1.58,2.5,4.38,5.0,0.62,3.17,4.56,3.05,2.13,1.95,5.0,2.54,0.0,5.0,5.0,0.0,4.03,2.19,0
2025-11-24T17:20:07.042482,431,student_4_lec_2a96290c_a01f0012,lec_2a96290c,cv101,1,0.95,engaged,63.59,-0.0023,-0.0027,-0.0059,0.0008,-0.0022,-0.0057,6.52,-156.93,128.4,513.99,2213.01,178.5,-15.79,1.27,2.7,1.89,2.3,4.39,5.0,0.61,3.25,4.65,2.89,2.02,2.11,5.0,2.41,0.11,4.89,5.0,0.0,3.95,2.3,0
2025-11-24T17:20:08.043815,432,student_4_lec_2a96290c_a01f0012,lec_2a96290c,cv101,1,0.95,engaged,64.37,-0.0065,-0.0039,-0.0058,-0.0002,-0.0061,-0.0056,-155.11,-139.48,62.49,495.16,2188.72,-179.84,-1.63,-0.76,2.75,1.85,2.25,4.47,5.0,0.53,3.13,4.54,3.13,2.19,1.87,5.0,2.61,0.0,5.0,5.0,0.0,4.06,2.28,0
2025-11-24T17:20:09.130410,433,student_4_lec_2a96290c_a01f0012,lec_2a96290c,cv101,1,0.95,engaged,64.85,-0.0058,-0.0028,-0.0057,0.0001,-0.005,-0.0056,21.95,-146.07,14.01,480.57,2153.38,-178.26,6.04,-2.44,2.41,1.55,2.59,4.57,5.0,0.43,3.2,4.4,3.1,2.17,1.9,5.0,2.58,0.0,5.0,5.0,0.0,4.05,2.18,0
2025-11-24T17:20:10.128213,434,student_4_lec_2a96290c_a01f0012,lec_2a96290c,cv101,1,0.95,engaged,63.55,-0.003,-0.003,-0.0056,0.0005,-0.0038,-0.0056,11.67,-149.0,29.13,483.66,2193.1,-179.38,0.85,-2.36,2.64,1.84,2.36,4.3,5.0,0.7,3.21,4.31,3.08,2.15,1.92,5.0,2.56,0.0,5.0,5.0,0.0,4.04,2.28,0
2025-11-24T17:20:11.195578,435,student_4_lec_2a96290c_a01f0012,lec_2a96290c,cv101,1,0.95,engaged,59.78,-0.0038,-0.0025,-0.0053,0.0024,-0.0036,-0.0056,6.21,-151.37,-155.12,501.88,2173.34,-179.33,21.45,-5.36,2.87,2.02,2.13,3.47,5.0,1.53,3.21,4.26,3.01,2.1,1.99,5.0,2.51,0.0,5.0,5.0,0.0,4.0,2.34,0
2025-11-24T17:20:12.298240,436,student_4_lec_2a96290c_a01f0012,lec_2a96290c,cv101,1,0.95,engaged,58.69,-0.0037,-0.0031,-0.0054,0.0009,-0.0025,-0.0057,12.82,-153.02,-189.52,496.04,2162.72,-178.59,21.78,-6.22,2.72,1.81,2.28,3.18,5.0,1.82,3.28,4.46,3.05,2.13,1.95,5.0,2.54,0.0,5.0,5.0,0.0,4.03,2.27,0
2025-11-24T17:20:13.379642,437,student_4_lec_2a96290c_a01f0012,lec_2a96290c,cv101,1,0.95,engaged,62.75,-0.0019,-0.0034,-0.0056,0.0023,-0.0046,-0.0056,-1.55,-145.04,-73.92,519.41,2202.14,-177.4,1.13,-4.65,1.97,1.09,3.03,4.08,5.0,0.92,3.26,4.32,3.02,2.12,1.98,5.0,2.52,0.17,4.83,5.0,0.0,4.01,2.03,0
2025-11-24T17:20:14.380354,438,student_4_lec_2a96290c_a01f0012,lec_2a96290c,cv101,1,0.95,engaged,58.14,-0.0048,-0.0045,-0.0053,0.0,-0.0044,-0.0056,20.99,-140.81,-178.77,545.28,2235.88,-178.54,17.46,-5.93,2.93,2.04,2.07,3.09,5.0,1.91,3.26,4.64,3.01,2.1,1.99,5.0,2.5,0.0,5.0,4.98,0.0,4.0,2.35,0
2025-11-24T17:20:15.376584,439,student_4_lec_2a96290c_a01f0012,lec_2a96290c,cv101,1,0.95,engaged,62.9,-0.002,-0.0021,-0.0057,0.0087,-0.0048,-0.0054,-19.47,-149.23,59.75,479.87,2164.65,177.05,-20.02,0.08,2.62,1.78,2.38,4.11,5.0,0.89,3.13,4.84,3.16,2.21,1.84,5.0,2.63,0.0,5.0,5.0,0.0,4.08,2.26,0
2025-11-24T17:20:16.455119,440,student_4_lec_2a96290c_a01f0012,lec_2a96290c,cv101,1,0.95,engaged,63.69,-0.0042,-0.0017,-0.0055,0.0032,-0.0018,-0.0054,3.14,-162.25,5.89,502.33,2192.33,-179.28,-6.6,-2.58,2.39,1.57,2.61,4.34,5.0,0.66,3.24,4.37,3.01,2.11,1.99,5.0,2.51,0.0,5.0,5.0,0.0,4.0,2.19,0
2025-11-24T17:20:17.541674,441,student_4_lec_2a96290c_a01f0012,lec_2a96290c,cv101,1,0.95,engaged,65.73,-0.007,-0.0044,-0.0056,0.0004,-0.0052,-0.0055,23.38,-139.22,12.14,479.83,2174.96,178.05,-7.21,-0.7,2.23,1.35,2.77,4.77,5.0,0.23,3.12,4.53,3.07,2.15,1.93,5.0,2.56,0.0,5.0,5.0,0.0,4.04,2.12,0
2025-11-24T17:20:18.624789,442,student_4_lec_2a96290c_a01f0012,lec_2a96290c,cv101,1,0.95,engaged,62.23,-0.0093,-0.0039,-0.0054,0.0002,-0.0064,-0.0055,28.84,-137.49,-100.79,479.19,2157.23,179.96,13.82,-4.23,2.17,1.37,2.83,3.96,5.0,1.04,3.19,4.35,3.07,2.15,1.93,5.0,2.56,0.0,5.0,5.0,0.0,4.04,2.12,0
2025-11-24T17:20:19.712672,443,student_4_lec_2a96290c_a01f0012,lec_2a96290c,cv101,1,0.95,engaged,62.82,-0.0037,-0.0031,-0.0055,0.0026,-0.0053,-0.0055,4.36,-143.19,-73.85,481.28,2189.69,179.69,8.42,-3.6,2.43,1.57,2.57,4.13,5.0,0.87,3.17,4.32,3.03,2.12,1.97,5.0,2.52,0.15,4.85,5.0,0.0,4.01,2.19,0
2025-11-24T17:20:20.795669,444,student_4_lec_2a96290c_a01f0012,lec_2a96290c,cv101,1,0.95,engaged,63.39,-0.0052,-0.0037,-0.0056,0.0027,-0.0048,-0.0056,8.45,-143.07,-25.87,490.43,2186.07,-178.26,1.06,-3.83,2.24,1.47,2.76,4.27,5.0,0.73,3.25,4.28,2.99,2.1,2.01,5.0,2.5,0.05,4.95,5.0,0.0,4.0,2.16,0
2025-11-24T17:20:21.881020,445,student_4_lec_2a96290c_a01f0012,lec_2a96290c,cv101,1,0.95,engaged,63.72,-0.0035,-0.0034,-0.0057,0.0033,-0.0035,-0.0056,0.51,-148.44,-3.18,496.4,2194.04,-179.28,-2.01,-2.85,2.23,1.39,2.77,4.34,5.0,0.66,3.25,4.42,2.99,2.09,2.01,5.0,2.49,0.0,5.0,5.0,0.0,4.0,2.13,0
2025-11-24T17:20:22.976662,446,student_4_lec_2a96290c_a01f0012,lec_2a96290c,cv101,1,0.95,engaged,63.81,-0.0027,-0.0029,-0.0058,0.0015,-0.0027,-0.0056,4.85,-153.89,39.5,496.44,2202.86,-179.79,-8.92,-0.84,2.51,1.7,2.49,4.35,5.0,0.65,3.18,4.41,3.07,2.15,1.93,5.0,2.56,0.0,5.0,5.0,0.0,4.04,2.23,0
2025-11-24T17:20:24.052394,447,student_4_lec_2a96290c_a01f0012,lec_2a96290c,cv101,1,0.95,engaged,63.29,-0.0062,-0.0027,-0.0055,0.0028,-0.0047,-0.0055,10.52,-146.66,-55.4,493.86,2175.48,-178.06,8.89,-3.1,2.28,1.39,2.72,4.22,5.0,0.78,3.25,4.23,3.04,2.13,1.96,5.0,2.54,0.0,5.0,5.0,0.0,4.02,2.13,0
2025-11-24T17:20:25.141002,448,student_4_lec_2a96290c_a01f0012,lec_2a96290c,cv101,1,0.95,engaged,63.23,-0.0054,-0.0033,-0.0056,0.0028,-0.0044,-0.0055,8.56,-145.13,-21.61,499.55,2182.47,-178.28,-0.82,-2.74,2.22,1.43,2.78,4.2,5.0,0.8,3.27,4.27,3.06,2.14,1.94,5.0,2.55,0.0,5.0,5.0,0.0,4.03,2.14,0
2025-11-24T17:20:26.229126,449,student_4_lec_2a96290c_a01f0012,lec_2a96290c,cv101,1,0.95,engaged,64.97,-0.0041,-0.0024,-0.0057,0.0014,-0.0047,-0.0055,11.0,-148.53,30.3,500.99,2171.86,-178.7,-11.83,-0.29,2.33,1.45,2.67,4.62,5.0,0.38,3.28,4.48,3.03,2.12,1.97,5.0,2.53,0.0,5.0,5.0,0.0,4.01,2.15,0
2025-11-24T17:20:27.225866,450,student_4_lec_2a96290c_a01f0012,lec_2a96290c,cv101,1,0.95,engaged,64.23,-0.0048,-0.0035,-0.0057,0.0014,-0.0043,-0.0056,12.96,-145.28,15.46,503.08,2169.68,-177.39,-2.33,-0.97,2.6,1.71,2.4,4.46,5.0,0.54,3.29,4.45,3.05,2.13,1.95,5.0,2.54,0.1,4.9,5.0,0.0,4.03,2.24,0
