timestamp,frame,session_id,lecture_id,course_id,face_detected,confidence,status,engagement_score,gaze_0_x,gaze_0_y,gaze_0_z,gaze_1_x,gaze_1_y,gaze_1_z,gaze_angle_x,gaze_angle_y,pose_Tx,pose_Ty,pose_Tz,pose_Rx,pose_Ry,pose_Rz,AU01_r,AU02_r,AU04_r,AU05_r,AU06_r,AU07_r,AU09_r,AU10_r,AU12_r,AU14_r,AU15_r,AU17_r,AU20_r,AU23_r,AU25_r,AU26_r,AU45_r,smile_intensity,confusion_level,drowsiness_level
2025-11-24T16:58:26.475858,1,student_4_lec_2a96290c_513a5569,lec_2a96290c,cv101,1,0.95,partially_engaged,45.35,0.0002,-0.0006,-0.0028,0.0086,-0.0014,-0.0026,141.11,-160.06,-145.57,479.67,3756.99,175.28,-26.38,-0.54,1.5,1.11,3.5,1.76,3.11,3.24,1.87,3.37,1.7,1.19,3.3,4.93,1.41,1.49,3.51,3.39,0.0,2.4,2.04,1.48
2025-11-24T16:58:27.517254,2,student_4_lec_2a96290c_513a5569,lec_2a96290c,cv101,1,0.95,engaged,50.09,-0.0055,0.0003,-0.0037,-0.0002,-0.0013,-0.0039,-150.88,6.44,-279.18,549.03,3463.58,-178.14,10.14,-1.52,2.0,1.44,3.0,2.64,3.36,2.36,2.07,3.64,1.92,1.34,3.08,4.06,1.6,2.8,2.2,3.17,0.0,2.64,2.15,0
2025-11-24T16:58:28.552065,3,student_4_lec_2a96290c_513a5569,lec_2a96290c,cv101,1,0.95,engaged,52.76,-0.0027,-0.0007,-0.0038,0.0024,-0.0018,-0.0038,1.7,-161.58,-187.4,534.09,3179.85,-178.56,2.3,-1.29,1.91,1.29,3.09,2.94,3.77,2.06,2.35,3.31,2.05,1.43,2.95,5.0,1.71,1.8,3.2,3.67,0.0,2.91,2.1,0
2025-11-24T16:58:29.555432,4,student_4_lec_2a96290c_513a5569,lec_2a96290c,cv101,1,0.95,partially_engaged,46.74,-0.0018,-0.0006,-0.0039,-0.002,-0.0022,-0.004,-154.71,-161.03,-171.14,520.74,3239.41,177.08,-1.59,-0.26,2.54,2.01,2.46,1.64,3.65,3.36,2.21,3.52,2.13,1.49,2.87,5.0,1.78,1.7,3.3,4.14,0.0,2.89,2.34,1.72
2025-11-24T16:58:30.601743,5,student_4_lec_2a96290c_513a5569,lec_2a96290c,cv101,1,0.95,engaged,51.69,-0.0088,-0.0001,-0.0037,-0.0014,-0.0013,-0.0039,-136.28,-170.17,-250.73,517.37,3188.61,178.04,10.97,-4.22,1.88,1.36,3.12,2.77,3.64,2.23,2.18,3.36,2.07,1.45,2.93,5.0,1.73,2.05,2.95,4.14,0.0,2.85,2.12,0
2025-11-24T16:58:31.654974,6,student_4_lec_2a96290c_513a5569,lec_2a96290c,cv101,1,0.95,engaged,52.1,-0.0057,-0.0014,-0.0038,-0.001,-0.0012,-0.004,-145.09,-161.43,-281.98,528.59,3107.39,179.33,12.8,-6.81,1.38,0.88,3.62,2.76,3.72,2.24,2.23,3.42,2.11,1.48,2.89,5.0,1.76,2.01,2.99,4.01,0.0,2.92,1.96,0
2025-11-24T16:58:32.713372,7,student_4_lec_2a96290c_513a5569,lec_2a96290c,cv101,1,0.95,engaged,52.47,-0.0025,-0.0031,-0.0037,0.0008,-0.0023,-0.0039,11.03,-144.91,-304.89,542.76,3084.17,-179.32,14.76,-7.2,1.3,0.75,3.7,2.81,3.79,2.19,2.27,3.51,2.07,1.45,2.93,5.0,1.73,2.17,2.83,3.93,0.0,2.93,1.92,0
2025-11-24T16:58:33.769711,8,student_4_lec_2a96290c_513a5569,lec_2a96290c,cv101,1,0.95,engaged,52.55,-0.0047,-0.0034,-0.0037,0.0004,-0.0023,-0.0039,23.08,-143.69,-334.52,559.62,3088.7,178.52,18.64,-8.4,1.4,0.85,3.6,2.96,3.66,2.04,2.25,3.46,1.97,1.38,3.03,5.0,1.64,1.6,3.4,3.96,0.0,2.81,1.95,0
2025-11-24T16:58:34.822419,9,student_4_lec_2a96290c_513a5569,lec_2a96290c,cv101,1,0.95,engaged,51.42,-0.0041,-0.0029,-0.0038,0.0013,-0.0021,-0.004,14.33,-147.36,-338.89,561.9,3108.1,-179.68,17.41,-8.27,1.42,0.93,3.58,2.63,3.75,2.37,2.29,3.28,2.01,1.41,2.99,5.0,1.68,1.82,3.18,3.83,0.0,2.88,1.98,0
2025-11-24T16:58:35.823545,10,student_4_lec_2a96290c_513a5569,lec_2a96290c,cv101,1,0.95,engaged,62.3,-0.0056,0.0008,-0.0038,0.0021,-0.0031,-0.0039,13.57,13.58,-262.21,563.79,3206.79,176.9,6.17,-7.77,1.55,1.05,3.45,2.42,3.59,2.58,2.17,3.63,2.15,1.5,2.85,5.0,1.79,1.44,3.56,4.05,0.0,2.87,2.02,0.16
2025-11-24T16:58:36.870341,11,student_4_lec_2a96290c_513a5569,lec_2a96290c,cv101,1,0.95,partially_engaged,49.39,-0.0014,-0.0013,-0.0038,0.0003,-0.0018,-0.0037,8.03,-158.13,-211.92,588.68,3238.48,178.12,-5.4,-3.75,2.03,1.45,2.97,2.19,3.67,2.81,2.18,3.43,2.15,1.51,2.85,5.0,1.79,1.73,3.27,3.97,0.0,2.91,2.15,0.62
2025-11-24T16:58:37.937551,12,student_4_lec_2a96290c_513a5569,lec_2a96290c,cv101,1,0.95,engaged,51.36,-0.0039,-0.0035,-0.0038,0.0007,-0.0017,-0.0038,17.72,-146.6,-228.43,608.78,3149.81,-177.23,5.26,-3.39,1.81,1.21,3.19,2.49,3.82,2.51,2.29,3.2,2.26,1.58,2.74,5.0,1.88,1.93,3.07,3.8,0.0,3.04,2.07,0.02
2025-11-24T16:58:38.982024,13,student_4_lec_2a96290c_513a5569,lec_2a96290c,cv101,1,0.95,engaged,50.08,-0.0026,-0.0017,-0.0037,0.0001,-0.001,-0.0038,16.89,-159.82,-274.56,515.48,3160.92,174.88,16.6,-2.84,1.68,1.23,3.32,2.48,3.55,2.52,2.09,3.11,1.98,1.39,3.02,5.0,1.65,1.11,3.89,4.37,0.0,2.76,2.08,0.04
2025-11-24T16:58:40.040627,14,student_4_lec_2a96290c_513a5569,lec_2a96290c,cv101,1,0.95,partially_engaged,49.43,-0.0024,-0.0025,-0.0034,0.0016,-0.0002,-0.0034,5.6,-160.07,-88.5,542.46,3301.36,169.76,8.21,-2.09,1.94,1.48,3.06,2.44,3.24,2.56,1.81,3.86,2.21,1.55,2.79,5.0,1.84,1.39,3.61,4.45,0.0,2.73,2.16,0.12
2025-11-24T16:58:41.106450,15,student_4_lec_2a96290c_513a5569,lec_2a96290c,cv101,1,0.95,partially_engaged,49.73,-0.0041,-0.0005,-0.0036,-0.0005,-0.001,-0.0037,-151.94,-168.53,-54.12,570.72,3377.39,174.84,8.3,-1.48,1.82,1.33,3.18,2.49,3.39,2.51,2.01,3.39,2.01,1.4,2.99,5.0,1.67,1.66,3.34,4.16,0.0,2.7,2.11,0.02
2025-11-24T16:58:42.155675,16,student_4_lec_2a96290c_513a5569,lec_2a96290c,cv101,1,0.95,engaged,74.04,-0.0043,-0.0005,-0.0036,0.0015,0.0003,-0.0036,13.86,1.7,-78.68,563.52,3316.36,175.83,7.3,-3.52,1.55,1.1,3.45,2.49,3.52,2.51,2.02,3.13,1.95,1.36,3.05,5.0,1.62,2.04,2.96,4.18,0.0,2.73,2.03,0.02
2025-11-24T16:58:43.212068,17,student_4_lec_2a96290c_513a5569,lec_2a96290c,cv101,1,0.95,partially_engaged,49.88,-0.002,-0.0023,-0.0035,0.0,-0.001,-0.0035,14.97,-155.7,-13.75,599.12,3335.55,178.25,-15.72,1.3,1.69,1.14,3.31,2.4,3.56,2.6,2.07,3.02,2.03,1.42,2.97,5.0,1.69,1.92,3.08,4.1,0.0,2.79,2.05,0.2
2025-11-24T16:58:44.268872,18,student_4_lec_2a96290c_513a5569,lec_2a96290c,cv101,1,0.95,engaged,50.17,-0.0019,-0.0023,-0.0036,0.0011,-0.0019,-0.0034,5.42,-149.29,80.37,624.02,3311.02,175.51,-25.88,5.81,2.03,1.44,2.97,2.59,3.49,2.41,2.06,3.24,1.89,1.33,3.11,5.0,1.58,2.26,2.74,3.85,0.0,2.69,2.15,0
2025-11-24T16:58:45.269980,19,student_4_lec_2a96290c_513a5569,lec_2a96290c,cv101,1,0.95,partially_engaged,49.73,-0.0012,-0.0013,-0.0036,0.0002,-0.0032,-0.0035,7.65,-148.89,45.83,638.33,3287.91,-179.83,-16.19,2.0,2.23,1.69,2.77,2.44,3.52,2.56,2.12,3.11,2.01,1.41,2.99,5.0,1.68,2.01,2.99,3.71,0.0,2.76,2.23,0.12
2025-11-24T16:58:46.317330,20,student_4_lec_2a96290c_513a5569,lec_2a96290c,cv101,1,0.95,partially_engaged,49.31,-0.0036,0.0009,-0.0036,-0.0007,0.0001,-0.0035,-152.01,171.92,-23.3,601.3,3289.82,177.78,-12.58,3.2,2.21,1.67,2.79,2.26,3.63,2.74,2.08,3.08,2.04,1.43,2.96,5.0,1.7,1.55,3.45,3.96,0.0,2.83,2.22,0.48
2025-11-24T16:58:47.378433,21,student_4_lec_2a96290c_513a5569,lec_2a96290c,cv101,1,0.95,engaged,71.99,-0.002,-0.0011,-0.0037,0.0013,0.0001,-0.0035,4.22,6.9,55.19,596.3,3412.78,176.48,-20.05,3.99,2.36,1.86,2.64,2.35,3.13,2.65,1.92,3.3,1.86,1.31,3.14,5.0,1.55,2.08,2.92,4.07,0.0,2.5,2.29,0.3
2025-11-24T16:58:48.442904,22,student_4_lec_2a96290c_513a5569,lec_2a96290c,cv101,1,0.95,engaged,73.36,-0.0028,-0.0022,-0.0038,0.0017,0.0006,-0.0036,5.61,10.2,106.93,605.05,3361.32,175.58,-22.32,7.3,2.28,1.73,2.72,2.52,3.26,2.48,1.95,3.13,2.0,1.4,3.0,5.0,1.67,2.22,2.78,3.97,0.0,2.63,2.24,0
2025-11-24T16:58:49.491973,23,student_4_lec_2a96290c_513a5569,lec_2a96290c,cv101,1,0.95,engaged,74.2,-0.0015,-0.0016,-0.0039,0.0006,0.0006,-0.0037,6.01,6.31,98.68,591.4,3330.2,176.27,-20.22,4.79,2.26,1.77,2.74,2.67,3.25,2.33,1.98,2.99,2.13,1.49,2.87,5.0,1.78,1.9,3.1,3.93,0.0,2.69,2.26,0
2025-11-24T16:58:50.565404,24,student_4_lec_2a96290c_513a5569,lec_2a96290c,cv101,1,0.95,engaged,51.58,-0.0037,-0.0013,-0.0039,-0.0006,0.0018,-0.0038,-153.75,-3.17,43.73,605.7,3335.99,179.89,-13.2,1.72,1.71,1.2,3.29,2.79,3.53,2.21,2.08,2.92,2.09,1.46,2.91,5.0,1.74,2.13,2.87,3.79,0.0,2.81,2.07,0
2025-11-24T16:58:51.612091,25,student_4_lec_2a96290c_513a5569,lec_2a96290c,cv101,1,0.95,partially_engaged,48.51,-0.0049,-0.0005,-0.0036,-0.0006,-0.0001,-0.0036,-148.62,-175.24,-57.04,624.48,3442.8,177.54,-5.86,-1.98,1.74,1.28,3.26,2.13,3.46,2.87,2.01,2.96,2.08,1.46,2.92,5.0,1.73,2.1,2.9,3.91,0.0,2.77,2.09,0.74
2025-11-24T16:58:52.617294,26,student_4_lec_2a96290c_513a5569,lec_2a96290c,cv101,1,0.95,engaged,73.09,-0.001,-0.0022,-0.0039,0.0004,0.0009,-0.0037,3.87,8.15,49.27,613.46,3434.56,173.98,-14.71,5.19,2.01,1.53,2.99,2.42,3.22,2.58,1.91,3.1,2.11,1.48,2.89,5.0,1.76,2.13,2.87,4.01,0.0,2.67,2.18,0.16
2025-11-24T16:58:53.657987,27,student_4_lec_2a96290c_513a5569,lec_2a96290c,cv101,1,0.95,partially_engaged,49.23,-0.0013,-0.0022,-0.0037,-0.0007,-0.003,-0.0035,-164.49,-144.26,50.99,545.05,3433.64,173.74,-16.8,4.19,1.65,1.31,3.35,2.4,3.39,2.6,1.84,2.58,1.94,1.36,3.06,5.0,1.62,1.79,3.21,4.24,0.0,2.67,2.1,0.2
2025-11-24T16:58:54.730053,28,student_4_lec_2a96290c_513a5569,lec_2a96290c,cv101,1,0.95,partially_engaged,48.19,-0.0024,-0.002,-0.0036,-0.0006,-0.0009,-0.0035,-157.96,-158.16,39.37,570.14,3482.51,173.9,-16.03,4.33,1.8,1.41,3.2,2.24,3.31,2.76,1.82,2.84,1.89,1.32,3.11,5.0,1.58,1.57,3.43,4.11,0.0,2.6,2.14,0.52
2025-11-24T16:58:55.771119,29,student_4_lec_2a96290c_513a5569,lec_2a96290c,cv101,1,0.95,partially_engaged,49.07,0.0025,-0.0036,-0.0036,-0.0005,-0.0013,-0.0034,-13.8,-147.17,41.18,585.72,3500.68,174.19,-18.23,4.78,1.67,1.21,3.33,2.41,3.31,2.59,1.82,2.97,1.93,1.35,3.07,5.0,1.61,1.74,3.26,4.07,0.0,2.62,2.07,0.18
2025-11-24T16:58:56.826659,30,student_4_lec_2a96290c_513a5569,lec_2a96290c,cv101,1,0.95,partially_engaged,49.32,-0.0059,-0.0014,-0.0036,-0.0016,-0.0014,-0.0035,-138.48,-158.26,44.84,602.86,3399.26,178.8,-14.29,3.35,2.15,1.66,2.85,2.51,3.22,2.49,1.93,2.78,2.05,1.43,2.95,5.0,1.7,2.52,2.48,3.94,0.0,2.63,2.22,0
2025-11-24T16:58:57.829526,31,student_4_lec_2a96290c_513a5569,lec_2a96290c,cv101,1,0.95,partially_engaged,48.18,-0.0037,-0.0023,-0.0036,0.0005,-0.0012,-0.0035,19.07,-154.09,51.3,630.27,3442.87,176.95,-15.54,5.02,2.29,1.78,2.71,2.25,3.29,2.75,1.93,3.07,1.96,1.37,3.04,5.0,1.63,2.11,2.89,3.96,0.0,2.62,2.26,0.5
2025-11-24T16:58:58.873983,32,student_4_lec_2a96290c_513a5569,lec_2a96290c,cv101,1,0.95,partially_engaged,48.53,-0.0016,-0.0018,-0.0036,0.0001,-0.0009,-0.0035,11.39,-159.4,64.34,639.62,3421.53,178.0,-20.67,6.4,2.14,1.61,2.86,2.36,3.21,2.64,1.99,3.22,1.97,1.38,3.03,5.0,1.64,2.33,2.67,3.85,0.0,2.59,2.2,0.28
2025-11-24T16:58:59.878116,33,student_4_lec_2a96290c_513a5569,lec_2a96290c,cv101,1,0.95,partially_engaged,48.26,-0.0015,-0.0022,-0.0036,0.0001,-0.0002,-0.0034,9.94,-162.52,63.04,641.35,3410.17,178.07,-20.06,5.87,2.1,1.61,2.9,2.2,3.32,2.8,1.98,3.05,2.04,1.43,2.96,5.0,1.7,2.3,2.7,3.81,0.0,2.68,2.2,0.6
2025-11-24T16:59:00.933001,34,student_4_lec_2a96290c_513a5569,lec_2a96290c,cv101,1,0.95,partially_engaged,49.44,-0.0048,-0.0023,-0.0037,-0.0011,-0.0003,-0.0036,-145.84,-161.83,61.79,635.78,3398.25,178.62,-12.94,8.88,2.21,1.66,2.79,2.5,3.24,2.5,1.98,3.06,2.11,1.48,2.89,5.0,1.76,1.99,3.01,3.85,0.0,2.67,2.22,0
2025-11-24T16:59:01.993389,35,student_4_lec_2a96290c_513a5569,lec_2a96290c,cv101,1,0.95,partially_engaged,49.49,-0.0048,-0.0014,-0.0037,-0.0015,0.0007,-0.0036,-142.43,4.94,47.42,625.5,3395.83,175.42,-17.36,7.95,2.22,1.66,2.78,2.48,3.38,2.52,1.93,3.04,1.98,1.39,3.02,5.0,1.65,1.92,3.08,3.92,0.0,2.68,2.22,0.04
2025-11-24T16:59:03.035506,36,student_4_lec_2a96290c_513a5569,lec_2a96290c,cv101,1,0.95,partially_engaged,49.74,-0.0036,-0.0013,-0.0038,-0.0021,0.0008,-0.0037,-142.95,3.99,34.07,624.15,3387.73,175.86,-16.47,6.72,2.06,1.54,2.94,2.51,3.39,2.49,1.96,3.03,2.01,1.41,2.99,5.0,1.68,1.89,3.11,3.91,0.0,2.7,2.18,0
2025-11-24T16:59:04.108067,37,student_4_lec_2a96290c_513a5569,lec_2a96290c,cv101,1,0.95,engaged,51.0,-0.0065,-0.0013,-0.0037,-0.001,-0.0006,-0.0036,-142.08,-165.96,8.44,619.62,3359.17,176.76,-16.99,4.23,1.91,1.4,3.09,2.77,3.41,2.23,1.99,3.12,2.03,1.42,2.97,5.0,1.69,1.87,3.13,3.95,0.0,2.72,2.13,0
2025-11-24T16:59:05.157353,38,student_4_lec_2a96290c_513a5569,lec_2a96290c,cv101,1,0.95,partially_engaged,48.88,-0.0084,-0.0013,-0.0036,0.0004,0.0001,-0.0036,29.78,9.11,-43.65,648.43,3446.66,176.71,-8.92,2.61,2.11,1.59,2.89,2.26,3.41,2.74,2.02,3.1,2.11,1.47,2.89,5.0,1.76,2.24,2.76,3.88,0.0,2.76,2.2,0.48
2025-11-24T16:59:06.203486,39,student_4_lec_2a96290c_513a5569,lec_2a96290c,cv101,1,0.95,engaged,50.24,-0.0064,-0.0014,-0.0036,0.0007,-0.0006,-0.0036,24.93,-164.71,-69.89,643.8,3437.37,176.15,-9.65,1.75,1.9,1.4,3.1,2.6,3.43,2.4,2.02,3.05,1.98,1.39,3.02,5.0,1.65,1.99,3.01,3.95,0.0,2.71,2.13,0
2025-11-24T16:59:07.260786,40,student_4_lec_2a96290c_513a5569,lec_2a96290c,cv101,1,0.95,partially_engaged,49.31,-0.0095,-0.0015,-0.0037,-0.0005,-0.0005,-0.0037,-142.13,-165.13,-34.93,626.0,3447.66,173.71,-10.37,4.32,2.25,1.73,2.75,2.43,3.36,2.57,2.0,3.14,2.04,1.43,2.96,5.0,1.7,1.99,3.01,3.99,0.0,2.7,2.24,0.14
2025-11-24T16:59:08.322384,41,student_4_lec_2a96290c_513a5569,lec_2a96290c,cv101,1,0.95,partially_engaged,48.61,-0.0079,-0.0018,-0.0037,-0.0007,0.0004,-0.0037,-142.56,9.97,-72.06,626.17,3433.67,175.37,-3.3,2.52,2.24,1.75,2.76,2.31,3.3,2.69,1.97,3.13,2.03,1.42,2.97,5.0,1.69,2.16,2.84,4.01,0.0,2.67,2.25,0.38
2025-11-24T16:59:09.379941,42,student_4_lec_2a96290c_513a5569,lec_2a96290c,cv101,1,0.95,partially_engaged,46.98,-0.0009,-0.0016,-0.0037,-0.0001,-0.0003,-0.0035,-172.47,-165.75,123.24,498.75,3197.42,170.67,-23.74,12.78,2.5,2.0,2.5,1.93,3.3,3.07,1.77,3.58,2.08,1.46,2.92,5.0,1.73,1.09,3.91,4.61,0.0,2.69,2.33,1.14
2025-11-24T16:59:10.423092,43,student_4_lec_2a96290c_513a5569,lec_2a96290c,cv101,0,0.0,no_face,0.0,0.0,0.0,0.0,0.0,0.0,0.0,0.0,0.0,0.0,0.0,0.0,0.0,0.0,0.0,0.0,0.0,0.0,0.0,0.0,0.0,0.0,0.0,0.0,0.0,0.0,0.0,0.0,0.0,0.0,0.0,0.0,0.0,0.0,0.0
2025-11-24T16:59:11.429313,44,student_4_lec_2a96290c_513a5569,lec_2a96290c,cv101,1,0.95,partially_engaged,48.34,-0.002,-0.0029,-0.0036,0.0016,-0.0016,-0.0037,2.56,-148.31,-187.4,737.71,3643.54,172.48,6.33,2.28,1.94,1.43,3.06,2.44,3.06,2.56,1.89,3.22,1.86,1.3,3.14,5.0,1.55,2.67,2.33,3.71,0.0,2.46,2.14,0.12
2025-11-24T16:59:12.479322,45,student_4_lec_2a96290c_513a5569,lec_2a96290c,cv101,1,0.95,partially_engaged,47.05,-0.0022,-0.0019,-0.0034,-0.0,0.0001,-0.0034,-163.73,13.54,-82.74,676.21,3552.83,171.81,-5.57,5.39,2.39,1.92,2.61,2.12,3.07,2.88,1.93,3.58,1.99,1.39,3.01,5.0,1.66,2.39,2.61,3.97,0.0,2.53,2.31,0.76
2025-11-24T16:59:13.531553,46,student_4_lec_2a96290c_513a5569,lec_2a96290c,cv101,1,0.95,engaged,71.35,-0.0003,-0.0032,-0.0039,0.0004,0.0011,-0.0038,-1.49,11.77,42.88,632.66,3458.64,169.53,-13.6,13.23,2.13,1.65,2.87,2.16,3.17,2.84,1.82,3.15,1.86,1.31,3.14,5.0,1.55,1.88,3.12,4.09,0.0,2.52,2.22,0.68
2025-11-24T16:59:14.602944,47,student_4_lec_2a96290c_513a5569,lec_2a96290c,cv101,1,0.95,partially_engaged,48.0,-0.0114,-0.0022,-0.0037,-0.0001,-0.0015,-0.0036,-143.45,-153.29,7.41,617.76,3388.64,170.16,-15.54,10.68,2.26,1.81,2.74,2.22,3.25,2.78,1.82,3.22,1.99,1.39,3.01,5.0,1.66,1.46,3.54,4.26,0.0,2.62,2.27,0.56
2025-11-24T16:59:15.657985,48,student_4_lec_2a96290c_513a5569,lec_2a96290c,cv101,1,0.95,partially_engaged,44.78,-0.0079,0.0012,-0.0037,-0.0015,-0.0001,-0.0036,-136.47,-7.87,-15.86,629.65,3413.76,170.94,-11.48,8.23,2.7,2.27,2.3,1.57,3.18,3.43,1.84,3.25,1.95,1.36,3.05,5.0,1.62,0.98,4.02,4.25,0.0,2.56,2.42,1.86
2025-11-24T16:59:16.714588,49,student_4_lec_2a96290c_513a5569,lec_2a96290c,cv101,1,0.95,partially_engaged,47.28,-0.009,0.0004,-0.0038,-0.0003,0.0025,-0.0037,-144.58,160.54,-50.49,644.42,3510.53,172.91,-4.93,8.1,2.32,1.89,2.68,2.18,3.08,2.82,1.8,2.91,1.95,1.36,3.05,5.0,1.62,1.64,3.36,4.05,0.0,2.52,2.3,0.64
2025-11-24T16:59:17.770236,50,student_4_lec_2a96290c_513a5569,lec_2a96290c,cv101,1,0.95,partially_engaged,47.63,-0.0079,-0.0025,-0.0038,0.0006,-0.0002,-0.0037,27.23,-161.34,-26.04,651.35,3545.03,169.43,-8.5,8.42,2.02,1.62,2.98,2.23,3.15,2.77,1.76,3.05,1.88,1.32,3.12,5.0,1.57,1.52,3.48,4.08,0.0,2.51,2.21,0.54
2025-11-24T16:59:18.797718,51,student_4_lec_2a96290c_513a5569,lec_2a96290c,cv101,1,0.95,partially_engaged,47.64,-0.0085,-0.0021,-0.0038,0.0021,-0.0016,-0.0037,18.12,-153.82,-78.64,655.16,3500.75,173.42,-7.65,5.18,2.29,1.88,2.71,2.25,3.11,2.75,1.86,3.03,1.94,1.36,3.06,5.0,1.62,1.55,3.45,4.08,0.0,2.52,2.29,0.5
2025-11-24T16:59:19.821995,52,student_4_lec_2a96290c_513a5569,lec_2a96290c,cv101,1,0.95,partially_engaged,48.17,-0.0071,-0.0027,-0.0038,-0.0007,-0.0008,-0.0037,-144.0,-156.61,-54.88,679.98,3469.09,173.53,-11.57,7.9,2.39,1.91,2.61,2.31,3.16,2.69,1.86,2.92,2.02,1.42,2.98,5.0,1.69,1.85,3.15,4.01,0.0,2.59,2.3,0.38
2025-11-24T16:59:20.875942,53,student_4_lec_2a96290c_513a5569,lec_2a96290c,cv101,1,0.95,engaged,51.66,-0.0028,-0.001,-0.0036,0.0013,-0.0025,-0.0037,8.83,-155.66,239.43,-883.75,-3736.4,-154.96,11.36,-174.0,2.92,2.21,2.08,3.23,3.09,1.77,2.36,3.0,1.92,1.34,3.08,3.04,1.6,2.57,2.43,2.47,0.0,2.5,2.4,0
2025-11-24T16:59:21.876139,54,student_4_lec_2a96290c_513a5569,lec_2a96290c,cv101,1,0.95,partially_engaged,46.78,0.0028,-0.0019,-0.0033,0.0015,0.0011,-0.0033,148.11,5.66,-182.28,597.79,3444.74,171.54,8.91,1.12,0.63,0.4,4.37,1.77,3.33,3.23,1.51,2.17,2.01,1.4,2.99,5.0,1.67,1.84,3.16,4.62,0.0,2.67,1.8,1.46
2025-11-24T16:59:22.935986,55,student_4_lec_2a96290c_513a5569,lec_2a96290c,cv101,1,0.95,partially_engaged,47.44,-0.0032,0.0004,-0.0037,-0.0016,-0.0012,-0.0037,-148.04,5.97,-111.22,591.42,3472.15,167.89,-0.5,2.04,2.12,1.76,2.88,2.16,3.23,2.84,1.79,3.3,1.84,1.29,3.16,5.0,1.53,1.37,3.63,4.42,0.0,2.54,2.25,0.68
2025-11-24T16:59:23.988361,56,student_4_lec_2a96290c_513a5569,lec_2a96290c,cv101,1,0.95,partially_engaged,47.1,-0.0021,-0.0002,-0.0037,0.0,-0.0009,-0.0037,14.35,-171.07,-110.79,594.57,3463.32,167.54,1.74,0.22,2.06,1.71,2.94,2.06,3.23,2.94,1.8,3.29,1.89,1.32,3.11,5.0,1.57,0.97,4.03,4.49,0.0,2.56,2.24,0.88
2025-11-24T16:59:25.037191,57,student_4_lec_2a96290c_513a5569,lec_2a96290c,cv101,1,0.95,engaged,73.01,-0.0018,-0.001,-0.0037,0.0024,0.0004,-0.0037,-3.12,4.28,-92.66,586.29,3415.28,169.55,-8.17,0.68,1.85,1.51,3.15,2.43,3.25,2.57,1.85,3.15,2.0,1.4,3.0,5.0,1.66,1.46,3.54,4.49,0.0,2.62,2.17,0.14
2025-11-24T16:59:26.091068,58,student_4_lec_2a96290c_513a5569,lec_2a96290c,cv101,1,0.95,partially_engaged,48.17,-0.0015,-0.0004,-0.0038,0.0011,-0.0005,-0.0037,2.28,-173.14,-57.65,586.38,3409.02,168.17,-16.4,2.77,1.92,1.55,3.08,2.27,3.22,2.73,1.82,3.35,1.96,1.37,3.04,5.0,1.64,1.51,3.49,4.46,0.0,2.59,2.18,0.46
2025-11-24T16:59:27.155118,59,student_4_lec_2a96290c_513a5569,lec_2a96290c,cv101,1,0.95,partially_engaged,48.9,-0.0028,-0.0015,-0.0037,0.0021,-0.0013,-0.0036,3.31,-159.5,-14.99,590.19,3357.8,169.87,-22.22,4.35,1.9,1.49,3.1,2.43,3.22,2.57,1.85,3.46,1.97,1.38,3.03,5.0,1.64,1.9,3.1,4.42,0.0,2.6,2.16,0.14
2025-11-24T16:59:28.201972,60,student_4_lec_2a96290c_513a5569,lec_2a96290c,cv101,1,0.95,partially_engaged,46.93,-0.001,-0.0014,-0.0037,0.0041,-0.0013,-0.0036,-16.92,-159.91,-39.5,610.11,3427.06,169.66,-15.4,2.39,2.28,1.86,2.72,1.97,3.25,3.03,1.87,3.37,2.01,1.4,2.99,5.0,1.67,1.71,3.29,4.35,0.0,2.63,2.29,1.06
2025-11-24T16:59:29.263846,61,student_4_lec_2a96290c_513a5569,lec_2a96290c,cv101,1,0.95,engaged,50.66,-0.0051,-0.001,-0.0038,0.0016,-0.0028,-0.0039,15.73,-154.71,-207.12,579.77,3216.62,175.3,13.5,-5.4,1.64,1.21,3.36,2.51,3.73,2.49,2.15,3.37,1.96,1.37,3.04,5.0,1.64,1.59,3.41,4.15,0.0,2.84,2.07,0
2025-11-24T16:59:30.323417,62,student_4_lec_2a96290c_513a5569,lec_2a96290c,cv101,1,0.95,engaged,54.62,-0.0032,-0.0012,-0.0039,0.0045,-0.0047,-0.0044,-3.46,-147.79,-337.14,585.78,2661.54,-163.91,21.66,-3.78,1.88,1.18,3.12,3.1,4.23,1.9,2.76,2.6,2.0,1.4,3.0,4.79,1.67,2.89,2.11,2.93,0.0,3.12,2.06,0
2025-11-24T16:59:31.380051,63,student_4_lec_2a96290c_513a5569,lec_2a96290c,cv101,1,0.95,partially_engaged,49.76,0.0033,-0.0042,-0.0035,0.001,-0.0024,-0.0038,150.95,-138.5,-174.83,431.18,2916.98,169.11,20.33,-7.05,0.63,0.39,4.37,2.06,3.98,2.94,1.68,3.46,2.01,1.41,2.99,5.0,1.68,0.89,4.11,5.0,0.0,3.0,1.8,0.88
2025-11-24T16:59:32.436269,64,student_4_lec_2a96290c_513a5569,lec_2a96290c,cv101,1,0.95,partially_engaged,49.15,-0.0021,-0.0022,-0.0038,0.0003,-0.0027,-0.0039,12.12,-147.8,-173.23,514.33,3254.27,169.3,11.98,-3.7,1.68,1.33,3.32,2.31,3.48,2.69,1.89,3.39,1.99,1.39,3.01,5.0,1.66,1.17,3.83,4.54,0.0,2.73,2.11,0.38
2025-11-24T16:59:33.432355,65,student_4_lec_2a96290c_513a5569,lec_2a96290c,cv101,0,0.0,no_face,0.0,0.0,0.0,0.0,0.0,0.0,0.0,0.0,0.0,0.0,0.0,0.0,0.0,0.0,0.0,0.0,0.0,0.0,0.0,0.0,0.0,0.0,0.0,0.0,0.0,0.0,0.0,0.0,0.0,0.0,0.0,0.0,0.0,0.0,0.0
2025-11-24T16:59:34.493054,66,student_4_lec_2a96290c_513a5569,lec_2a96290c,cv101,1,0.95,engaged,52.44,-0.0084,-0.0016,-0.0038,0.0005,-0.0023,-0.0038,28.95,-153.05,9.77,629.3,3033.08,179.41,-14.96,5.53,2.69,1.99,2.31,2.87,3.89,2.13,2.38,3.35,1.99,1.39,3.01,5.0,1.65,1.63,3.37,4.0,0.0,2.94,2.33,0
2025-11-24T16:59:35.532404,67,student_4_lec_2a96290c_513a5569,lec_2a96290c,cv101,1,0.95,engaged,52.67,-0.0027,-0.0005,-0.0042,0.0033,-0.0042,-0.0042,-2.91,-153.72,-115.73,461.27,2805.95,175.83,13.85,-2.43,2.04,1.53,2.96,2.58,4.06,2.42,2.22,3.68,2.48,1.74,2.52,5.0,2.07,0.8,4.2,5.0,0.0,3.27,2.18,0
2025-11-24T16:59:36.607623,68,student_4_lec_2a96290c_513a5569,lec_2a96290c,cv101,1,0.95,engaged,53.18,-0.0054,-0.0009,-0.0042,-0.0001,-0.0004,-0.0043,-152.92,-170.82,-103.99,446.76,2914.16,176.22,13.85,-2.63,2.0,1.49,3.0,2.87,3.93,2.13,2.27,3.9,2.25,1.58,2.75,5.0,1.88,1.05,3.95,4.72,0.0,3.09,2.16,0
2025-11-24T16:59:37.674388,69,student_4_lec_2a96290c_513a5569,lec_2a96290c,cv101,1,0.95,engaged,53.83,-0.0051,-0.0005,-0.0041,-0.0002,-0.0023,-0.0043,-153.02,-162.51,-129.3,450.97,2876.52,179.06,11.81,-3.75,1.9,1.38,3.1,2.81,4.13,2.19,2.39,3.6,2.44,1.71,2.56,5.0,2.03,1.38,3.62,4.59,0.0,3.29,2.13,0
2025-11-24T16:59:38.716654,70,student_4_lec_2a96290c_513a5569,lec_2a96290c,cv101,1,0.95,engaged,52.99,-0.0055,-0.0016,-0.004,0.0013,-0.0023,-0.0042,18.29,-154.66,-180.11,465.95,2913.86,177.79,13.51,-5.63,1.73,1.22,3.27,2.76,4.02,2.24,2.34,3.78,2.23,1.56,2.77,5.0,1.86,1.34,3.66,4.53,0.0,3.12,2.07,0
2025-11-24T16:59:39.772108,71,student_4_lec_2a96290c_513a5569,lec_2a96290c,cv101,1,0.95,engaged,53.04,-0.0055,-0.0015,-0.0043,0.0008,-0.0015,-0.0044,20.79,-161.04,-102.18,478.84,2925.07,177.39,5.58,-4.02,2.07,1.52,2.93,2.73,4.05,2.27,2.39,3.72,2.34,1.63,2.66,5.0,1.95,1.55,3.45,4.54,0.0,3.19,2.17,0
2025-11-24T16:59:40.827747,72,student_4_lec_2a96290c_513a5569,lec_2a96290c,cv101,1,0.95,engaged,52.18,-0.0045,-0.0041,-0.0042,0.0037,-0.0024,-0.0043,2.79,-143.36,-73.85,476.06,2889.74,179.77,-0.6,-2.66,2.16,1.52,2.84,2.39,4.2,2.61,2.49,3.76,2.45,1.72,2.55,5.0,2.04,1.42,3.58,4.38,0.0,3.33,2.17,0.22
2025-11-24T16:59:41.883716,73,student_4_lec_2a96290c_513a5569,lec_2a96290c,cv101,1,0.95,engaged,50.47,-0.0033,-0.0018,-0.004,0.0001,-0.0012,-0.0041,19.21,-159.66,-159.65,513.25,2945.01,-179.56,4.26,-4.0,2.05,1.4,2.95,1.99,4.36,3.01,2.38,3.54,2.2,1.54,2.8,5.0,1.83,1.82,3.18,4.28,0.0,3.28,2.13,1.02
2025-11-24T16:59:42.939761,74,student_4_lec_2a96290c_513a5569,lec_2a96290c,cv101,1,0.95,engaged,54.04,-0.0031,-0.0027,-0.0042,-0.0004,-0.0018,-0.0039,-158.9,-151.64,76.62,462.61,2871.79,173.61,-27.83,2.82,2.23,1.62,2.77,3.1,3.86,1.9,2.2,3.88,2.31,1.61,2.69,5.0,1.92,1.66,3.34,4.59,0.0,3.08,2.21,0
2025-11-24T16:59:44.001591,75,student_4_lec_2a96290c_513a5569,lec_2a96290c,cv101,1,0.95,engaged,54.13,-0.0021,-0.002,-0.0042,0.0029,-0.0047,-0.0039,-5.08,-141.96,83.35,469.76,2921.46,177.43,-26.71,3.06,2.05,1.45,2.95,3.13,4.05,1.87,2.22,3.58,1.97,1.38,3.03,5.0,1.64,1.68,3.32,4.38,0.0,3.01,2.15,0
2025-11-24T16:59:45.055596,76,student_4_lec_2a96290c_513a5569,lec_2a96290c,cv101,1,0.95,engaged,54.49,-0.0031,-0.0022,-0.0043,-0.0007,-0.0027,-0.0041,-157.55,-149.46,67.76,471.07,2894.15,179.13,-25.02,2.22,2.23,1.6,2.77,3.21,3.96,1.79,2.3,3.65,2.14,1.5,2.86,5.0,1.79,1.96,3.04,4.31,0.0,3.05,2.2,0
2025-11-24T16:59:46.114841,77,student_4_lec_2a96290c_513a5569,lec_2a96290c,cv101,1,0.95,engaged,54.41,-0.0026,-0.0011,-0.0042,0.0002,-0.0024,-0.004,14.39,-157.11,85.62,484.36,2914.87,178.07,-25.3,3.76,2.1,1.45,2.9,3.18,4.0,1.82,2.32,3.51,2.08,1.46,2.92,5.0,1.74,1.59,3.41,4.31,0.0,3.04,2.15,0
2025-11-24T16:59:47.166114,78,student_4_lec_2a96290c_513a5569,lec_2a96290c,cv101,1,0.95,engaged,53.58,-0.0021,-0.0027,-0.0043,0.0004,-0.0044,-0.004,10.76,-139.92,111.17,487.67,2912.35,178.57,-28.61,4.39,2.2,1.58,2.8,2.99,4.02,2.01,2.28,3.49,2.07,1.45,2.93,5.0,1.72,2.05,2.95,4.33,0.0,3.04,2.19,0
2025-11-24T16:59:48.220271,79,student_4_lec_2a96290c_513a5569,lec_2a96290c,cv101,1,0.95,engaged,55.04,-0.0022,-0.0044,-0.0043,0.0028,-0.0034,-0.004,-3.74,-136.99,122.18,503.82,2880.94,177.54,-27.17,4.53,2.25,1.57,2.75,3.3,4.06,1.7,2.34,3.75,2.08,1.46,2.92,5.0,1.73,1.85,3.15,4.28,0.0,3.07,2.19,0
2025-11-24T16:59:49.220841,80,student_4_lec_2a96290c_513a5569,lec_2a96290c,cv101,1,0.95,engaged,55.94,-0.0028,-0.0044,-0.0043,0.0052,-0.0084,-0.0041,-9.43,-125.28,126.78,521.47,2743.9,-177.03,-24.54,3.89,2.54,1.81,2.46,3.33,4.29,1.67,2.57,3.7,2.21,1.55,2.79,5.0,1.84,1.73,3.27,4.11,0.0,3.25,2.27,0
2025-11-24T16:59:50.271034,81,student_4_lec_2a96290c_513a5569,lec_2a96290c,cv101,1,0.95,engaged,56.66,-0.0023,-0.003,-0.0045,-0.0023,-0.0,-0.0043,-152.51,-163.44,118.23,529.27,2673.1,-175.02,-25.38,3.45,2.86,2.05,2.14,3.42,4.31,1.58,2.63,3.55,2.41,1.69,2.59,5.0,2.01,1.81,3.19,3.95,0.0,3.36,2.35,0
2025-11-24T16:59:51.328826,82,student_4_lec_2a96290c_513a5569,lec_2a96290c,cv101,1,0.95,engaged,56.55,-0.0018,-0.0035,-0.0044,0.0018,-0.0042,-0.0042,-0.44,-138.28,119.73,544.81,2750.85,-177.3,-23.58,4.62,2.68,1.92,2.32,3.48,4.22,1.52,2.6,3.63,2.32,1.62,2.68,5.0,1.93,2.08,2.92,4.01,0.0,3.27,2.31,0
2025-11-24T16:59:52.382427,83,student_4_lec_2a96290c_513a5569,lec_2a96290c,cv101,1,0.95,engaged,55.78,-0.0014,-0.0038,-0.0045,-0.0011,-0.0039,-0.0042,-164.12,-138.68,123.21,550.07,2670.99,-173.2,-24.53,3.2,2.71,2.0,2.29,3.2,4.34,1.8,2.68,3.38,2.39,1.68,2.61,5.0,1.99,2.08,2.92,3.87,0.0,3.37,2.33,0
2025-11-24T16:59:53.382993,84,student_4_lec_2a96290c_513a5569,lec_2a96290c,cv101,1,0.95,engaged,56.39,-0.0031,-0.0035,-0.0046,-0.0025,-0.0017,-0.0043,-147.73,-150.34,108.15,549.2,2657.36,-173.53,-21.79,3.4,2.58,1.83,2.42,3.27,4.41,1.73,2.67,3.53,2.44,1.71,2.56,5.0,2.04,1.91,3.09,3.94,0.0,3.42,2.28,0
2025-11-24T16:59:54.431624,85,student_4_lec_2a96290c_513a5569,lec_2a96290c,cv101,1,0.95,engaged,57.22,-0.0011,-0.0031,-0.0045,-0.0046,-0.0061,-0.0043,-149.2,-135.15,92.39,552.38,2677.61,-174.9,-20.8,3.0,2.49,1.77,2.51,3.51,4.27,1.49,2.67,3.62,2.52,1.77,2.48,5.0,2.1,1.65,3.35,3.97,0.0,3.39,2.26,0
2025-11-24T16:59:55.484541,86,student_4_lec_2a96290c_513a5569,lec_2a96290c,cv101,1,0.95,engaged,55.2,-0.0035,-0.0021,-0.0043,-0.0008,-0.0044,-0.0042,-155.41,-143.85,83.61,520.11,2785.39,178.45,-22.93,3.57,2.49,1.73,2.51,3.23,4.15,1.77,2.48,4.0,2.23,1.56,2.77,5.0,1.86,1.33,3.67,4.35,0.0,3.19,2.24,0
2025-11-24T16:59:56.559931,87,student_4_lec_2a96290c_513a5569,lec_2a96290c,cv101,1,0.95,engaged,53.16,-0.0029,0.0002,-0.0043,-0.0003,-0.0034,-0.0041,-160.88,18.48,63.58,512.31,2842.46,178.83,-22.31,1.88,2.45,1.8,2.55,2.78,4.15,2.22,2.41,3.74,2.19,1.53,2.81,5.0,1.83,0.91,4.09,4.28,0.0,3.17,2.27,0
2025-11-24T16:59:57.697666,88,student_4_lec_2a96290c_513a5569,lec_2a96290c,cv101,1,0.95,highly_engaged,77.99,-0.0019,-0.0009,-0.0041,0.0007,0.0001,-0.0039,7.12,5.74,-3.16,521.43,2868.59,176.58,-30.88,3.08,2.56,1.98,2.44,3.26,3.86,1.74,2.3,4.01,1.96,1.37,3.04,5.0,1.63,1.6,3.4,4.51,0.0,2.91,2.33,0
2025-11-24T16:59:58.618050,89,student_4_lec_2a96290c_513a5569,lec_2a96290c,cv101,1,0.95,engaged,54.1,-0.0024,-0.0004,-0.0041,0.001,-0.0001,-0.004,8.0,-176.27,11.2,540.1,2951.89,178.49,-26.22,0.94,2.67,2.08,2.33,3.29,3.77,1.71,2.34,3.77,2.1,1.47,2.9,5.0,1.75,1.51,3.49,4.24,0.0,2.94,2.36,0
2025-11-24T16:59:59.664741,90,student_4_lec_2a96290c_513a5569,lec_2a96290c,cv101,1,0.95,highly_engaged,78.9,-0.0023,-0.0008,-0.004,0.001,0.0003,-0.0039,7.95,3.09,72.8,551.01,2953.73,176.7,-28.59,2.47,2.59,1.96,2.41,3.48,3.83,1.52,2.28,3.66,1.98,1.38,3.02,5.0,1.65,2.01,2.99,4.29,0.0,2.91,2.32,0
2025-11-24T17:00:00.717274,91,student_4_lec_2a96290c_513a5569,lec_2a96290c,cv101,1,0.95,engaged,55.11,-0.0025,-0.0013,-0.0042,-0.0002,-0.0001,-0.004,-163.37,-170.45,90.03,549.08,2938.39,177.48,-24.93,1.4,2.76,2.08,2.24,3.45,3.88,1.55,2.32,3.75,2.12,1.48,2.88,5.0,1.77,1.67,3.33,4.22,0.0,3.0,2.36,0
2025-11-24T17:00:01.775826,92,student_4_lec_2a96290c_513a5569,lec_2a96290c,cv101,1,0.95,engaged,52.98,-0.0052,-0.0012,-0.0041,-0.0005,0.0037,-0.0041,-150.59,-12.83,-83.89,579.45,3083.37,176.3,-5.4,-1.71,2.12,1.54,2.88,2.89,3.89,2.11,2.2,3.61,2.16,1.51,2.84,5.0,1.8,1.73,3.27,4.29,0.0,3.03,2.18,0
2025-11-24T17:00:02.829808,93,student_4_lec_2a96290c_513a5569,lec_2a96290c,cv101,1,0.95,engaged,52.51,-0.0034,-0.0011,-0.004,-0.0014,-0.0065,-0.0037,-149.52,-141.92,108.9,579.41,2972.9,178.6,-28.97,3.24,2.83,2.21,2.17,3.03,3.67,1.97,2.24,3.57,2.01,1.41,2.99,5.0,1.67,1.86,3.14,4.24,0.0,2.84,2.4,0
2025-11-24T17:00:03.894055,94,student_4_lec_2a96290c_513a5569,lec_2a96290c,cv101,1,0.95,engaged,54.6,-0.0015,-0.0031,-0.0039,0.0009,-0.0111,-0.0037,3.55,-125.27,121.23,615.48,2966.78,-178.65,-27.13,4.09,2.82,2.08,2.18,3.42,3.91,1.58,2.4,3.34,1.86,1.3,3.14,5.0,1.55,2.34,2.66,3.8,0.0,2.89,2.36,0
2025-11-24T17:00:04.952133,95,student_4_lec_2a96290c_513a5569,lec_2a96290c,cv101,1,0.95,engaged,54.64,-0.0013,-0.0025,-0.0041,-0.001,-0.0029,-0.0039,-164.26,-145.99,97.73,643.76,2974.29,-178.95,-23.9,6.11,3.03,2.28,1.97,3.39,3.94,1.61,2.44,3.31,1.95,1.37,3.05,5.0,1.63,1.82,3.18,3.72,0.0,2.94,2.43,0
2025-11-24T17:00:05.998784,96,student_4_lec_2a96290c_513a5569,lec_2a96290c,cv101,1,0.95,engaged,54.55,-0.0008,-0.0024,-0.0043,-0.001,-0.0047,-0.0041,-167.66,-141.14,82.05,642.49,2955.8,-177.71,-20.97,3.68,2.97,2.26,2.03,3.31,3.9,1.69,2.45,3.31,2.15,1.51,2.85,5.0,1.8,1.72,3.28,3.74,0.0,3.02,2.42,0
2025-11-24T17:00:07.098737,97,student_4_lec_2a96290c_513a5569,lec_2a96290c,cv101,1,0.95,engaged,54.94,-0.0002,-0.0014,-0.004,0.0001,-0.004,-0.0038,0.55,-147.3,34.31,600.69,3004.76,177.43,-23.15,4.92,2.91,2.2,2.09,3.41,3.94,1.59,2.38,3.36,2.05,1.44,2.95,5.0,1.71,1.63,3.37,3.96,0.0,3.0,2.4,0
2025-11-24T17:00:08.110074,98,student_4_lec_2a96290c_513a5569,lec_2a96290c,cv101,1,0.95,engaged,53.79,-0.0014,-0.0002,-0.0039,0.0007,-0.0,-0.0037,4.74,-178.77,76.49,552.3,3028.16,173.95,-28.41,7.05,2.62,2.01,2.38,3.36,3.64,1.64,2.17,3.61,1.94,1.35,3.06,5.0,1.61,1.4,3.6,4.33,0.0,2.79,2.34,0
2025-11-24T17:00:09.176811,99,student_4_lec_2a96290c_513a5569,lec_2a96290c,cv101,1,0.95,engaged,53.6,-0.0014,-0.0019,-0.0039,-0.0004,-0.008,-0.0036,-166.69,-134.41,115.25,577.24,2959.53,179.4,-29.0,6.13,2.94,2.27,2.06,3.3,3.72,1.7,2.3,3.62,1.91,1.34,3.09,5.0,1.59,1.79,3.21,4.15,0.0,2.81,2.42,0
2025-11-24T17:00:10.223842,100,student_4_lec_2a96290c_513a5569,lec_2a96290c,cv101,1,0.95,engaged,54.65,-0.0018,-0.0027,-0.0039,-0.0021,-0.0044,-0.0037,-153.36,-137.86,125.5,611.46,2998.35,177.61,-27.02,8.82,3.14,2.37,1.86,3.55,3.67,1.45,2.25,3.62,1.99,1.39,3.01,5.0,1.65,2.1,2.9,4.01,0.0,2.83,2.46,0
2025-11-24T17:00:11.224332,101,student_4_lec_2a96290c_513a5569,lec_2a96290c,cv101,1,0.95,engaged,54.39,-0.0022,-0.0013,-0.0041,0.0007,-0.0011,-0.0039,9.22,-163.5,63.66,541.67,2928.42,176.39,-24.68,5.81,2.82,2.2,2.18,3.31,3.8,1.69,2.25,3.56,2.19,1.53,2.81,5.0,1.82,1.69,3.31,4.31,0.0,3.0,2.4,0
2025-11-24T17:00:12.269017,102,student_4_lec_2a96290c_513a5569,lec_2a96290c,cv101,1,0.95,engaged,51.77,-0.0016,-0.0007,-0.004,0.0007,-0.0007,-0.0038,5.57,-169.33,83.26,591.8,3040.72,177.36,-24.96,6.1,2.99,2.33,2.01,2.79,3.74,2.21,2.31,3.59,2.09,1.46,2.91,5.0,1.74,2.12,2.88,4.14,0.0,2.92,2.44,0
2025-11-24T17:00:13.323724,103,student_4_lec_2a96290c_513a5569,lec_2a96290c,cv101,1,0.95,engaged,53.63,-0.0007,-0.0017,-0.0041,0.0018,-0.0037,-0.0039,-7.54,-147.03,83.64,602.91,2994.6,178.14,-23.82,4.37,2.98,2.31,2.02,3.15,3.83,1.85,2.37,3.51,2.13,1.49,2.87,5.0,1.77,2.14,2.86,4.08,0.0,2.98,2.44,0
2025-11-24T17:00:14.383771,104,student_4_lec_2a96290c_513a5569,lec_2a96290c,cv101,1,0.95,engaged,53.57,0.0001,0.001,-0.0042,0.0003,-0.0032,-0.004,177.58,13.16,45.78,591.21,2991.8,175.97,-21.09,5.85,3.27,2.58,1.73,3.16,3.78,1.84,2.31,3.74,2.2,1.54,2.8,5.0,1.84,1.08,3.92,4.14,0.0,2.99,2.53,0
2025-11-24T17:00:15.383052,105,student_4_lec_2a96290c_513a5569,lec_2a96290c,cv101,1,0.95,engaged,54.18,-0.0018,-0.002,-0.004,0.0002,-0.0016,-0.0039,10.93,-156.02,37.86,567.36,2954.38,174.4,-24.6,5.41,2.78,2.08,2.22,3.19,3.99,1.81,2.27,3.76,2.06,1.44,2.94,5.0,1.72,1.32,3.68,4.25,0.0,3.03,2.36,0
2025-11-24T17:00:16.432544,106,student_4_lec_2a96290c_513a5569,lec_2a96290c,cv101,1,0.95,highly_engaged,75.84,0.0001,-0.0015,-0.004,-0.0002,0.0033,-0.0038,0.68,-10.35,37.18,552.57,3044.22,174.67,-24.27,5.41,2.69,2.13,2.31,2.79,3.79,2.21,2.26,3.77,2.02,1.41,2.98,5.0,1.68,1.73,3.27,4.36,0.0,2.91,2.38,0
2025-11-24T17:00:17.433554,107,student_4_lec_2a96290c_513a5569,lec_2a96290c,cv101,1,0.95,engaged,55.24,-0.0005,-0.0015,-0.0041,0.0005,-0.0004,-0.0039,-0.35,-166.84,31.11,526.47,2989.06,175.17,-21.75,3.83,2.52,1.96,2.48,3.51,3.85,1.49,2.18,3.55,2.07,1.45,2.93,5.0,1.72,1.57,3.43,4.41,0.0,2.96,2.32,0
2025-11-24T17:00:18.480885,108,student_4_lec_2a96290c_513a5569,lec_2a96290c,cv101,1,0.95,engaged,52.98,-0.0032,-0.0017,-0.0041,0.0016,-0.0,-0.0039,7.56,-168.6,75.57,552.94,3039.72,175.17,-26.17,5.52,2.72,2.12,2.28,3.09,3.73,1.91,2.19,3.56,2.02,1.41,2.98,5.0,1.68,2.02,2.98,4.32,0.0,2.88,2.37,0
2025-11-24T17:00:19.542519,109,student_4_lec_2a96290c_513a5569,lec_2a96290c,cv101,1,0.95,engaged,53.34,-0.0013,-0.0012,-0.004,-0.0007,-0.0057,-0.0038,-165.53,-143.69,85.12,571.12,3024.35,177.06,-25.87,5.55,2.94,2.28,2.06,3.18,3.68,1.82,2.22,3.45,2.11,1.48,2.89,5.0,1.76,1.94,3.06,4.16,0.0,2.9,2.43,0
2025-11-24T17:00:20.618578,110,student_4_lec_2a96290c_513a5569,lec_2a96290c,cv101,1,0.95,engaged,52.2,0.0005,-0.001,-0.004,0.0024,-0.0043,-0.0039,160.65,-148.78,78.36,599.11,3033.98,177.86,-25.36,5.21,2.97,2.36,2.03,2.94,3.67,2.06,2.33,3.64,2.08,1.46,2.92,5.0,1.74,2.26,2.74,4.03,0.0,2.88,2.45,0
2025-11-24T17:00:21.661468,111,student_4_lec_2a96290c_513a5569,lec_2a96290c,cv101,1,0.95,engaged,54.73,0.0006,-0.0005,-0.004,0.0012,-0.0032,-0.0038,166.9,-156.52,26.81,551.66,3028.56,176.43,-22.0,4.06,2.85,2.21,2.15,3.44,3.78,1.56,2.27,3.39,2.1,1.47,2.9,5.0,1.75,1.28,3.72,4.22,0.0,2.94,2.4,0
2025-11-24T17:00:22.719861,112,student_4_lec_2a96290c_513a5569,lec_2a96290c,cv101,1,0.95,engaged,52.89,-0.0045,-0.0024,-0.004,0.0004,-0.0052,-0.0039,21.04,-137.78,5.77,559.72,3020.26,178.9,-20.59,1.7,2.53,1.93,2.47,3.03,3.73,1.97,2.29,3.64,2.08,1.46,2.92,5.0,1.74,1.82,3.18,4.28,0.0,2.91,2.31,0
2025-11-24T17:00:23.774136,113,student_4_lec_2a96290c_513a5569,lec_2a96290c,cv101,1,0.95,engaged,53.77,-0.0017,-0.0012,-0.0038,-0.0004,0.0026,-0.0036,-165.25,-9.07,45.84,579.54,3044.02,176.42,-27.52,5.54,2.57,1.92,2.43,3.34,3.59,1.66,2.25,3.58,2.04,1.42,2.96,5.0,1.7,1.85,3.15,4.2,0.0,2.81,2.31,0
2025-11-24T17:00:24.827263,114,student_4_lec_2a96290c_513a5569,lec_2a96290c,cv101,1,0.95,engaged,54.36,-0.0037,-0.0015,-0.0042,0.0015,-0.003,-0.0041,10.56,-152.3,76.71,567.56,2900.35,179.28,-16.96,2.67,3.15,2.5,1.85,3.22,4.0,1.78,2.39,3.7,2.15,1.5,2.85,5.0,1.79,2.32,2.68,4.19,0.0,3.08,2.5,0
2025-11-24T17:00:25.883653,115,student_4_lec_2a96290c_513a5569,lec_2a96290c,cv101,1,0.95,engaged,55.22,-0.0031,-0.0018,-0.0042,-0.0009,-0.0044,-0.0041,-155.64,-145.23,53.48,570.76,2810.82,-177.59,-15.28,2.02,2.92,2.25,2.08,3.22,4.13,1.78,2.62,3.43,2.4,1.68,2.6,5.0,2.0,1.48,3.52,4.11,0.0,3.26,2.42,0
2025-11-24T17:00:26.942485,116,student_4_lec_2a96290c_513a5569,lec_2a96290c,cv101,1,0.95,engaged,55.58,-0.0009,-0.001,-0.0046,-0.0034,-0.0038,-0.0042,-154.91,-152.72,206.51,540.67,2657.07,-177.46,-26.49,5.64,3.23,2.42,1.77,3.4,4.09,1.6,2.59,3.99,2.25,1.58,2.75,5.0,1.88,1.81,3.19,4.16,0.0,3.17,2.47,0
2025-11-24T17:00:27.995961,117,student_4_lec_2a96290c_513a5569,lec_2a96290c,cv101,1,0.95,engaged,55.72,-0.0019,-0.0016,-0.0044,0.002,-0.0078,-0.0046,0.1,-140.38,-91.46,494.75,2642.24,-179.71,21.73,-2.8,2.56,1.86,2.44,3.31,4.18,1.69,2.54,3.75,2.31,1.62,2.69,5.0,1.92,1.58,3.42,4.47,0.0,3.25,2.29,0
2025-11-24T17:00:29.060614,118,student_4_lec_2a96290c_513a5569,lec_2a96290c,cv101,1,0.95,engaged,53.2,-0.0057,0.0012,-0.0042,-0.0045,-0.0085,-0.0043,-129.84,23.61,-132.24,489.68,2809.59,173.08,19.05,-4.79,2.61,2.01,2.39,3.02,3.86,1.98,2.35,4.11,2.11,1.48,2.89,5.0,1.76,0.87,4.13,4.63,0.0,2.98,2.34,0
2025-11-24T17:00:30.119737,119,student_4_lec_2a96290c_513a5569,lec_2a96290c,cv101,1,0.95,engaged,52.49,-0.0051,-0.0001,-0.0039,0.0003,-0.0045,-0.004,24.04,-155.01,-137.18,490.55,2859.54,175.74,22.69,-5.75,2.17,1.59,2.83,2.68,4.13,2.32,2.41,3.85,2.05,1.43,2.95,5.0,1.71,1.67,3.33,4.44,0.0,3.09,2.2,0
2025-11-24T17:00:31.175668,120,student_4_lec_2a96290c_513a5569,lec_2a96290c,cv101,1,0.95,engaged,53.31,-0.0031,-0.0011,-0.0042,0.0,-0.002,-0.0042,18.13,-160.19,39.15,525.97,2975.64,176.04,-15.45,1.19,2.83,2.2,2.17,3.04,3.87,1.96,2.39,3.82,2.14,1.5,2.86,5.0,1.78,1.86,3.14,4.45,0.0,3.0,2.4,0
2025-11-24T17:00:32.236730,121,student_4_lec_2a96290c_513a5569,lec_2a96290c,cv101,1,0.95,engaged,53.64,-0.0065,-0.0012,-0.0043,-0.0028,0.0012,-0.0044,-135.14,0.19,-112.62,539.71,2888.93,179.56,12.75,-4.09,2.35,1.75,2.65,2.95,3.96,2.05,2.44,3.52,2.32,1.63,2.68,5.0,1.93,1.83,3.17,4.28,0.0,3.14,2.25,0
2025-11-24T17:03:47.638149,122,student_4_lec_2a96290c_513a5569,lec_2a96290c,cv101,0,0.0,no_face,0.0,0.0,0.0,0.0,0.0,0.0,0.0,0.0,0.0,0.0,0.0,0.0,0.0,0.0,0.0,0.0,0.0,0.0,0.0,0.0,0.0,0.0,0.0,0.0,0.0,0.0,0.0,0.0,0.0,0.0,0.0,0.0,0.0,0.0,0.0
2025-11-24T17:03:48.678689,123,student_4_lec_2a96290c_513a5569,lec_2a96290c,cv101,1,0.95,partially_engaged,48.38,-0.0067,-0.0006,-0.0037,0.0011,-0.0014,-0.0037,22.17,-164.93,-326.39,534.88,3323.32,171.23,-20.01,5.27,3.05,2.51,1.95,2.13,3.65,2.87,2.04,3.3,1.96,1.37,3.04,5.0,1.63,1.62,3.38,4.29,0.0,2.8,2.5,0.74
2025-11-24T17:03:49.707462,124,student_4_lec_2a96290c_513a5569,lec_2a96290c,cv101,1,0.95,engaged,50.57,-0.0032,0.0009,-0.0036,0.0018,0.0027,-0.0036,6.95,154.43,-302.33,516.93,3248.25,170.52,-20.11,4.39,2.72,2.19,2.28,2.64,3.52,2.36,2.0,3.64,2.09,1.47,2.91,5.0,1.75,1.56,3.44,4.49,0.0,2.8,2.4,0
2025-11-24T17:03:50.768419,125,student_4_lec_2a96290c_513a5569,lec_2a96290c,cv101,1,0.95,partially_engaged,49.55,-0.0013,-0.0011,-0.0038,0.0003,-0.0048,-0.0038,7.19,-145.67,-331.04,526.08,3252.37,173.12,-11.63,3.09,2.7,2.22,2.3,2.48,3.39,2.52,1.98,3.52,2.1,1.47,2.9,5.0,1.75,1.68,3.32,4.44,0.0,2.75,2.41,0.04
2025-11-24T17:03:51.825797,126,student_4_lec_2a96290c_513a5569,lec_2a96290c,cv101,1,0.95,engaged,50.25,-0.0026,-0.0003,-0.0038,0.0014,-0.0013,-0.0037,7.48,-167.97,-338.63,543.19,3241.98,174.04,-13.86,2.47,2.62,2.1,2.38,2.5,3.61,2.5,2.08,3.38,2.1,1.47,2.9,5.0,1.75,1.72,3.28,4.32,0.0,2.85,2.37,0
2025-11-24T17:03:52.881747,127,student_4_lec_2a96290c_513a5569,lec_2a96290c,cv101,1,0.95,engaged,50.55,-0.0057,-0.0006,-0.0038,0.0001,0.0001,-0.0038,27.55,3.61,-387.92,547.93,3237.66,174.98,0.02,-0.73,2.47,2.0,2.53,2.58,3.57,2.42,2.09,3.32,2.11,1.48,2.89,5.0,1.76,1.99,3.01,4.37,0.0,2.84,2.33,0
2025-11-24T17:03:53.883865,128,student_4_lec_2a96290c_513a5569,lec_2a96290c,cv101,1,0.95,engaged,52.02,-0.0041,-0.0017,-0.0038,0.0011,-0.0008,-0.0039,15.73,-162.08,-421.28,552.18,3197.86,175.21,7.59,-2.85,2.27,1.8,2.73,2.9,3.56,2.1,2.11,3.48,2.14,1.5,2.86,5.0,1.78,1.66,3.34,4.36,0.0,2.85,2.27,0
2025-11-24T17:03:54.926871,129,student_4_lec_2a96290c_513a5569,lec_2a96290c,cv101,1,0.95,engaged,51.02,-0.0035,-0.0015,-0.0038,0.0008,-0.0008,-0.0039,15.65,-163.14,-424.54,552.74,3192.38,173.25,7.4,-2.34,2.32,1.81,2.68,2.74,3.47,2.26,2.1,3.52,2.1,1.47,2.9,5.0,1.75,1.54,3.46,4.39,0.0,2.79,2.27,0
2025-11-24T17:03:55.986244,130,student_4_lec_2a96290c_513a5569,lec_2a96290c,cv101,1,0.95,engaged,51.19,-0.0038,-0.002,-0.0035,0.0001,0.0004,-0.0034,22.83,12.32,-307.27,578.26,3369.83,170.19,-13.98,3.15,2.04,1.6,2.96,2.84,3.41,2.16,1.92,3.41,2.0,1.4,3.0,5.0,1.67,1.9,3.1,4.38,0.0,2.71,2.2,0
2025-11-24T17:03:57.019988,131,student_4_lec_2a96290c_513a5569,lec_2a96290c,cv101,1,0.95,engaged,50.17,-0.0068,-0.0004,-0.0037,0.0043,-0.0087,-0.0037,5.76,-143.54,-318.59,558.14,3393.25,172.53,-7.21,1.82,2.65,2.19,2.35,2.74,3.11,2.26,1.96,2.96,2.23,1.56,2.77,5.0,1.86,1.6,3.4,4.28,0.0,2.67,2.4,0
2025-11-24T17:03:58.038274,132,student_4_lec_2a96290c_513a5569,lec_2a96290c,cv101,1,0.95,engaged,73.49,-0.0017,-0.0001,-0.0036,0.0007,0.0004,-0.0037,7.43,-2.08,-364.48,568.44,3361.46,171.7,10.81,-2.81,2.13,1.74,2.87,2.56,3.27,2.44,1.93,3.38,1.96,1.37,3.04,5.0,1.64,1.95,3.05,4.36,0.0,2.62,2.25,0
2025-11-24T17:03:59.084025,133,student_4_lec_2a96290c_513a5569,lec_2a96290c,cv101,0,0.0,no_face,0.0,0.0,0.0,0.0,0.0,0.0,0.0,0.0,0.0,0.0,0.0,0.0,0.0,0.0,0.0,0.0,0.0,0.0,0.0,0.0,0.0,0.0,0.0,0.0,0.0,0.0,0.0,0.0,0.0,0.0,0.0,0.0,0.0,0.0,0.0
2025-11-24T17:04:00.146558,134,student_4_lec_2a96290c_513a5569,lec_2a96290c,cv101,1,0.95,partially_engaged,46.21,-0.003,0.0022,-0.0033,0.0011,0.0062,-0.0033,11.92,132.7,-136.85,586.05,3705.97,168.09,7.85,-2.87,2.01,1.69,2.99,2.07,2.92,2.93,1.67,2.87,1.82,1.27,3.18,5.0,1.51,1.59,3.41,4.07,0.0,2.37,2.23,0.86
2025-11-24T17:04:01.213545,135,student_4_lec_2a96290c_513a5569,lec_2a96290c,cv101,1,0.95,partially_engaged,44.04,-0.0017,-0.0009,-0.0036,0.0009,-0.0026,-0.0033,5.59,-153.7,93.99,654.83,3549.33,173.24,-23.42,8.8,3.23,2.66,1.77,1.5,3.04,3.5,1.89,3.02,1.98,1.39,3.02,5.0,1.65,1.7,3.3,3.9,0.0,2.51,2.55,2.0
2025-11-24T17:04:02.259038,136,student_4_lec_2a96290c_513a5569,lec_2a96290c,cv101,1,0.95,engaged,68.02,-0.0038,0.0028,-0.0036,0.0032,-0.0014,-0.0035,1.96,-8.08,-77.92,605.63,3553.8,165.46,-5.44,-2.89,2.64,2.28,2.36,1.68,2.74,3.32,1.68,3.12,1.91,1.34,3.09,5.0,1.59,1.47,3.53,4.4,0.0,2.33,2.43,1.64
2025-11-24T17:04:03.313318,137,student_4_lec_2a96290c_513a5569,lec_2a96290c,cv101,1,0.95,partially_engaged,47.77,-0.0041,0.0017,-0.0035,-0.0045,-0.005,-0.0035,-129.66,14.51,-199.68,628.13,3474.12,170.33,3.75,-9.99,1.54,1.21,3.46,2.21,3.1,2.79,1.79,3.28,2.0,1.4,3.0,5.0,1.67,1.52,3.48,4.2,0.0,2.55,2.07,0.58
2025-11-24T17:04:04.369309,138,student_4_lec_2a96290c_513a5569,lec_2a96290c,cv101,1,0.95,partially_engaged,46.88,-0.0033,-0.0001,-0.0035,0.0003,-0.0,-0.0036,19.08,-179.16,-171.38,667.63,3573.66,170.86,-0.02,-6.52,1.87,1.49,3.13,2.03,3.1,2.97,1.87,3.01,1.99,1.39,3.01,5.0,1.66,1.88,3.12,4.11,0.0,2.54,2.16,0.94
2025-11-24T17:04:05.424118,139,student_4_lec_2a96290c_513a5569,lec_2a96290c,cv101,1,0.95,engaged,50.23,-0.0047,-0.0004,-0.0033,-0.0022,-0.0025,-0.0032,-135.35,-157.5,-152.06,733.82,3398.76,-178.67,-18.87,1.59,2.86,2.19,2.14,2.7,3.54,2.3,2.21,3.1,1.73,1.21,3.27,5.0,1.44,3.05,1.95,3.31,0.0,2.63,2.4,0
2025-11-24T17:04:06.483499,140,student_4_lec_2a96290c_513a5569,lec_2a96290c,cv101,1,0.95,engaged,50.64,-0.0026,-0.0022,-0.0034,-0.0022,-0.0028,-0.0034,-144.67,-143.75,-110.42,684.36,3334.11,178.99,-19.94,-2.23,1.93,1.52,3.07,2.72,3.53,2.28,2.12,3.55,1.79,1.25,3.21,5.0,1.49,2.2,2.8,3.72,0.0,2.66,2.17,0
2025-11-24T17:04:07.485262,141,student_4_lec_2a96290c_513a5569,lec_2a96290c,cv101,1,0.95,partially_engaged,48.17,-0.0017,-0.0022,-0.0034,-0.0013,0.0012,-0.0033,-155.41,6.19,-114.91,653.79,3517.28,171.34,-18.15,1.08,1.92,1.57,3.08,2.41,3.12,2.59,1.84,2.96,1.78,1.24,3.22,5.0,1.48,1.78,3.22,4.32,0.0,2.45,2.19,0.18
2025-11-24T17:04:08.532349,142,student_4_lec_2a96290c_513a5569,lec_2a96290c,cv101,1,0.95,partially_engaged,45.48,-0.0019,-0.0005,-0.0035,-0.0013,-0.0023,-0.0035,-155.59,-159.07,-138.76,553.16,3578.04,163.76,1.07,1.48,1.77,1.54,3.23,1.87,2.87,3.13,1.54,3.07,1.94,1.36,3.06,5.0,1.62,1.69,3.31,4.56,0.0,2.41,2.18,1.26
2025-11-24T17:04:09.592947,143,student_4_lec_2a96290c_513a5569,lec_2a96290c,cv101,1,0.95,partially_engaged,46.36,0.0005,-0.0026,-0.0033,0.0005,-0.0005,-0.0032,171.68,-155.94,-41.68,596.95,3662.35,165.35,-12.57,4.35,1.75,1.4,3.25,1.96,3.09,3.04,1.6,3.2,1.86,1.3,3.14,5.0,1.55,2.09,2.91,4.28,0.0,2.48,2.13,1.08
2025-11-24T17:04:10.643432,144,student_4_lec_2a96290c_513a5569,lec_2a96290c,cv101,1,0.95,partially_engaged,47.01,-0.0026,-0.0019,-0.0036,-0.0002,0.001,-0.0034,-159.99,6.09,-21.65,607.76,3556.46,169.05,-14.46,3.66,1.87,1.52,3.13,2.08,3.1,2.92,1.73,3.11,1.94,1.36,3.06,5.0,1.62,2.03,2.97,4.27,0.0,2.52,2.17,0.84
2025-11-24T17:04:11.704270,145,student_4_lec_2a96290c_513a5569,lec_2a96290c,cv101,1,0.95,partially_engaged,47.65,-0.0021,-0.0016,-0.0035,-0.0005,-0.0019,-0.0034,-160.23,-153.46,-28.88,624.24,3522.56,170.97,-17.02,4.39,1.88,1.54,3.12,2.25,3.14,2.75,1.77,3.07,1.84,1.29,3.16,5.0,1.54,1.92,3.08,4.15,0.0,2.49,2.18,0.5
2025-11-24T17:04:12.766198,146,student_4_lec_2a96290c_513a5569,lec_2a96290c,cv101,1,0.95,partially_engaged,48.33,-0.0027,-0.0007,-0.0036,-0.0004,-0.0011,-0.0035,-158.59,-165.7,-35.54,628.21,3477.82,172.82,-17.03,2.8,2.12,1.76,2.88,2.32,3.2,2.68,1.85,3.07,2.0,1.4,3.0,5.0,1.67,1.92,3.08,4.08,0.0,2.6,2.25,0.36
2025-11-24T17:04:13.840783,147,student_4_lec_2a96290c_513a5569,lec_2a96290c,cv101,1,0.95,partially_engaged,50.0,-0.0051,-0.0012,-0.0033,0.0033,-0.004,-0.0033,6.11,-144.52,124.23,-855.99,-3812.23,-157.33,-11.98,176.62,2.34,1.76,2.66,2.79,3.21,2.21,2.12,3.27,1.78,1.25,3.22,3.5,1.49,2.89,2.11,2.77,0.0,2.5,2.25,0
2025-11-24T17:04:14.888257,148,student_4_lec_2a96290c_513a5569,lec_2a96290c,cv101,1,0.95,engaged,50.63,-0.0057,-0.0022,-0.0034,-0.0006,-0.0067,-0.0034,-145.75,-132.25,-139.32,797.97,3470.72,178.32,-1.38,2.07,2.66,2.02,2.34,2.84,3.33,2.16,2.12,3.13,1.89,1.33,3.11,5.0,1.58,2.18,2.82,3.51,0.0,2.61,2.34,0
2025-11-24T17:04:15.949495,149,student_4_lec_2a96290c_513a5569,lec_2a96290c,cv101,1,0.95,engaged,50.89,-0.0015,-0.0006,-0.0034,0.0001,-0.0002,-0.0033,11.37,-172.71,-51.47,753.77,3352.45,174.69,-26.92,1.77,2.15,1.63,2.85,2.78,3.61,2.22,2.09,3.27,1.69,1.18,3.31,5.0,1.41,1.97,3.03,3.8,0.0,2.65,2.21,0
2025-11-24T17:04:17.005792,150,student_4_lec_2a96290c_513a5569,lec_2a96290c,cv101,1,0.95,partially_engaged,48.0,-0.0016,-0.0009,-0.0033,-0.0002,-0.0024,-0.0032,-165.32,-153.95,-94.52,683.51,3533.53,170.42,-28.52,0.0,1.11,0.74,3.89,2.19,3.4,2.81,1.77,2.76,1.64,1.15,3.36,5.0,1.36,1.96,3.04,4.12,0.0,2.52,1.91,0.62
2025-11-24T17:04:18.060204,151,student_4_lec_2a96290c_513a5569,lec_2a96290c,cv101,1,0.95,partially_engaged,46.47,-0.0004,-0.002,-0.0033,0.0002,-0.0003,-0.0033,1.76,-161.99,-192.14,662.32,3641.64,171.5,1.82,-0.69,1.91,1.54,3.09,2.01,3.07,2.99,1.86,2.85,1.86,1.3,3.14,5.0,1.55,1.76,3.24,4.05,0.0,2.46,2.18,0.98
2025-11-24T17:04:19.108578,152,student_4_lec_2a96290c_513a5569,lec_2a96290c,cv101,1,0.95,partially_engaged,47.9,-0.0068,-0.0018,-0.0032,0.0002,-0.0014,-0.0032,30.75,-153.9,-121.74,665.38,3617.97,169.35,-14.5,2.53,1.68,1.34,3.32,2.36,3.1,2.64,1.7,3.02,1.73,1.21,3.27,5.0,1.44,1.64,3.36,4.24,0.0,2.42,2.11,0.28
2025-11-24T17:04:20.163292,153,student_4_lec_2a96290c_513a5569,lec_2a96290c,cv101,1,0.95,partially_engaged,47.13,-0.0006,-0.0003,-0.0033,-0.0005,-0.0027,-0.0032,-170.97,-157.53,-122.78,713.81,3648.9,172.78,-12.55,1.27,2.23,1.81,2.77,2.23,2.99,2.77,1.83,3.04,1.87,1.31,3.13,5.0,1.56,2.02,2.98,4.02,0.0,2.43,2.27,0.54
2025-11-24T17:04:21.217224,154,student_4_lec_2a96290c_513a5569,lec_2a96290c,cv101,1,0.95,partially_engaged,48.4,-0.0019,-0.0019,-0.0033,0.0001,-0.0014,-0.0032,14.21,-153.35,-101.2,718.2,3634.94,172.26,-21.75,3.65,2.03,1.6,2.97,2.49,3.13,2.51,1.8,2.97,1.7,1.19,3.3,5.0,1.42,1.92,3.08,3.91,0.0,2.42,2.2,0.02
2025-11-24T17:04:22.223448,155,student_4_lec_2a96290c_513a5569,lec_2a96290c,cv101,1,0.95,partially_engaged,46.8,-0.0017,0.0002,-0.0035,-0.0019,0.0034,-0.0032,-151.23,155.4,16.46,598.56,3506.48,165.55,-24.28,13.68,2.7,2.28,2.3,2.28,2.89,2.72,1.6,3.01,1.8,1.26,3.2,5.0,1.5,1.34,3.66,4.41,0.0,2.35,2.43,0.44
2025-11-24T17:04:23.266526,156,student_4_lec_2a96290c_513a5569,lec_2a96290c,cv101,1,0.95,engaged,73.29,-0.0017,-0.0013,-0.0038,0.001,0.0006,-0.0036,4.06,4.48,-49.0,566.54,3261.07,167.5,-25.14,6.24,2.11,1.75,2.89,2.5,3.27,2.5,1.78,3.48,2.0,1.4,3.0,5.0,1.67,1.09,3.91,4.64,0.0,2.63,2.25,0
2025-11-24T17:04:24.266561,157,student_4_lec_2a96290c_513a5569,lec_2a96290c,cv101,1,0.95,partially_engaged,48.86,0.0,-0.0029,-0.0038,-0.0002,-0.0018,-0.0036,1.47,-147.94,-76.22,596.04,3347.33,170.16,-17.89,5.21,1.9,1.55,3.1,2.35,3.33,2.65,1.84,3.25,1.99,1.39,3.01,5.0,1.66,1.37,3.63,4.42,0.0,2.66,2.18,0.3
2025-11-24T17:04:25.314588,158,student_4_lec_2a96290c_513a5569,lec_2a96290c,cv101,1,0.95,partially_engaged,48.11,-0.0006,-0.002,-0.0037,0.0001,-0.0012,-0.0035,3.36,-156.23,-86.05,614.5,3440.38,170.78,-20.22,5.37,1.97,1.6,3.03,2.28,3.21,2.72,1.82,3.11,1.93,1.35,3.07,5.0,1.61,1.71,3.29,4.28,0.0,2.57,2.2,0.44
2025-11-24T17:04:26.322427,159,student_4_lec_2a96290c_513a5569,lec_2a96290c,cv101,1,0.95,partially_engaged,47.73,-0.0047,-0.0009,-0.0036,0.0002,-0.0005,-0.0035,24.45,-169.15,-85.39,624.49,3417.39,171.31,-22.56,3.61,2.06,1.68,2.94,2.13,3.3,2.87,1.86,3.21,1.96,1.38,3.04,5.0,1.64,1.79,3.21,4.26,0.0,2.63,2.23,0.74
2025-11-24T17:04:27.365165,160,student_4_lec_2a96290c_513a5569,lec_2a96290c,cv101,1,0.95,partially_engaged,47.71,-0.002,-0.0003,-0.0037,-0.0,-0.0,-0.0036,-165.65,-177.19,-109.81,640.12,3468.59,169.79,-17.74,3.41,2.12,1.77,2.88,2.22,3.2,2.78,1.85,3.27,1.9,1.33,3.1,5.0,1.59,1.83,3.17,4.26,0.0,2.55,2.26,0.56
2025-11-24T17:04:28.422432,161,student_4_lec_2a96290c_513a5569,lec_2a96290c,cv101,1,0.95,partially_engaged,47.73,-0.0045,-0.0007,-0.0036,0.0,-0.0004,-0.0035,25.43,-171.28,-102.72,635.85,3441.11,170.55,-18.52,3.55,1.98,1.63,3.02,2.15,3.26,2.85,1.85,3.31,1.96,1.37,3.04,5.0,1.63,1.92,3.08,4.23,0.0,2.61,2.21,0.7
2025-11-24T17:04:29.474295,162,student_4_lec_2a96290c_513a5569,lec_2a96290c,cv101,1,0.95,partially_engaged,47.88,-0.0039,-0.0004,-0.0036,0.0032,-0.0007,-0.0035,2.47,-170.92,-124.89,646.28,3463.22,169.87,-15.49,4.56,2.18,1.79,2.82,2.22,3.26,2.78,1.85,3.29,1.91,1.34,3.09,5.0,1.59,1.88,3.12,4.22,0.0,2.58,2.26,0.56
2025-11-24T17:04:30.534434,163,student_4_lec_2a96290c_513a5569,lec_2a96290c,cv101,1,0.95,partially_engaged,47.27,-0.0037,-0.0012,-0.0035,0.0007,-0.0008,-0.0034,17.45,-163.86,-114.26,656.28,3479.58,170.41,-19.94,4.88,2.16,1.79,2.84,2.11,3.28,2.89,1.85,3.34,1.8,1.26,3.2,5.0,1.5,1.84,3.16,4.2,0.0,2.54,2.26,0.78
2025-11-24T17:04:31.589335,164,student_4_lec_2a96290c_513a5569,lec_2a96290c,cv101,1,0.95,partially_engaged,48.42,-0.0053,-0.0019,-0.0035,0.0007,-0.0022,-0.0034,22.6,-149.62,-108.3,663.73,3428.57,171.06,-19.79,3.35,2.0,1.62,3.0,2.3,3.31,2.7,1.88,3.29,1.91,1.34,3.09,5.0,1.59,1.7,3.3,4.27,0.0,2.61,2.21,0.4
2025-11-24T17:04:32.589447,165,student_4_lec_2a96290c_513a5569,lec_2a96290c,cv101,1,0.95,partially_engaged,48.77,-0.0033,-0.0003,-0.0036,-0.0015,0.0011,-0.0035,-146.94,-6.11,-119.25,670.44,3438.14,171.11,-15.23,2.19,2.26,1.87,2.74,2.42,3.24,2.58,1.86,3.25,1.97,1.38,3.03,5.0,1.64,1.17,3.83,4.2,0.0,2.6,2.29,0.16
2025-11-24T17:04:33.651861,166,student_4_lec_2a96290c_513a5569,lec_2a96290c,cv101,1,0.95,partially_engaged,48.99,-0.0044,-0.0018,-0.0034,-0.0013,0.0002,-0.0033,-143.59,12.69,-112.12,683.02,3442.69,172.4,-20.34,1.74,1.69,1.29,3.31,2.39,3.31,2.61,1.93,3.09,1.95,1.36,3.05,5.0,1.62,0.91,4.09,4.07,0.0,2.63,2.1,0.22
2025-11-24T17:04:34.689308,167,student_4_lec_2a96290c_513a5569,lec_2a96290c,cv101,1,0.95,engaged,50.07,-0.0024,-0.0017,-0.0036,-0.0012,-0.0012,-0.0034,-153.01,-157.35,-87.68,685.32,3465.2,171.44,-25.07,3.5,1.93,1.51,3.07,2.73,3.28,2.27,1.86,3.18,1.82,1.27,3.18,5.0,1.52,1.93,3.07,4.05,0.0,2.55,2.17,0
2025-11-24T17:04:35.758612,168,student_4_lec_2a96290c_513a5569,lec_2a96290c,cv101,1,0.95,partially_engaged,49.72,-0.0047,-0.0013,-0.0035,-0.0,0.001,-0.0034,-153.11,1.73,-101.06,678.29,3430.97,171.48,-21.05,2.65,2.0,1.59,3.0,2.6,3.3,2.4,1.88,3.12,1.93,1.35,3.07,5.0,1.61,1.65,3.35,4.03,0.0,2.61,2.2,0
2025-11-24T17:04:36.806479,169,student_4_lec_2a96290c_513a5569,lec_2a96290c,cv101,1,0.95,partially_engaged,48.65,-0.0008,-0.0014,-0.0036,0.0007,-0.0018,-0.0034,0.43,-155.3,-85.42,680.26,3439.86,171.3,-23.33,2.98,2.05,1.68,2.95,2.4,3.26,2.6,1.89,3.17,1.89,1.32,3.11,5.0,1.58,1.67,3.33,4.01,0.0,2.57,2.23,0.2
2025-11-24T17:04:37.888554,170,student_4_lec_2a96290c_513a5569,lec_2a96290c,cv101,1,0.95,engaged,72.85,-0.0019,-0.0013,-0.0036,0.0006,0.0013,-0.0035,8.53,-0.19,-114.09,684.68,3486.14,171.91,-16.31,1.66,2.1,1.71,2.9,2.46,3.21,2.54,1.83,3.03,1.93,1.35,3.07,5.0,1.61,1.69,3.31,4.07,0.0,2.57,2.24,0.08
2025-11-24T17:04:38.939489,171,student_4_lec_2a96290c_513a5569,lec_2a96290c,cv101,1,0.95,partially_engaged,48.57,-0.0032,-0.0021,-0.0035,-0.0004,0.0002,-0.0034,-155.76,14.06,-129.75,688.68,3516.93,169.93,-20.26,1.79,2.07,1.69,2.93,2.38,3.23,2.62,1.82,3.14,1.93,1.35,3.07,5.0,1.61,1.59,3.41,4.09,0.0,2.58,2.23,0.24
2025-11-24T17:04:39.988649,172,student_4_lec_2a96290c_513a5569,lec_2a96290c,cv101,1,0.95,engaged,61.37,-0.0054,-0.0021,-0.0035,0.0014,0.0009,-0.0034,17.59,8.25,-201.35,737.52,3687.73,170.55,-10.16,-0.29,1.9,1.45,3.1,2.56,3.28,2.44,1.85,2.99,1.83,1.28,3.17,5.0,1.52,1.88,3.12,3.98,0.0,2.55,2.15,0
2025-11-24T17:04:41.006253,173,student_4_lec_2a96290c_513a5569,lec_2a96290c,cv101,1,0.95,partially_engaged,45.8,-0.0053,0.0,-0.0035,0.0006,0.0013,-0.0034,23.09,169.01,-118.24,721.11,3615.79,167.53,-16.9,3.38,2.2,1.81,2.8,1.86,3.02,3.14,1.73,3.28,1.97,1.38,3.03,5.0,1.64,2.43,2.57,4.14,0.0,2.5,2.27,1.28
2025-11-24T17:04:42.054843,174,student_4_lec_2a96290c_513a5569,lec_2a96290c,cv101,1,0.95,partially_engaged,46.61,-0.0016,-0.0013,-0.0036,0.0001,-0.0018,-0.0035,11.22,-157.09,-112.28,739.02,3646.82,169.99,-12.91,1.82,2.22,1.81,2.78,2.0,3.17,3.0,1.82,3.17,1.86,1.3,3.14,5.0,1.55,2.18,2.82,3.95,0.0,2.52,2.27,1.0
2025-11-24T17:04:43.092550,175,student_4_lec_2a96290c_513a5569,lec_2a96290c,cv101,1,0.95,partially_engaged,49.65,-0.0046,-0.0014,-0.0036,0.0014,-0.0007,-0.0035,15.17,-163.5,-150.5,737.61,3587.92,174.21,-13.68,-1.64,1.85,1.43,3.15,2.58,3.34,2.42,1.84,2.87,1.84,1.29,3.16,5.0,1.54,2.05,2.95,3.83,0.0,2.59,2.14,0
2025-11-24T17:04:44.146234,176,student_4_lec_2a96290c_513a5569,lec_2a96290c,cv101,1,0.95,partially_engaged,48.87,-0.006,-0.0006,-0.0035,0.0005,-0.0025,-0.0034,25.38,-156.59,-133.7,738.49,3590.19,175.08,-18.93,-3.01,1.94,1.52,3.06,2.43,3.33,2.57,1.88,2.96,1.8,1.26,3.2,5.0,1.5,1.88,3.12,3.59,0.0,2.56,2.17,0.14
2025-11-24T17:04:45.150559,177,student_4_lec_2a96290c_513a5569,lec_2a96290c,cv101,1,0.95,engaged,50.7,-0.0032,-0.001,-0.0036,-0.0001,-0.0013,-0.0035,-157.98,-162.35,-156.18,698.63,3470.19,172.9,-21.92,-3.91,1.51,1.13,3.49,2.76,3.38,2.24,1.93,3.07,1.88,1.31,3.12,5.0,1.56,2.38,2.62,3.86,0.0,2.63,2.04,0
2025-11-24T17:04:46.194815,178,student_4_lec_2a96290c_513a5569,lec_2a96290c,cv101,1,0.95,partially_engaged,47.27,-0.0041,-0.0023,-0.0035,-0.0006,-0.0019,-0.0034,-150.05,-148.81,-147.53,722.04,3589.85,169.75,-20.51,-2.33,1.98,1.6,3.02,2.05,3.3,2.95,1.82,3.05,1.88,1.32,3.12,5.0,1.57,2.34,2.66,3.97,0.0,2.59,2.2,0.9
2025-11-24T17:04:47.259435,179,student_4_lec_2a96290c_513a5569,lec_2a96290c,cv101,1,0.95,engaged,50.21,-0.0033,-0.0017,-0.0035,0.0002,-0.0004,-0.0035,20.06,-164.12,-144.48,719.47,3563.61,170.06,-19.52,-2.43,1.61,1.21,3.39,2.7,3.34,2.3,1.87,3.02,1.83,1.28,3.17,5.0,1.52,2.02,2.98,3.85,0.0,2.58,2.07,0
2025-11-24T17:04:48.306655,180,student_4_lec_2a96290c_513a5569,lec_2a96290c,cv101,1,0.95,partially_engaged,49.06,-0.0041,-0.0017,-0.0035,-0.0003,-0.0017,-0.0035,-153.14,-154.45,-151.31,722.54,3579.01,169.81,-19.53,-2.21,1.69,1.28,3.31,2.5,3.28,2.5,1.86,3.03,1.77,1.24,3.23,5.0,1.48,2.42,2.58,3.9,0.0,2.52,2.09,0
2025-11-24T17:04:49.320496,181,student_4_lec_2a96290c_513a5569,lec_2a96290c,cv101,1,0.95,partially_engaged,48.96,-0.0038,-0.002,-0.0035,-0.0008,-0.002,-0.0034,-149.93,-150.56,-146.93,727.19,3584.65,170.43,-17.92,-2.24,1.74,1.33,3.26,2.44,3.32,2.56,1.86,3.01,1.81,1.27,3.19,5.0,1.51,2.31,2.69,3.91,0.0,2.56,2.11,0.12
2025-11-24T17:04:50.354320,182,student_4_lec_2a96290c_513a5569,lec_2a96290c,cv101,1,0.95,partially_engaged,48.61,-0.0016,-0.0001,-0.0035,-0.0002,-0.0014,-0.0034,-165.93,-167.87,-113.35,720.83,3553.08,168.91,-21.18,-0.38,1.93,1.48,3.07,2.42,3.23,2.58,1.81,3.1,1.82,1.27,3.18,5.0,1.52,2.33,2.67,3.97,0.0,2.52,2.16,0.16
2025-11-24T17:04:51.422498,183,student_4_lec_2a96290c_513a5569,lec_2a96290c,cv101,1,0.95,partially_engaged,49.66,-0.0031,-0.0009,-0.0035,-0.0008,-0.0015,-0.0034,-152.58,-160.78,-111.45,719.7,3549.46,169.77,-23.14,-0.01,1.78,1.34,3.22,2.67,3.26,2.33,1.83,3.05,1.73,1.21,3.27,5.0,1.44,2.29,2.71,3.92,0.0,2.5,2.11,0
2025-11-24T17:04:52.471824,184,student_4_lec_2a96290c_513a5569,lec_2a96290c,cv101,1,0.95,partially_engaged,48.72,-0.0037,-0.0018,-0.0037,-0.0005,-0.001,-0.0035,-153.44,-159.12,-42.92,700.13,3438.55,169.58,-24.7,4.33,2.06,1.63,2.94,2.36,3.36,2.64,1.82,3.15,1.86,1.3,3.14,5.0,1.55,2.03,2.97,4.06,0.0,2.61,2.21,0.28
2025-11-24T17:04:53.520342,185,student_4_lec_2a96290c_513a5569,lec_2a96290c,cv101,1,0.95,partially_engaged,49.91,-0.0066,-0.0012,-0.0037,-0.0012,-0.0023,-0.0035,-140.47,-154.25,-48.44,693.42,3405.26,171.46,-23.4,2.72,2.04,1.56,2.96,2.63,3.29,2.37,1.87,3.14,1.97,1.38,3.03,5.0,1.64,1.98,3.02,3.98,0.0,2.63,2.19,0
2025-11-24T17:04:54.585619,186,student_4_lec_2a96290c_513a5569,lec_2a96290c,cv101,1,0.95,partially_engaged,49.65,-0.004,-0.0015,-0.0036,-0.0002,-0.0017,-0.0035,-154.52,-156.0,-57.57,703.8,3411.13,173.8,-22.89,1.85,1.93,1.52,3.07,2.52,3.36,2.48,1.91,2.96,1.97,1.38,3.03,5.0,1.64,1.93,3.07,3.91,0.0,2.67,2.17,0
2025-11-24T17:04:55.584449,187,student_4_lec_2a96290c_513a5569,lec_2a96290c,cv101,1,0.95,partially_engaged,48.64,-0.0026,-0.001,-0.0036,0.0007,-0.0002,-0.0035,12.78,-170.96,-66.48,706.76,3450.77,172.79,-22.08,2.35,2.13,1.71,2.87,2.35,3.3,2.65,1.92,3.07,1.95,1.36,3.05,5.0,1.62,2.07,2.93,3.93,0.0,2.62,2.24,0.3
2025-11-24T17:04:56.637305,188,student_4_lec_2a96290c_513a5569,lec_2a96290c,cv101,1,0.95,engaged,72.25,-0.0021,-0.0008,-0.0036,0.0003,0.0004,-0.0035,12.22,2.72,-73.08,718.54,3488.88,173.12,-19.28,1.96,2.24,1.83,2.76,2.28,3.28,2.72,1.92,2.92,1.95,1.36,3.05,5.0,1.62,1.89,3.11,3.94,0.0,2.61,2.28,0.44
2025-11-24T17:04:57.690592,189,student_4_lec_2a96290c_513a5569,lec_2a96290c,cv101,1,0.95,partially_engaged,47.77,-0.0019,-0.0012,-0.0035,-0.0001,0.0004,-0.0034,-165.6,6.37,-76.21,701.71,3500.04,170.25,-21.29,3.36,2.31,1.9,2.69,2.29,3.17,2.71,1.8,3.22,1.83,1.28,3.17,5.0,1.52,1.41,3.59,4.12,0.0,2.5,2.3,0.42
2025-11-24T17:04:58.745688,190,student_4_lec_2a96290c_513a5569,lec_2a96290c,cv101,1,0.95,partially_engaged,49.93,-0.0066,-0.0006,-0.0035,0.0004,-0.0002,-0.0035,27.51,-172.81,-185.98,725.3,3563.16,170.4,-17.29,-1.44,1.69,1.24,3.31,2.65,3.3,2.35,1.87,3.22,1.85,1.29,3.15,5.0,1.54,1.93,3.07,4.01,0.0,2.58,2.08,0
2025-11-24T17:04:59.798718,191,student_4_lec_2a96290c_513a5569,lec_2a96290c,cv101,1,0.95,partially_engaged,49.19,-0.0044,-0.0013,-0.0033,0.0003,-0.001,-0.0034,23.55,-160.42,-229.49,745.8,3538.01,173.13,6.38,-6.39,1.55,1.11,3.45,2.43,3.44,2.57,1.97,3.36,1.74,1.22,3.26,5.0,1.45,1.99,3.01,3.93,0.0,2.59,2.04,0.14
2025-11-24T17:05:00.888249,192,student_4_lec_2a96290c_513a5569,lec_2a96290c,cv101,1,0.95,partially_engaged,49.6,-0.0045,-0.0009,-0.0034,0.0001,-0.0009,-0.0034,25.85,-164.67,-246.44,739.33,3486.12,175.82,10.72,-6.08,1.62,1.17,3.38,2.5,3.47,2.5,1.92,2.92,1.77,1.24,3.23,5.0,1.48,0.66,4.34,3.98,0.0,2.62,2.06,0
2025-11-24T17:05:01.920402,193,student_4_lec_2a96290c_513a5569,lec_2a96290c,cv101,1,0.95,partially_engaged,48.3,-0.0018,-0.0017,-0.0034,0.0019,-0.0019,-0.0035,-0.34,-152.04,-302.04,734.73,3474.28,174.77,17.91,-7.32,1.64,1.21,3.36,2.24,3.44,2.76,1.99,3.15,1.72,1.21,3.28,5.0,1.44,2.02,2.98,3.91,0.0,2.58,2.07,0.52
2025-11-24T17:05:02.978479,194,student_4_lec_2a96290c_513a5569,lec_2a96290c,cv101,1,0.95,partially_engaged,48.71,-0.0034,-0.001,-0.0034,0.0011,-0.0017,-0.0035,13.68,-158.8,-308.12,728.54,3392.79,174.51,18.02,-8.1,1.6,1.16,3.4,2.27,3.53,2.73,2.03,3.22,1.73,1.21,3.27,5.0,1.44,2.26,2.74,3.95,0.0,2.63,2.05,0.46
2025-11-24T17:05:04.034025,195,student_4_lec_2a96290c_513a5569,lec_2a96290c,cv101,1,0.95,engaged,50.38,-0.0009,-0.0014,-0.0034,-0.0001,-0.0006,-0.0035,-172.02,-163.77,-260.88,750.72,3475.19,174.72,11.04,-6.38,1.68,1.18,3.32,2.73,3.4,2.27,2.01,3.18,1.75,1.23,3.25,5.0,1.46,2.24,2.76,3.9,0.0,2.58,2.06,0
2025-11-24T17:05:05.038785,196,student_4_lec_2a96290c_513a5569,lec_2a96290c,cv101,1,0.95,partially_engaged,49.65,-0.0033,-0.0007,-0.0034,0.0005,-0.0017,-0.0034,17.92,-160.45,-275.31,749.77,3465.32,175.24,12.92,-7.11,1.47,1.0,3.53,2.43,3.58,2.57,1.99,3.19,1.77,1.24,3.23,5.0,1.47,2.18,2.82,3.92,0.0,2.67,2.0,0.14
2025-11-24T17:05:06.082474,197,student_4_lec_2a96290c_513a5569,lec_2a96290c,cv101,1,0.95,partially_engaged,49.58,-0.0009,-0.0028,-0.0034,0.0001,-0.001,-0.0033,6.0,-151.78,-188.81,740.86,3522.14,171.51,-18.88,-0.42,1.52,1.02,3.48,2.46,3.5,2.54,1.95,3.3,1.78,1.25,3.22,5.0,1.49,1.84,3.16,3.97,0.0,2.64,2.01,0.08
2025-11-24T17:05:07.154541,198,student_4_lec_2a96290c_513a5569,lec_2a96290c,cv101,1,0.95,partially_engaged,49.14,-0.0027,-0.0003,-0.0035,-0.0007,0.0001,-0.0034,-155.25,1.96,-146.29,725.59,3512.14,169.52,-23.24,1.05,1.55,1.12,3.45,2.42,3.42,2.58,1.89,3.27,1.77,1.24,3.23,5.0,1.48,1.96,3.04,4.0,0.0,2.59,2.04,0.16
2025-11-24T17:05:08.195938,199,student_4_lec_2a96290c_513a5569,lec_2a96290c,cv101,1,0.95,partially_engaged,48.93,-0.0031,-0.0001,-0.0035,0.0022,-0.0012,-0.0036,4.73,-169.55,-300.06,751.36,3489.36,175.53,13.43,-8.23,1.5,1.07,3.5,2.33,3.49,2.67,1.97,3.0,1.75,1.23,3.25,5.0,1.46,1.86,3.14,3.89,0.0,2.62,2.02,0.34
2025-11-24T17:05:09.256522,200,student_4_lec_2a96290c_513a5569,lec_2a96290c,cv101,1,0.95,engaged,72.7,-0.002,0.0003,-0.0033,0.0007,-0.0017,-0.0034,10.06,10.25,-317.28,749.64,3466.13,174.9,15.89,-10.9,1.24,0.82,3.76,2.24,3.57,2.76,1.94,3.12,1.68,1.18,3.32,5.0,1.4,2.04,2.96,3.92,0.0,2.62,1.94,0.52
2025-11-24T17:05:10.317356,201,student_4_lec_2a96290c_513a5569,lec_2a96290c,cv101,1,0.95,partially_engaged,48.88,-0.0017,-0.0,-0.0034,0.0006,-0.0023,-0.0035,8.83,-163.34,-316.39,755.15,3460.98,174.55,16.18,-10.38,1.6,1.18,3.4,2.38,3.38,2.62,1.98,3.19,1.79,1.26,3.21,5.0,1.5,2.09,2.91,3.87,0.0,2.58,2.06,0.24
2025-11-24T17:05:11.372453,202,student_4_lec_2a96290c_513a5569,lec_2a96290c,cv101,1,0.95,partially_engaged,49.46,-0.0023,-0.0004,-0.0034,0.0009,-0.0016,-0.0036,9.86,-164.51,-307.33,742.38,3392.39,175.47,15.29,-10.66,1.49,1.06,3.51,2.46,3.4,2.54,2.0,3.26,1.87,1.31,3.13,5.0,1.56,2.23,2.77,3.82,0.0,2.63,2.02,0.08
2025-11-24T17:05:12.417593,203,student_4_lec_2a96290c_513a5569,lec_2a96290c,cv101,1,0.95,partially_engaged,49.98,-0.0022,-0.0004,-0.0035,0.0006,-0.0028,-0.0036,11.35,-157.9,-300.97,754.72,3413.74,176.24,15.74,-9.76,1.65,1.21,3.35,2.58,3.39,2.42,2.05,3.08,1.91,1.33,3.09,5.0,1.59,2.05,2.95,3.81,0.0,2.65,2.07,0
2025-11-24T17:05:13.476834,204,student_4_lec_2a96290c_513a5569,lec_2a96290c,cv101,1,0.95,partially_engaged,49.1,-0.0018,-0.0001,-0.0034,0.0014,-0.0025,-0.0035,2.72,-160.94,-303.91,754.93,3422.64,174.13,15.07,-10.37,1.84,1.4,3.16,2.46,3.33,2.54,2.0,3.1,1.83,1.28,3.17,5.0,1.53,2.11,2.89,3.88,0.0,2.58,2.13,0.08
2025-11-24T17:05:14.529702,205,student_4_lec_2a96290c_513a5569,lec_2a96290c,cv101,1,0.95,partially_engaged,48.64,-0.0024,-0.0007,-0.0035,0.0005,-0.0021,-0.0036,13.09,-159.19,-304.76,755.44,3420.81,174.01,16.21,-10.17,1.73,1.33,3.27,2.36,3.32,2.64,2.0,3.21,1.82,1.28,3.18,5.0,1.52,2.06,2.94,3.86,0.0,2.57,2.11,0.28
2025-11-24T17:05:15.585557,206,student_4_lec_2a96290c_513a5569,lec_2a96290c,cv101,1,0.95,partially_engaged,48.54,-0.0022,-0.0012,-0.0034,0.0006,-0.0022,-0.0035,11.81,-154.17,-315.06,748.05,3378.39,174.51,18.47,-11.79,1.65,1.23,3.35,2.3,3.39,2.7,2.02,3.1,1.79,1.25,3.21,5.0,1.49,1.81,3.19,3.82,0.0,2.59,2.08,0.4
2025-11-24T17:05:16.642435,207,student_4_lec_2a96290c_513a5569,lec_2a96290c,cv101,1,0.95,partially_engaged,49.61,-0.0014,-0.0013,-0.0033,0.001,-0.0023,-0.0034,3.93,-152.1,-314.95,765.56,3394.75,176.99,19.25,-11.8,1.44,1.01,3.56,2.5,3.48,2.5,2.02,2.96,1.73,1.21,3.27,5.0,1.44,2.3,2.7,3.79,0.0,2.6,2.0,0
2025-11-24T17:05:17.696190,208,student_4_lec_2a96290c_513a5569,lec_2a96290c,cv101,1,0.95,partially_engaged,49.48,-0.0028,-0.0003,-0.0034,0.0007,-0.0031,-0.0035,14.25,-156.9,-302.4,755.91,3400.27,174.59,17.8,-11.44,1.57,1.08,3.43,2.47,3.43,2.53,2.0,3.4,1.82,1.27,3.18,5.0,1.51,2.02,2.98,3.87,0.0,2.62,2.03,0.06
2025-11-24T17:05:18.756208,209,student_4_lec_2a96290c_513a5569,lec_2a96290c,cv101,1,0.95,partially_engaged,49.21,-0.0024,-0.0001,-0.0032,0.0007,-0.0014,-0.0033,11.98,-167.7,-283.86,752.77,3407.15,174.31,15.88,-10.48,1.58,1.11,3.42,2.37,3.52,2.63,2.0,3.28,1.78,1.24,3.22,5.0,1.48,2.35,2.65,3.89,0.0,2.65,2.04,0.26
2025-11-24T17:05:19.825957,210,student_4_lec_2a96290c_513a5569,lec_2a96290c,cv101,1,0.95,engaged,51.07,-0.0046,-0.0013,-0.0035,0.0003,-0.0022,-0.0035,24.27,-153.43,-217.6,759.96,3487.94,173.97,3.69,-6.06,1.67,1.16,3.33,2.84,3.4,2.16,1.95,3.26,1.87,1.31,3.13,5.0,1.56,2.26,2.74,3.92,0.0,2.63,2.05,0
2025-11-24T17:05:20.911200,211,student_4_lec_2a96290c_513a5569,lec_2a96290c,cv101,1,0.95,engaged,50.38,-0.0031,-0.0009,-0.0036,0.0012,-0.0017,-0.0036,11.01,-160.33,-174.76,757.88,3468.4,174.93,-6.92,-2.86,1.72,1.21,3.28,2.65,3.44,2.35,2.02,3.31,1.89,1.32,3.11,5.0,1.57,1.97,3.03,3.88,0.0,2.67,2.07,0
2025-11-24T17:05:22.028492,212,student_4_lec_2a96290c_513a5569,lec_2a96290c,cv101,1,0.95,engaged,50.58,-0.006,-0.0013,-0.0035,0.0007,-0.0018,-0.0034,24.41,-156.34,-129.22,746.94,3463.41,171.9,-16.43,0.5,1.73,1.19,3.27,2.68,3.45,2.32,1.94,3.36,1.91,1.34,3.09,5.0,1.59,1.99,3.01,3.95,0.0,2.68,2.06,0
2025-11-24T17:05:22.997466,213,student_4_lec_2a96290c_513a5569,lec_2a96290c,cv101,1,0.95,partially_engaged,49.96,-0.0045,-0.0003,-0.0034,0.0014,-0.0029,-0.0034,15.23,-157.14,-160.68,768.44,3514.72,174.03,-8.06,-1.91,1.82,1.29,3.18,2.57,3.47,2.43,1.98,3.24,1.82,1.28,3.18,5.0,1.52,1.92,3.08,3.9,0.0,2.65,2.1,0
2025-11-24T17:05:24.059400,214,student_4_lec_2a96290c_513a5569,lec_2a96290c,cv101,1,0.95,engaged,50.69,-0.0058,-0.0011,-0.0035,0.0003,-0.0019,-0.0036,26.67,-157.38,-200.04,762.27,3461.22,174.94,7.43,-4.81,1.83,1.3,3.17,2.74,3.41,2.26,2.01,3.21,1.91,1.34,3.09,5.0,1.59,1.94,3.06,3.88,0.0,2.66,2.1,0
2025-11-24T17:05:25.124071,215,student_4_lec_2a96290c_513a5569,lec_2a96290c,cv101,1,0.95,engaged,50.78,-0.0046,-0.001,-0.0035,0.0007,-0.0019,-0.0035,21.3,-157.99,-210.93,764.4,3442.8,176.0,11.58,-5.86,1.94,1.4,3.06,2.79,3.38,2.21,2.05,3.13,1.9,1.33,3.1,5.0,1.58,2.0,3.0,3.86,0.0,2.64,2.13,0
2025-11-24T17:05:26.172481,216,student_4_lec_2a96290c_513a5569,lec_2a96290c,cv101,1,0.95,engaged,50.59,-0.002,-0.0013,-0.0035,0.0015,-0.0023,-0.0035,3.08,-153.07,-160.58,757.72,3484.94,173.12,-9.43,-1.84,1.63,1.12,3.37,2.68,3.48,2.32,1.98,3.37,1.86,1.3,3.14,5.0,1.55,1.98,3.02,3.86,0.0,2.67,2.04,0
2025-11-24T17:05:27.220419,217,student_4_lec_2a96290c_513a5569,lec_2a96290c,cv101,1,0.95,partially_engaged,49.39,-0.0014,-0.0005,-0.0035,-0.0003,-0.0049,-0.0034,-166.29,-147.97,-108.7,742.01,3474.71,173.53,-18.99,1.26,1.85,1.36,3.15,2.5,3.38,2.5,1.92,3.28,1.82,1.27,3.18,5.0,1.52,1.82,3.18,3.9,0.0,2.6,2.12,0
2025-11-24T17:05:28.277593,218,student_4_lec_2a96290c_513a5569,lec_2a96290c,cv101,1,0.95,partially_engaged,49.94,-0.0005,0.0003,-0.0034,-0.0017,-0.0038,-0.0034,-162.01,21.67,-122.87,734.07,3475.65,171.8,-17.66,1.01,1.9,1.39,3.1,2.66,3.32,2.34,1.91,3.29,1.83,1.28,3.17,5.0,1.53,1.81,3.19,3.99,0.0,2.58,2.13,0
2025-11-24T17:05:29.332745,219,student_4_lec_2a96290c_513a5569,lec_2a96290c,cv101,1,0.95,partially_engaged,49.54,-0.0005,-0.0005,-0.0034,0.0007,-0.0027,-0.0033,-1.52,-156.22,-128.0,746.04,3503.98,171.36,-18.11,1.59,1.92,1.43,3.08,2.6,3.24,2.4,1.92,3.35,1.88,1.32,3.12,5.0,1.57,1.55,3.45,4.0,0.0,2.56,2.14,0
2025-11-24T17:05:30.389924,220,student_4_lec_2a96290c_513a5569,lec_2a96290c,cv101,1,0.95,engaged,50.53,-0.0045,-0.0002,-0.0035,0.0015,-0.0022,-0.0036,14.64,-162.06,-240.77,764.11,3480.97,175.97,11.37,-6.75,1.71,1.2,3.29,2.7,3.47,2.3,2.04,3.01,1.81,1.27,3.19,5.0,1.51,2.06,2.94,3.82,0.0,2.64,2.07,0
2025-11-24T17:05:31.441492,221,student_4_lec_2a96290c_513a5569,lec_2a96290c,cv101,1,0.95,engaged,51.1,-0.0039,-0.0015,-0.0034,0.0017,-0.0027,-0.0035,11.36,-149.3,-268.52,753.47,3434.74,175.04,15.87,-6.88,1.69,1.18,3.31,2.89,3.38,2.11,1.99,3.2,1.8,1.26,3.2,5.0,1.5,1.89,3.11,3.95,0.0,2.59,2.06,0
2025-11-24T17:05:44.583978,222,student_4_lec_2a96290c_513a5569,lec_2a96290c,cv101,1,0.95,partially_engaged,47.95,-0.0049,0.0011,-0.0029,0.0016,0.0004,-0.0029,14.98,165.35,-84.89,768.58,3626.12,171.12,-28.57,1.43,2.2,1.66,2.8,2.27,3.37,2.73,1.95,3.08,1.64,1.15,3.36,5.0,1.37,2.13,2.87,3.76,0.0,2.5,2.22,0.46
2025-11-24T17:05:45.610665,223,student_4_lec_2a96290c_513a5569,lec_2a96290c,cv101,1,0.95,engaged,61.82,-0.0043,-0.0023,-0.0034,0.0017,0.0004,-0.0033,12.44,14.33,-126.11,751.48,3524.39,174.05,-16.37,0.43,1.69,1.21,3.31,2.54,3.53,2.46,2.01,3.16,1.71,1.19,3.29,5.0,1.42,1.93,3.07,3.84,0.0,2.62,2.07,0
2025-11-24T17:05:46.670426,224,student_4_lec_2a96290c_513a5569,lec_2a96290c,cv101,1,0.95,partially_engaged,49.21,-0.0016,-0.0002,-0.0033,0.0004,-0.0018,-0.0032,10.02,-163.54,-94.39,744.85,3467.63,174.6,-21.05,2.63,2.05,1.49,2.95,2.45,3.45,2.55,2.02,3.19,1.76,1.23,3.24,5.0,1.47,2.1,2.9,3.89,0.0,2.6,2.16,0.1
2025-11-24T17:05:47.719979,225,student_4_lec_2a96290c_513a5569,lec_2a96290c,cv101,1,0.95,engaged,52.52,-0.0008,-0.0014,-0.0034,-0.0003,-0.0031,-0.0033,-171.1,-147.65,-41.91,723.55,3397.04,174.03,-25.2,3.41,1.62,1.04,3.38,3.23,3.38,1.77,1.97,3.36,1.75,1.23,3.25,5.0,1.46,2.19,2.81,3.92,0.0,2.56,2.01,0
2025-11-24T17:05:48.716278,226,student_4_lec_2a96290c_513a5569,lec_2a96290c,cv101,1,0.95,engaged,50.26,-0.0017,-0.0005,-0.0034,-0.0004,-0.0022,-0.0032,-163.24,-158.88,-16.85,720.93,3376.42,174.03,-29.28,4.22,1.86,1.32,3.14,2.77,3.4,2.23,1.96,3.2,1.62,1.14,3.38,5.0,1.35,1.62,3.38,3.93,0.0,2.51,2.11,0
2025-11-24T17:05:49.771232,227,student_4_lec_2a96290c_513a5569,lec_2a96290c,cv101,1,0.95,engaged,51.25,-0.0019,-0.0008,-0.0035,-0.0008,-0.0048,-0.0033,-158.59,-145.87,-12.0,714.49,3383.66,174.71,-24.8,1.84,1.72,1.19,3.28,2.86,3.43,2.14,1.92,3.23,1.88,1.32,3.12,5.0,1.57,1.94,3.06,3.93,0.0,2.66,2.06,0
2025-11-24T17:05:50.794194,228,student_4_lec_2a96290c_513a5569,lec_2a96290c,cv101,1,0.95,engaged,52.23,-0.0016,-0.0007,-0.0035,-0.0003,-0.001,-0.0034,-165.12,-165.84,-24.16,718.19,3358.02,175.86,-23.31,1.7,1.73,1.2,3.27,3.06,3.42,1.94,2.02,3.18,1.97,1.38,3.03,5.0,1.64,1.75,3.25,3.85,0.0,2.69,2.07,0
2025-11-24T17:05:51.826593,229,student_4_lec_2a96290c_513a5569,lec_2a96290c,cv101,1,0.95,highly_engaged,76.36,-0.0019,-0.0005,-0.0036,0.0003,0.0011,-0.0034,11.24,-5.26,-26.28,732.65,3416.02,173.07,-23.98,3.41,1.84,1.3,3.16,3.14,3.4,1.86,1.99,3.12,1.89,1.32,3.11,5.0,1.58,1.98,3.02,3.82,0.0,2.65,2.1,0
2025-11-24T17:05:52.883708,230,student_4_lec_2a96290c_513a5569,lec_2a96290c,cv101,1,0.95,engaged,51.57,-0.0028,-0.001,-0.0035,-0.0011,-0.0018,-0.0034,-151.74,-157.88,-20.69,729.35,3391.79,173.35,-23.64,3.35,1.93,1.41,3.07,2.99,3.38,2.01,1.99,3.12,1.87,1.31,3.13,5.0,1.55,2.09,2.91,3.83,0.0,2.62,2.14,0
2025-11-24T17:05:53.943331,231,student_4_lec_2a96290c_513a5569,lec_2a96290c,cv101,1,0.95,engaged,51.28,-0.0021,-0.0007,-0.0035,-0.0001,-0.0009,-0.0034,-163.13,-167.11,-27.43,731.25,3401.61,174.22,-22.91,2.67,2.01,1.47,2.99,2.95,3.35,2.05,1.98,3.22,1.86,1.3,3.14,5.0,1.55,1.85,3.15,3.86,0.0,2.6,2.16,0
2025-11-24T17:05:55.000931,232,student_4_lec_2a96290c_513a5569,lec_2a96290c,cv101,1,0.95,engaged,52.12,-0.0021,-0.0008,-0.0035,-0.0001,-0.0013,-0.0034,-164.19,-163.36,-18.55,728.7,3396.43,172.26,-24.76,4.06,1.86,1.31,3.14,3.11,3.39,1.89,1.97,3.21,1.85,1.29,3.15,5.0,1.54,1.85,3.15,3.86,0.0,2.62,2.1,0
2025-11-24T17:05:56.010136,233,student_4_lec_2a96290c_513a5569,lec_2a96290c,cv101,1,0.95,engaged,51.82,-0.0026,-0.0012,-0.0035,0.0015,-0.0014,-0.0034,6.49,-159.46,-17.72,735.42,3422.58,171.54,-24.22,4.66,1.94,1.38,3.06,3.03,3.42,1.97,1.98,3.24,1.85,1.3,3.15,5.0,1.54,1.62,3.38,3.82,0.0,2.63,2.13,0
2025-11-24T17:05:57.053447,234,student_4_lec_2a96290c_513a5569,lec_2a96290c,cv101,1,0.95,engaged,51.74,-0.0033,-0.0017,-0.0035,-0.001,-0.0026,-0.0034,-150.54,-148.28,-42.58,739.89,3432.24,173.37,-22.61,2.76,1.94,1.37,3.06,2.95,3.52,2.05,1.97,3.18,1.84,1.29,3.16,5.0,1.53,1.73,3.27,3.78,0.0,2.68,2.12,0
2025-11-24T17:05:58.114443,235,student_4_lec_2a96290c_513a5569,lec_2a96290c,cv101,1,0.95,engaged,52.31,-0.0017,-0.0001,-0.0034,0.0002,-0.0031,-0.0033,11.82,-157.32,-34.64,740.73,3433.51,174.15,-22.34,2.68,1.73,1.16,3.27,3.11,3.47,1.89,2.0,3.16,1.81,1.27,3.19,5.0,1.51,2.03,2.97,3.77,0.0,2.64,2.05,0
2025-11-24T17:05:59.171803,236,student_4_lec_2a96290c_513a5569,lec_2a96290c,cv101,1,0.95,engaged,51.75,-0.0017,-0.0001,-0.0035,0.0011,-0.001,-0.0034,3.93,-170.97,-7.65,730.8,3388.03,172.11,-24.04,4.91,1.92,1.35,3.08,3.02,3.44,1.98,1.98,3.37,1.79,1.26,3.21,5.0,1.5,1.8,3.2,3.87,0.0,2.62,2.12,0
2025-11-24T17:06:00.223990,237,student_4_lec_2a96290c_513a5569,lec_2a96290c,cv101,1,0.95,engaged,50.95,-0.002,-0.0005,-0.0035,0.0,-0.0007,-0.0034,14.53,-170.16,-9.54,741.32,3403.14,176.8,-23.29,2.91,2.28,1.74,2.72,2.86,3.44,2.14,2.02,2.86,1.81,1.27,3.19,5.0,1.51,1.43,3.57,3.71,0.0,2.62,2.25,0
2025-11-24T17:06:01.279695,238,student_4_lec_2a96290c_513a5569,lec_2a96290c,cv101,1,0.95,engaged,51.22,-0.0014,0.0,-0.0036,-0.0002,-0.0033,-0.0035,-167.98,21.46,-17.29,737.2,3393.88,176.41,-21.41,2.32,2.05,1.54,2.95,2.95,3.39,2.05,2.0,3.07,1.78,1.25,3.22,5.0,1.49,1.88,3.12,3.77,0.0,2.58,2.18,0
2025-11-24T17:06:02.336260,239,student_4_lec_2a96290c_513a5569,lec_2a96290c,cv101,0,0.0,no_face,0.0,0.0,0.0,0.0,0.0,0.0,0.0,0.0,0.0,0.0,0.0,0.0,0.0,0.0,0.0,0.0,0.0,0.0,0.0,0.0,0.0,0.0,0.0,0.0,0.0,0.0,0.0,0.0,0.0,0.0,0.0,0.0,0.0,0.0,0.0
2025-11-24T17:06:03.385840,240,student_4_lec_2a96290c_513a5569,lec_2a96290c,cv101,0,0.0,no_face,0.0,0.0,0.0,0.0,0.0,0.0,0.0,0.0,0.0,0.0,0.0,0.0,0.0,0.0,0.0,0.0,0.0,0.0,0.0,0.0,0.0,0.0,0.0,0.0,0.0,0.0,0.0,0.0,0.0,0.0,0.0,0.0,0.0,0.0,0.0
2025-11-24T17:06:04.444986,241,student_4_lec_2a96290c_513a5569,lec_2a96290c,cv101,1,0.95,engaged,61.97,-0.005,-0.0016,-0.0068,-0.0033,-0.0043,-0.0063,-148.12,-156.45,-152.08,-549.83,-2136.89,-160.03,-23.53,176.27,4.71,3.53,0.29,3.91,5.0,1.09,3.8,5.0,3.45,2.41,1.55,5.0,2.87,0.0,5.0,5.0,0.0,4.22,2.84,0
2025-11-24T17:06:05.442049,242,student_4_lec_2a96290c_513a5569,lec_2a96290c,cv101,0,0.0,no_face,0.0,0.0,0.0,0.0,0.0,0.0,0.0,0.0,0.0,0.0,0.0,0.0,0.0,0.0,0.0,0.0,0.0,0.0,0.0,0.0,0.0,0.0,0.0,0.0,0.0,0.0,0.0,0.0,0.0,0.0,0.0,0.0,0.0,0.0,0.0
2025-11-24T17:06:06.504693,243,student_4_lec_2a96290c_513a5569,lec_2a96290c,cv101,1,0.95,engaged,65.31,-0.0041,-0.0021,-0.0062,-0.0029,-0.0024,-0.0056,-149.28,-158.58,-368.44,-626.76,-2280.04,-159.72,-33.84,174.43,4.47,3.26,0.53,4.96,5.0,0.04,3.58,5.0,2.73,1.91,2.27,5.0,2.28,1.91,3.09,4.24,0.0,3.87,2.75,0
2025-11-24T17:06:07.560072,244,student_4_lec_2a96290c_513a5569,lec_2a96290c,cv101,1,0.95,engaged,67.06,-0.0048,-0.0032,-0.0067,0.0033,-0.0118,-0.0064,4.21,-136.23,-237.0,-498.79,-2139.47,-164.08,-22.49,174.58,3.94,2.78,1.06,4.96,5.0,0.04,3.82,5.0,3.62,2.53,1.38,5.0,3.02,0.38,4.62,5.0,0.0,4.31,2.59,0
2025-11-24T17:06:08.614530,245,student_4_lec_2a96290c_513a5569,lec_2a96290c,cv101,1,0.95,engaged,66.7,-0.007,-0.0027,-0.0065,0.0032,-0.0069,-0.0065,10.25,-145.32,-169.76,-518.95,-2206.63,-160.2,-4.38,178.36,4.03,2.93,0.97,4.94,5.0,0.06,3.86,5.0,3.5,2.45,1.5,5.0,2.92,0.0,5.0,5.0,0.0,4.25,2.64,0
2025-11-24T17:06:09.621347,246,student_4_lec_2a96290c_513a5569,lec_2a96290c,cv101,1,0.95,engaged,64.16,-0.0074,-0.0029,-0.0065,0.0006,-0.0052,-0.0067,21.81,-149.09,-19.41,-499.4,-2163.49,-160.04,16.51,-176.88,4.55,3.31,0.45,4.39,5.0,0.61,3.83,5.0,3.47,2.43,1.53,5.0,2.89,0.0,5.0,5.0,0.0,4.24,2.77,0
2025-11-24T17:06:10.668990,247,student_4_lec_2a96290c_513a5569,lec_2a96290c,cv101,1,0.95,engaged,64.62,-0.0062,-0.0014,-0.0061,0.0023,-0.005,-0.0065,13.22,-154.65,14.77,-498.98,-2132.54,-158.56,23.15,-175.77,4.36,3.14,0.64,4.51,5.0,0.49,3.97,5.0,3.41,2.39,1.59,5.0,2.84,0.09,4.91,5.0,0.0,4.21,2.71,0
2025-11-24T17:06:11.717004,248,student_4_lec_2a96290c_513a5569,lec_2a96290c,cv101,1,0.95,engaged,67.07,-0.0132,-0.0023,-0.0068,0.0001,-0.0045,-0.0068,31.2,-153.93,-114.41,-495.12,-2168.08,-160.54,1.14,178.4,4.21,3.08,0.79,5.0,5.0,0.0,3.91,5.0,3.59,2.51,1.41,5.0,2.99,0.0,5.0,5.0,0.0,4.29,2.69,0
2025-11-24T17:06:12.778960,249,student_4_lec_2a96290c_513a5569,lec_2a96290c,cv101,1,0.95,engaged,66.99,-0.0114,-0.0028,-0.0068,0.0014,-0.0045,-0.0068,23.82,-152.02,-152.75,-498.22,-2153.03,-158.75,-7.98,175.92,4.34,3.14,0.66,5.0,5.0,0.0,3.98,5.0,3.55,2.49,1.45,5.0,2.96,0.0,5.0,5.0,0.0,4.28,2.71,0
2025-11-24T17:06:13.819342,250,student_4_lec_2a96290c_513a5569,lec_2a96290c,cv101,0,0.0,no_face,0.0,0.0,0.0,0.0,0.0,0.0,0.0,0.0,0.0,0.0,0.0,0.0,0.0,0.0,0.0,0.0,0.0,0.0,0.0,0.0,0.0,0.0,0.0,0.0,0.0,0.0,0.0,0.0,0.0,0.0,0.0,0.0,0.0,0.0,0.0
2025-11-24T17:06:14.882287,251,student_4_lec_2a96290c_513a5569,lec_2a96290c,cv101,1,0.95,engaged,57.61,-0.0012,0.0012,-0.0062,0.0096,-0.0053,-0.0066,-22.38,14.05,-286.31,-22.7,1614.41,-173.16,24.36,-1.17,5.0,3.82,0.0,2.8,5.0,2.2,3.88,5.0,3.74,2.62,1.26,5.0,3.12,0.0,5.0,5.0,0.0,4.37,2.94,0
2025-11-24T17:06:15.879443,252,student_4_lec_2a96290c_513a5569,lec_2a96290c,cv101,0,0.0,no_face,0.0,0.0,0.0,0.0,0.0,0.0,0.0,0.0,0.0,0.0,0.0,0.0,0.0,0.0,0.0,0.0,0.0,0.0,0.0,0.0,0.0,0.0,0.0,0.0,0.0,0.0,0.0,0.0,0.0,0.0,0.0,0.0,0.0,0.0,0.0
2025-11-24T17:06:16.938262,253,student_4_lec_2a96290c_513a5569,lec_2a96290c,cv101,0,0.0,no_face,0.0,0.0,0.0,0.0,0.0,0.0,0.0,0.0,0.0,0.0,0.0,0.0,0.0,0.0,0.0,0.0,0.0,0.0,0.0,0.0,0.0,0.0,0.0,0.0,0.0,0.0,0.0,0.0,0.0,0.0,0.0,0.0,0.0,0.0,0.0
2025-11-24T17:06:17.992528,254,student_4_lec_2a96290c_513a5569,lec_2a96290c,cv101,1,0.95,engaged,62.66,-0.0073,-0.0024,-0.006,-0.0001,-0.0041,-0.0064,-154.44,-153.14,-295.12,-9.43,1938.32,-163.19,16.95,5.0,3.67,2.51,1.33,4.14,5.0,0.86,3.65,4.72,3.09,2.16,1.91,5.0,2.58,0.3,4.7,5.0,0.0,4.04,2.5,0
2025-11-24T17:06:19.048495,255,student_4_lec_2a96290c_513a5569,lec_2a96290c,cv101,0,0.0,no_face,0.0,0.0,0.0,0.0,0.0,0.0,0.0,0.0,0.0,0.0,0.0,0.0,0.0,0.0,0.0,0.0,0.0,0.0,0.0,0.0,0.0,0.0,0.0,0.0,0.0,0.0,0.0,0.0,0.0,0.0,0.0,0.0,0.0,0.0,0.0
2025-11-24T17:06:20.112773,256,student_4_lec_2a96290c_513a5569,lec_2a96290c,cv101,1,0.95,engaged,60.64,-0.0038,-0.0036,-0.0056,0.0046,-0.0034,-0.0058,-2.14,-148.4,-314.6,251.08,2228.24,-177.37,12.02,-2.19,2.54,1.78,2.46,3.75,5.0,1.25,3.02,5.0,2.77,1.94,2.23,5.0,2.31,0.1,4.9,5.0,0.0,3.88,2.26,0
2025-11-24T17:06:21.163684,257,student_4_lec_2a96290c_513a5569,lec_2a96290c,cv101,1,0.95,engaged,61.92,-0.0051,-0.0028,-0.0058,0.0016,-0.0044,-0.0059,13.11,-148.86,-285.14,239.81,2180.75,-174.01,13.12,-0.62,3.14,2.3,1.86,3.99,5.0,1.01,3.03,4.44,3.0,2.1,2.0,5.0,2.5,0.64,4.36,5.0,0.0,4.0,2.43,0
2025-11-24T17:06:22.167800,258,student_4_lec_2a96290c_513a5569,lec_2a96290c,cv101,1,0.95,engaged,62.08,-0.0056,-0.0032,-0.0057,0.0025,-0.0034,-0.0059,10.65,-150.5,-262.87,235.4,2191.22,-173.57,11.03,-0.81,2.98,2.18,2.02,4.0,5.0,1.0,2.99,4.3,3.04,2.13,1.96,5.0,2.54,0.3,4.7,5.0,0.0,4.02,2.39,0
2025-11-24T17:06:23.216176,259,student_4_lec_2a96290c_513a5569,lec_2a96290c,cv101,1,0.95,engaged,60.98,-0.0061,-0.0024,-0.0055,0.0005,-0.0027,-0.0057,21.27,-155.35,-298.82,265.16,2223.84,-175.27,13.23,-1.83,3.11,2.23,1.89,3.82,5.0,1.18,2.98,4.79,2.87,2.01,2.13,5.0,2.39,0.34,4.66,5.0,0.0,3.94,2.41,0
2025-11-24T17:06:24.279320,260,student_4_lec_2a96290c_513a5569,lec_2a96290c,cv101,1,0.95,engaged,59.97,0.0036,-0.0063,-0.0058,0.0033,-0.0098,-0.0056,149.19,-126.33,-169.98,207.27,2258.35,177.95,-9.79,2.22,2.98,2.09,2.02,3.51,5.0,1.49,2.81,4.84,3.03,2.12,1.97,5.0,2.52,0.1,4.9,5.0,0.0,4.01,2.36,0
2025-11-24T17:06:25.333001,261,student_4_lec_2a96290c_513a5569,lec_2a96290c,cv101,1,0.95,engaged,56.78,-0.0047,-0.003,-0.0058,-0.0032,-0.0036,-0.0057,-145.67,-149.81,-173.11,173.77,2219.39,175.67,3.28,10.93,4.55,3.69,0.45,2.97,5.0,2.03,2.62,4.5,2.85,2.0,2.15,5.0,2.38,0.22,4.78,5.0,0.0,3.92,2.9,0
2025-11-24T17:06:26.387529,262,student_4_lec_2a96290c_513a5569,lec_2a96290c,cv101,1,0.95,engaged,65.77,-0.001,-0.0015,-0.0058,0.005,0.0033,-0.0059,-15.14,-7.24,-48.46,286.33,2259.01,176.37,6.49,3.07,4.15,3.34,0.85,2.34,4.66,2.66,2.68,5.0,3.12,2.18,1.88,5.0,2.6,0.6,4.4,5.0,0.0,3.89,2.78,0.32
2025-11-24T17:06:27.386702,263,student_4_lec_2a96290c_513a5569,lec_2a96290c,cv101,1,0.95,engaged,57.02,-0.0078,-0.0017,-0.0056,-0.0013,-0.0019,-0.0058,-146.71,-162.7,-135.43,293.44,2246.47,-179.56,13.91,2.19,3.45,2.69,1.55,2.96,5.0,2.04,2.92,4.96,2.81,1.97,2.19,5.0,2.34,0.36,4.64,5.0,0.0,3.91,2.56,0
2025-11-24T17:06:28.440829,264,student_4_lec_2a96290c_513a5569,lec_2a96290c,cv101,1,0.95,engaged,58.13,-0.0056,-0.003,-0.0056,0.0012,-0.0025,-0.0058,16.72,-154.09,-128.4,320.5,2235.93,-179.33,17.47,-0.08,3.19,2.52,1.81,3.19,4.92,1.81,2.89,4.76,2.97,2.08,2.03,5.0,2.47,0.66,4.34,5.0,0.0,3.95,2.51,0
2025-11-24T17:06:29.486096,265,student_4_lec_2a96290c_513a5569,lec_2a96290c,cv101,1,0.95,engaged,59.39,-0.0063,-0.0029,-0.0054,-0.0022,-0.0119,-0.0056,-144.35,-133.58,-126.9,311.38,2281.57,-179.9,16.42,-0.11,2.76,2.14,2.24,3.48,4.9,1.52,2.83,4.73,2.93,2.05,2.07,5.0,2.44,0.48,4.52,5.0,0.0,3.92,2.38,0
2025-11-24T17:06:30.489218,266,student_4_lec_2a96290c_513a5569,lec_2a96290c,cv101,1,0.95,engaged,62.09,0.0042,-0.0042,-0.0052,0.0017,-0.0014,-0.0053,151.62,-153.07,-153.02,326.68,2097.88,-174.56,29.37,2.88,3.64,2.62,1.36,4.14,5.0,0.86,3.27,4.95,2.79,1.95,2.21,5.0,2.33,0.58,4.42,5.0,0.0,3.9,2.54,0
2025-11-24T17:06:31.534590,267,student_4_lec_2a96290c_513a5569,lec_2a96290c,cv101,1,0.95,engaged,62.0,-0.0033,-0.0024,-0.0055,0.0007,-0.0041,-0.0058,12.18,-150.56,-166.38,304.99,2204.0,-179.82,19.13,-0.91,3.1,2.27,1.9,4.19,4.81,0.81,2.98,5.0,2.84,1.99,2.16,5.0,2.37,0.13,4.87,5.0,0.0,3.82,2.42,0
2025-11-24T17:06:32.539048,268,student_4_lec_2a96290c_513a5569,lec_2a96290c,cv101,1,0.95,engaged,58.7,-0.0034,-0.0028,-0.005,0.0006,-0.006,-0.0055,14.06,-141.88,-216.83,402.79,2153.79,-172.85,23.45,-3.04,2.26,1.28,2.74,3.24,5.0,1.76,3.42,4.25,2.81,1.97,2.19,5.0,2.34,0.41,4.59,4.87,0.0,3.91,2.09,0
2025-11-24T17:06:33.580655,269,student_4_lec_2a96290c_513a5569,lec_2a96290c,cv101,1,0.95,engaged,61.69,-0.0035,-0.0042,-0.0051,-0.0002,-0.0036,-0.0056,-161.76,-144.01,292.91,-523.02,-2278.71,-144.17,32.77,-171.46,3.08,1.7,1.92,3.93,5.0,1.07,3.88,3.75,2.9,2.03,2.1,5.0,2.41,1.33,3.67,3.96,0.0,3.95,2.23,0
2025-11-24T17:06:34.639525,270,student_4_lec_2a96290c_513a5569,lec_2a96290c,cv101,1,0.95,engaged,63.83,-0.0051,-0.003,-0.0052,0.0015,-0.0051,-0.0056,14.66,-143.91,-264.85,417.89,2084.59,-172.86,25.4,-2.59,2.7,1.69,2.3,4.57,5.0,0.43,3.52,4.38,2.56,1.79,2.44,5.0,2.14,0.0,5.0,4.82,0.0,3.78,2.23,0
2025-11-24T17:06:35.703152,271,student_4_lec_2a96290c_513a5569,lec_2a96290c,cv101,1,0.95,engaged,64.11,-0.0048,-0.0034,-0.0052,0.0017,-0.0042,-0.0057,12.75,-145.19,-250.99,422.4,2103.92,-173.37,22.39,-3.02,3.44,2.32,1.56,4.6,5.0,0.4,3.46,4.43,2.76,1.93,2.24,5.0,2.3,0.24,4.76,4.91,0.0,3.88,2.44,0
2025-11-24T17:06:36.703304,272,student_4_lec_2a96290c_513a5569,lec_2a96290c,cv101,1,0.95,engaged,66.13,-0.0058,-0.0045,-0.0061,-0.0025,-0.0054,-0.0061,-147.11,-141.02,-64.19,309.89,2114.78,179.24,-10.28,2.73,3.09,2.22,1.91,4.94,5.0,0.06,3.1,5.0,3.05,2.14,1.95,5.0,2.54,0.0,5.0,5.0,0.0,4.03,2.41,0
2025-11-24T17:06:37.742268,273,student_4_lec_2a96290c_513a5569,lec_2a96290c,cv101,1,0.95,engaged,66.15,-0.003,-0.0032,-0.0054,0.0018,-0.0054,-0.0057,5.67,-143.09,-194.68,383.82,2078.04,-172.41,19.45,-0.82,3.27,2.21,1.73,5.0,5.0,0.0,3.48,4.53,2.91,2.04,2.09,5.0,2.43,0.32,4.68,5.0,0.0,3.96,2.4,0
2025-11-24T17:06:38.798140,274,student_4_lec_2a96290c_513a5569,lec_2a96290c,cv101,1,0.95,engaged,63.37,-0.0014,-0.0047,-0.0057,0.0029,-0.0049,-0.0059,-6.19,-140.6,-164.62,378.26,2132.44,-174.63,16.34,-0.18,3.25,2.18,1.75,4.42,5.0,0.58,3.35,4.29,2.75,1.93,2.25,5.0,2.29,0.3,4.7,5.0,0.0,3.88,2.39,0
2025-11-24T17:06:39.854273,275,student_4_lec_2a96290c_513a5569,lec_2a96290c,cv101,1,0.95,engaged,61.35,-0.004,-0.0044,-0.0056,-0.0003,-0.0067,-0.0059,-160.61,-136.63,-180.93,314.34,2148.29,-179.2,18.74,-2.73,2.76,1.95,2.24,3.91,5.0,1.09,3.07,4.84,2.81,1.97,2.19,5.0,2.35,0.0,5.0,5.0,0.0,3.91,2.32,0
2025-11-24T17:06:40.910471,276,student_4_lec_2a96290c_513a5569,lec_2a96290c,cv101,1,0.95,engaged,65.74,-0.0042,-0.0041,-0.0057,-0.0034,-0.0075,-0.0059,-146.78,-136.12,-157.75,290.33,2170.85,-178.46,14.85,-0.99,2.63,1.86,2.37,4.86,5.0,0.14,3.02,4.83,2.96,2.07,2.04,5.0,2.47,0.39,4.61,5.0,0.0,3.98,2.29,0
2025-11-24T17:06:41.967274,277,student_4_lec_2a96290c_513a5569,lec_2a96290c,cv101,1,0.95,engaged,62.3,-0.0066,-0.0022,-0.0057,-0.0016,-0.0069,-0.0061,-148.36,-145.34,-225.22,258.22,2057.36,-175.48,17.64,-1.73,2.96,2.09,2.04,3.95,5.0,1.05,3.28,4.95,3.27,2.29,1.73,5.0,2.72,0.53,4.47,5.0,0.0,4.13,2.36,0
2025-11-24T17:06:42.966166,278,student_4_lec_2a96290c_513a5569,lec_2a96290c,cv101,1,0.95,engaged,65.84,-0.005,-0.0032,-0.0055,-0.0008,-0.0066,-0.006,-155.17,-141.02,-244.25,325.78,2051.25,-174.02,19.67,-2.79,2.76,1.77,2.24,4.86,5.0,0.14,3.43,4.8,3.0,2.1,2.0,5.0,2.5,0.32,4.68,5.0,0.0,4.0,2.26,0
2025-11-24T17:06:44.018709,279,student_4_lec_2a96290c_513a5569,lec_2a96290c,cv101,1,0.95,engaged,66.56,-0.0048,-0.0043,-0.0055,0.0019,-0.0054,-0.0059,11.46,-140.03,237.4,-481.82,-2331.5,-162.48,26.37,-176.72,3.23,2.07,1.77,5.0,5.0,0.0,3.61,5.0,3.12,2.19,1.88,5.0,2.6,0.24,4.76,4.74,0.0,4.06,2.36,0
2025-11-24T17:06:45.023160,280,student_4_lec_2a96290c_513a5569,lec_2a96290c,cv101,1,0.95,engaged,66.42,-0.0054,-0.0045,-0.0061,-0.0014,-0.0064,-0.0063,-152.81,-138.98,-141.82,444.85,2032.07,-177.55,9.43,-2.65,3.14,2.07,1.86,4.95,5.0,0.05,3.49,5.0,3.16,2.21,1.84,5.0,2.63,0.0,5.0,5.0,0.0,4.08,2.36,0
2025-11-24T17:06:46.072252,281,student_4_lec_2a96290c_513a5569,lec_2a96290c,cv101,1,0.95,engaged,66.62,-0.0038,-0.0046,-0.006,-0.0009,-0.0075,-0.0062,-160.05,-136.14,-136.45,460.09,2057.25,-177.73,12.82,-1.55,2.65,1.71,2.35,5.0,5.0,0.0,3.45,4.85,3.09,2.16,1.91,5.0,2.57,0.12,4.88,5.0,0.0,4.04,2.24,0
2025-11-24T17:06:47.117513,282,student_4_lec_2a96290c_513a5569,lec_2a96290c,cv101,1,0.95,engaged,65.23,-0.0044,-0.0047,-0.0059,-0.0027,-0.0081,-0.0062,-149.86,-134.3,-152.11,440.88,2039.98,-178.36,16.26,-0.42,3.25,2.28,1.75,4.74,5.0,0.26,3.34,4.71,3.04,2.13,1.96,5.0,2.53,0.0,5.0,5.0,0.0,4.02,2.43,0
2025-11-24T17:06:48.199197,283,student_4_lec_2a96290c_513a5569,lec_2a96290c,cv101,1,0.95,engaged,65.7,-0.005,-0.0039,-0.0055,-0.0019,-0.0066,-0.0059,-149.57,-138.15,-207.35,451.45,2058.43,-179.57,17.95,-2.41,2.85,1.85,2.15,4.82,5.0,0.18,3.33,5.0,3.03,2.12,1.97,5.0,2.53,0.08,4.92,5.0,0.0,4.01,2.28,0
2025-11-24T17:06:49.229211,284,student_4_lec_2a96290c_513a5569,lec_2a96290c,cv101,1,0.95,engaged,63.97,-0.0053,-0.0044,-0.0057,-0.0006,-0.0065,-0.006,-155.81,-137.35,-219.03,453.95,2071.23,-178.31,18.71,-3.11,2.98,2.04,2.02,4.45,5.0,0.55,3.34,4.82,2.99,2.09,2.01,5.0,2.49,0.0,5.0,5.0,0.0,4.0,2.35,0
2025-11-24T17:06:50.303396,285,student_4_lec_2a96290c_513a5569,lec_2a96290c,cv101,1,0.95,engaged,66.33,-0.0049,-0.0038,-0.0054,-0.0014,-0.0074,-0.0058,-152.29,-136.65,-234.0,461.9,2056.59,-177.64,20.63,-3.02,2.6,1.66,2.4,5.0,5.0,0.0,3.43,4.72,2.91,2.04,2.09,5.0,2.43,0.0,5.0,5.0,0.0,3.96,2.22,0
2025-11-24T17:06:51.393045,286,student_4_lec_2a96290c_513a5569,lec_2a96290c,cv101,1,0.95,engaged,66.37,-0.005,-0.0049,-0.0055,-0.0019,-0.0078,-0.0059,-150.03,-133.07,-226.4,447.86,2035.65,-177.05,20.86,-2.17,2.73,1.69,2.27,5.0,5.0,0.0,3.46,4.6,2.94,2.06,2.06,5.0,2.45,0.0,5.0,5.0,0.0,3.97,2.23,0
2025-11-24T17:06:52.415027,287,student_4_lec_2a96290c_513a5569,lec_2a96290c,cv101,1,0.95,engaged,60.98,-0.0005,-0.0029,-0.0064,0.0046,-0.0028,-0.0063,-15.89,-155.79,-43.74,478.51,2128.35,179.61,-7.88,1.99,3.8,2.79,1.2,3.76,5.0,1.24,3.33,4.98,3.12,2.19,1.88,5.0,2.6,0.24,4.76,5.0,0.0,4.06,2.6,0
2025-11-24T17:06:53.416108,288,student_4_lec_2a96290c_513a5569,lec_2a96290c,cv101,1,0.95,engaged,61.72,-0.0007,-0.0044,-0.0062,0.0027,-0.0025,-0.0062,-8.42,-151.68,-61.4,474.95,2120.81,-178.09,3.83,-0.0,3.47,2.56,1.53,3.93,5.0,1.07,3.33,4.7,3.08,2.15,1.92,5.0,2.56,0.07,4.93,5.0,0.0,4.04,2.52,0
2025-11-24T17:06:54.476271,289,student_4_lec_2a96290c_513a5569,lec_2a96290c,cv101,1,0.95,engaged,62.82,0.0011,-0.0035,-0.0062,0.0028,-0.0018,-0.0061,162.76,-157.08,-52.02,496.33,2137.52,-177.03,6.96,1.11,3.39,2.46,1.61,4.17,5.0,0.83,3.28,4.89,3.1,2.17,1.9,5.0,2.58,0.39,4.61,5.0,0.0,4.05,2.49,0
2025-11-24T17:06:55.527243,290,student_4_lec_2a96290c_513a5569,lec_2a96290c,cv101,1,0.95,engaged,63.95,-0.0038,-0.0045,-0.0061,0.0034,-0.0018,-0.0058,0.7,-153.06,-68.8,-582.15,-2413.56,-156.77,-16.95,177.64,4.12,2.97,0.88,4.46,5.0,0.54,3.47,4.61,3.13,2.19,1.87,5.0,2.61,0.64,4.36,4.68,0.0,4.06,2.66,0
2025-11-24T17:06:56.573325,291,student_4_lec_2a96290c_513a5569,lec_2a96290c,cv101,1,0.95,engaged,65.47,-0.0026,-0.0052,-0.006,0.0002,-0.0044,-0.0058,10.67,-141.37,-24.11,-599.81,-2404.83,-148.38,-5.79,-178.76,4.2,2.97,0.8,4.77,5.0,0.23,3.59,4.28,3.23,2.26,1.77,5.0,2.69,0.82,4.18,4.24,0.0,4.12,2.66,0
2025-11-24T17:06:57.640770,292,student_4_lec_2a96290c_513a5569,lec_2a96290c,cv101,1,0.95,engaged,62.41,-0.0057,-0.0043,-0.0062,-0.0043,-0.0027,-0.0064,-141.81,-151.08,-119.13,523.7,2064.84,-171.2,12.93,2.45,3.87,2.84,1.13,4.02,5.0,0.98,3.42,4.51,3.3,2.31,1.7,5.0,2.75,0.52,4.48,4.8,0.0,4.15,2.61,0
2025-11-24T17:06:58.702399,293,student_4_lec_2a96290c_513a5569,lec_2a96290c,cv101,1,0.95,engaged,66.28,-0.0006,-0.0041,-0.0061,0.0039,-0.0028,-0.0061,-13.38,-150.74,60.11,-608.27,-2387.81,-149.69,1.73,-176.02,3.67,2.41,1.33,4.91,5.0,0.09,3.57,4.5,3.24,2.27,1.76,5.0,2.7,0.75,4.25,4.41,0.0,4.12,2.47,0
2025-11-24T17:06:59.738595,294,student_4_lec_2a96290c_513a5569,lec_2a96290c,cv101,1,0.95,engaged,66.39,-0.0051,-0.0035,-0.0062,-0.0026,-0.0044,-0.0065,-149.3,-148.11,-154.84,486.13,2024.12,-173.41,14.52,2.21,4.02,2.85,0.98,5.0,5.0,0.0,3.5,4.72,3.17,2.22,1.83,5.0,2.64,0.09,4.91,5.0,0.0,4.08,2.62,0
2025-11-24T17:07:00.805344,295,student_4_lec_2a96290c_513a5569,lec_2a96290c,cv101,1,0.95,engaged,64.52,-0.0044,-0.0035,-0.0059,-0.0013,-0.0046,-0.0062,-155.63,-146.24,-164.29,494.48,2040.53,-172.56,15.93,1.76,4.07,3.0,0.93,4.59,5.0,0.41,3.53,4.45,3.14,2.2,1.86,5.0,2.62,0.03,4.97,5.0,0.0,4.07,2.67,0
2025-11-24T17:07:01.852470,296,student_4_lec_2a96290c_513a5569,lec_2a96290c,cv101,1,0.95,engaged,65.4,-0.0044,-0.0041,-0.0057,-0.0012,-0.0052,-0.0061,-155.83,-141.77,-172.13,509.12,2075.73,-173.25,16.85,1.86,3.72,2.62,1.28,4.83,5.0,0.17,3.44,4.78,2.98,2.09,2.02,5.0,2.48,0.11,4.89,4.93,0.0,3.99,2.54,0
2025-11-24T17:07:02.910137,297,student_4_lec_2a96290c_513a5569,lec_2a96290c,cv101,1,0.95,engaged,66.06,-0.0049,-0.005,-0.0057,-0.0003,-0.0053,-0.0061,-158.18,-138.92,-172.53,501.51,2068.07,-173.26,16.68,1.9,3.79,2.67,1.21,5.0,5.0,0.0,3.48,4.52,2.95,2.07,2.05,5.0,2.46,0.36,4.64,5.0,0.0,3.98,2.56,0
2025-11-24T17:07:03.974794,298,student_4_lec_2a96290c_513a5569,lec_2a96290c,cv101,1,0.95,engaged,66.22,-0.0051,-0.0041,-0.0058,-0.0002,-0.0054,-0.0061,-158.67,-141.6,-171.77,494.97,2046.78,-172.63,17.18,2.43,3.61,2.46,1.39,5.0,5.0,0.0,3.52,4.28,3.0,2.1,2.0,5.0,2.5,0.39,4.61,4.95,0.0,4.0,2.49,0
2025-11-24T17:07:05.032040,299,student_4_lec_2a96290c_513a5569,lec_2a96290c,cv101,1,0.95,engaged,66.39,-0.0032,-0.0052,-0.0057,-0.0002,-0.0068,-0.006,-164.5,-134.55,-166.91,479.42,2020.35,-173.17,17.34,2.66,3.23,2.06,1.77,5.0,5.0,0.0,3.55,4.45,3.02,2.12,1.98,5.0,2.52,0.44,4.56,5.0,0.0,4.01,2.35,0
2025-11-24T17:07:06.077306,300,student_4_lec_2a96290c_513a5569,lec_2a96290c,cv101,1,0.95,engaged,66.39,-0.0039,-0.0047,-0.0056,-0.0001,-0.0062,-0.006,-162.08,-136.94,-182.26,508.73,2021.19,-171.86,18.66,1.81,3.27,2.11,1.73,5.0,5.0,0.0,3.64,4.45,3.03,2.12,1.97,5.0,2.53,0.41,4.59,4.83,0.0,4.01,2.37,0
2025-11-24T17:07:07.133203,301,student_4_lec_2a96290c_513a5569,lec_2a96290c,cv101,1,0.95,engaged,66.36,-0.0039,-0.0044,-0.0057,0.0004,-0.0074,-0.0061,15.2,-135.84,-187.67,488.65,1994.65,-171.52,19.77,1.74,3.14,1.93,1.86,5.0,5.0,0.0,3.61,4.35,2.98,2.09,2.02,5.0,2.48,0.49,4.51,4.93,0.0,3.99,2.31,0
2025-11-24T17:07:08.211117,302,student_4_lec_2a96290c_513a5569,lec_2a96290c,cv101,1,0.95,engaged,65.21,-0.0049,-0.0047,-0.0056,0.0003,-0.0082,-0.006,19.01,-133.29,-207.83,494.2,2021.11,-172.91,18.89,0.92,3.23,2.06,1.77,4.65,5.0,0.35,3.63,4.78,3.2,2.24,1.8,5.0,2.66,0.18,4.82,4.99,0.0,4.1,2.35,0
2025-11-24T17:07:09.261457,303,student_4_lec_2a96290c_513a5569,lec_2a96290c,cv101,1,0.95,engaged,66.39,-0.0038,-0.0054,-0.0056,0.0021,-0.0071,-0.006,7.65,-133.08,267.58,-567.26,-2283.5,-152.08,29.59,-170.32,3.15,1.99,1.85,5.0,5.0,0.0,3.7,4.81,3.01,2.11,1.99,5.0,2.51,0.31,4.69,4.7,0.0,4.0,2.33,0
2025-11-24T17:07:10.313581,304,student_4_lec_2a96290c_513a5569,lec_2a96290c,cv101,0,0.0,no_face,0.0,0.0,0.0,0.0,0.0,0.0,0.0,0.0,0.0,0.0,0.0,0.0,0.0,0.0,0.0,0.0,0.0,0.0,0.0,0.0,0.0,0.0,0.0,0.0,0.0,0.0,0.0,0.0,0.0,0.0,0.0,0.0,0.0,0.0,0.0
2025-11-24T17:07:11.368792,305,student_4_lec_2a96290c_513a5569,lec_2a96290c,cv101,0,0.0,no_face,0.0,0.0,0.0,0.0,0.0,0.0,0.0,0.0,0.0,0.0,0.0,0.0,0.0,0.0,0.0,0.0,0.0,0.0,0.0,0.0,0.0,0.0,0.0,0.0,0.0,0.0,0.0,0.0,0.0,0.0,0.0,0.0,0.0,0.0,0.0
2025-11-24T17:07:12.438177,306,student_4_lec_2a96290c_513a5569,lec_2a96290c,cv101,1,0.95,engaged,54.08,0.0007,-0.0021,-0.0074,0.0071,-0.0017,-0.0077,155.98,-165.99,472.61,-669.55,-1912.99,-149.63,29.74,-173.49,4.67,3.45,0.33,2.16,5.0,2.84,4.49,5.0,3.24,2.27,1.76,5.0,2.7,0.66,4.34,5.0,0.0,4.12,2.82,0.68
2025-11-24T17:07:13.489420,307,student_4_lec_2a96290c_513a5569,lec_2a96290c,cv101,0,0.0,no_face,0.0,0.0,0.0,0.0,0.0,0.0,0.0,0.0,0.0,0.0,0.0,0.0,0.0,0.0,0.0,0.0,0.0,0.0,0.0,0.0,0.0,0.0,0.0,0.0,0.0,0.0,0.0,0.0,0.0,0.0,0.0,0.0,0.0,0.0,0.0
2025-11-24T17:07:14.544294,308,student_4_lec_2a96290c_513a5569,lec_2a96290c,cv101,1,0.95,engaged,65.95,-0.0056,-0.0043,-0.0057,-0.0009,-0.0072,-0.006,-153.71,-136.32,-161.51,501.83,2119.78,-174.86,12.7,1.74,3.35,2.26,1.65,4.91,5.0,0.09,3.39,4.77,3.03,2.12,1.97,5.0,2.52,0.15,4.85,5.0,0.0,4.01,2.42,0
2025-11-24T17:07:15.595466,309,student_4_lec_2a96290c_513a5569,lec_2a96290c,cv101,1,0.95,engaged,66.2,-0.0051,-0.0059,-0.0054,0.0009,-0.0069,-0.0058,17.09,-131.41,-189.99,479.57,2071.84,-175.58,19.8,1.7,3.19,2.06,1.81,5.0,5.0,0.0,3.38,4.56,2.91,2.03,2.09,5.0,2.42,0.34,4.66,5.0,0.0,3.96,2.35,0
2025-11-24T17:07:16.601493,310,student_4_lec_2a96290c_513a5569,lec_2a96290c,cv101,1,0.95,engaged,61.75,-0.0036,-0.0027,-0.0059,0.0022,-0.0035,-0.0058,5.25,-152.27,-21.04,579.99,2194.81,-174.0,-5.84,5.22,3.88,2.77,1.12,4.07,5.0,0.93,3.53,4.52,2.8,1.96,2.2,5.0,2.33,0.55,4.45,4.36,0.0,3.9,2.59,0
2025-11-24T17:07:17.649263,311,student_4_lec_2a96290c_513a5569,lec_2a96290c,cv101,1,0.95,engaged,65.48,-0.0047,-0.0046,-0.0054,-0.0026,-0.0103,-0.0058,-147.46,-129.45,265.28,-579.51,-2307.03,-152.49,31.15,-168.47,2.83,1.72,2.17,4.78,5.0,0.22,3.35,4.88,2.98,2.08,2.02,5.0,2.48,0.18,4.82,5.0,0.0,3.99,2.24,0
2025-11-24T17:07:18.732056,312,student_4_lec_2a96290c_513a5569,lec_2a96290c,cv101,1,0.95,engaged,65.54,-0.0016,-0.0037,-0.0054,0.0048,-0.0063,-0.0057,-11.76,-138.92,-215.29,541.44,2106.77,-174.2,17.08,2.21,3.11,2.0,1.89,4.83,5.0,0.17,3.45,4.5,2.94,2.06,2.06,5.0,2.45,0.45,4.55,4.68,0.0,3.97,2.33,0
2025-11-24T17:07:19.761131,313,student_4_lec_2a96290c_513a5569,lec_2a96290c,cv101,1,0.95,engaged,65.74,-0.0029,-0.0058,-0.0061,0.0003,-0.0053,-0.006,11.02,-137.79,-85.44,555.98,2172.44,-173.59,0.35,3.29,3.34,2.28,1.66,4.85,5.0,0.15,3.42,4.7,3.06,2.14,1.94,5.0,2.55,0.18,4.82,4.55,0.0,4.03,2.43,0
2025-11-24T17:07:20.817290,314,student_4_lec_2a96290c_513a5569,lec_2a96290c,cv101,1,0.95,engaged,65.58,-0.0006,-0.0036,-0.0059,0.0033,-0.0035,-0.0057,-12.38,-148.44,-17.5,-630.99,-2439.23,-153.87,-12.1,177.82,3.35,2.19,1.65,4.74,5.0,0.26,3.48,4.88,3.22,2.25,1.78,5.0,2.68,0.39,4.61,4.33,0.0,4.11,2.4,0
2025-11-24T17:07:21.870602,315,student_4_lec_2a96290c_513a5569,lec_2a96290c,cv101,1,0.95,engaged,64.39,-0.003,-0.0032,-0.006,0.0013,-0.0035,-0.0056,6.93,-149.79,-98.42,-634.45,-2463.15,-158.78,-22.36,178.92,4.16,2.95,0.84,4.61,5.0,0.39,3.37,4.78,3.01,2.11,1.99,5.0,2.51,0.16,4.84,4.39,0.0,4.0,2.65,0
2025-11-24T17:07:22.933158,316,student_4_lec_2a96290c_513a5569,lec_2a96290c,cv101,1,0.95,engaged,66.25,-0.0042,-0.004,-0.0057,-0.0028,-0.0088,-0.0059,-149.05,-134.48,-169.85,498.15,2085.5,-177.76,20.77,0.1,2.81,1.79,2.19,4.97,5.0,0.03,3.25,4.98,2.96,2.07,2.04,5.0,2.47,0.22,4.78,5.0,0.0,3.98,2.26,0
2025-11-24T17:07:23.982947,317,student_4_lec_2a96290c_513a5569,lec_2a96290c,cv101,1,0.95,engaged,66.37,-0.0049,-0.0058,-0.0055,-0.0038,-0.0099,-0.0058,-142.53,-126.71,-168.28,497.91,2110.19,-177.0,17.56,1.0,2.75,1.7,2.25,5.0,5.0,0.0,3.33,4.6,2.94,2.06,2.06,5.0,2.45,0.28,4.72,5.0,0.0,3.97,2.23,0
2025-11-24T17:07:25.039488,318,student_4_lec_2a96290c_513a5569,lec_2a96290c,cv101,1,0.95,engaged,66.33,-0.0048,-0.0048,-0.0055,-0.0027,-0.008,-0.0058,-147.14,-132.43,-176.35,502.59,2116.39,-176.12,17.91,1.07,2.85,1.82,2.15,5.0,5.0,0.0,3.34,4.72,2.94,2.06,2.06,5.0,2.45,0.2,4.8,5.0,0.0,3.97,2.27,0
2025-11-24T17:07:26.096384,319,student_4_lec_2a96290c_513a5569,lec_2a96290c,cv101,1,0.95,engaged,66.21,-0.0041,-0.0046,-0.0054,-0.0018,-0.0083,-0.0057,-152.97,-132.44,-173.75,524.74,2156.03,-175.65,16.97,1.64,3.0,1.91,2.0,5.0,5.0,0.0,3.3,4.77,2.89,2.02,2.11,5.0,2.41,0.14,4.86,5.0,0.0,3.95,2.3,0
2025-11-24T17:07:27.183474,320,student_4_lec_2a96290c_513a5569,lec_2a96290c,cv101,1,0.95,engaged,64.05,-0.0019,-0.0046,-0.0055,0.0018,-0.0027,-0.0058,1.15,-147.69,-165.82,520.43,2177.84,-177.91,15.53,1.42,3.2,2.19,1.8,4.53,5.0,0.47,3.25,4.83,2.87,2.01,2.13,5.0,2.39,0.28,4.72,5.0,0.0,3.94,2.4,0
2025-11-24T17:07:28.224393,321,student_4_lec_2a96290c_513a5569,lec_2a96290c,cv101,1,0.95,engaged,63.94,0.001,-0.0008,-0.0064,0.0046,-0.0018,-0.0058,156.4,-167.5,-115.51,-619.9,-2459.25,-158.81,-25.02,-179.38,4.9,3.75,0.1,4.56,4.95,0.44,3.27,4.72,3.1,2.17,1.9,5.0,2.59,0.42,4.58,4.6,0.0,4.03,2.92,0
2025-11-24T17:07:29.294555,322,student_4_lec_2a96290c_513a5569,lec_2a96290c,cv101,1,0.95,engaged,62.63,-0.0053,-0.003,-0.0058,-0.0021,-0.0045,-0.0059,-148.72,-147.52,-79.09,539.21,2186.29,-178.51,11.52,3.28,3.74,2.77,1.26,4.14,5.0,0.86,3.17,5.0,3.12,2.18,1.88,5.0,2.6,0.84,4.16,5.0,0.0,4.06,2.59,0
2025-11-24T17:07:30.336438,323,student_4_lec_2a96290c_513a5569,lec_2a96290c,cv101,1,0.95,engaged,65.25,-0.0035,-0.0031,-0.0054,-0.0001,-0.0052,-0.0058,-162.99,-144.02,216.13,-616.15,-2376.3,-149.98,26.65,-170.03,3.13,2.08,1.87,4.77,5.0,0.23,3.44,4.54,2.94,2.06,2.06,5.0,2.45,0.34,4.66,4.64,0.0,3.97,2.36,0
2025-11-24T17:07:34.338498,324,student_4_lec_2a96290c_513a5569,lec_2a96290c,cv101,1,0.95,engaged,63.25,-0.0056,-0.0046,-0.0056,-0.0013,-0.0042,-0.0056,-150.98,-141.99,-94.86,555.13,2210.9,-175.82,9.34,-0.1,2.9,1.97,2.1,4.33,5.0,0.67,3.33,4.47,2.86,2.0,2.14,5.0,2.39,0.13,4.87,4.9,0.0,3.93,2.32,0
2025-11-24T17:07:35.385426,325,student_4_lec_2a96290c_513a5569,lec_2a96290c,cv101,1,0.95,engaged,64.27,-0.0049,-0.0037,-0.0057,-0.0012,-0.005,-0.0058,-153.59,-143.29,-96.16,535.71,2205.75,-177.32,9.15,0.5,3.08,2.17,1.92,4.55,5.0,0.45,3.27,4.49,2.94,2.06,2.06,5.0,2.45,0.32,4.68,5.0,0.0,3.97,2.39,0
2025-11-24T17:07:36.442527,326,student_4_lec_2a96290c_513a5569,lec_2a96290c,cv101,1,0.95,engaged,62.68,-0.0007,-0.0046,-0.006,0.0017,-0.0047,-0.006,-4.52,-142.28,-75.79,521.51,2189.8,-177.97,7.84,2.01,3.37,2.48,1.63,4.19,5.0,0.81,3.22,4.56,2.97,2.08,2.03,5.0,2.48,0.66,4.34,5.0,0.0,3.99,2.49,0
2025-11-24T17:07:37.532639,327,student_4_lec_2a96290c_513a5569,lec_2a96290c,cv101,1,0.95,engaged,64.84,-0.0017,-0.0043,-0.0058,0.001,-0.0048,-0.0059,3.1,-142.12,-66.25,541.67,2187.04,-177.99,9.83,0.16,3.11,2.19,1.89,4.68,5.0,0.32,3.21,4.88,2.95,2.06,2.05,5.0,2.45,0.47,4.53,5.0,0.0,3.98,2.4,0
2025-11-24T17:07:38.616911,328,student_4_lec_2a96290c_513a5569,lec_2a96290c,cv101,1,0.95,engaged,64.13,-0.0001,-0.003,-0.0059,0.0007,-0.0036,-0.0059,-2.92,-150.97,-21.21,578.54,2218.84,-174.23,1.73,1.83,3.51,2.48,1.49,4.56,5.0,0.44,3.37,4.54,2.89,2.02,2.11,5.0,2.41,0.88,4.12,4.65,0.0,3.95,2.49,0
2025-11-24T17:07:39.705433,329,student_4_lec_2a96290c_513a5569,lec_2a96290c,cv101,1,0.95,engaged,64.44,-0.0028,-0.0049,-0.0055,0.0022,-0.0053,-0.0053,2.51,-137.03,-3.62,-756.09,-2531.65,-141.43,-6.11,177.94,3.61,2.3,1.39,4.64,5.0,0.36,3.73,3.49,2.84,1.99,2.16,4.15,2.37,2.04,2.96,2.95,0.0,3.92,2.43,0
2025-11-24T17:07:40.794924,330,student_4_lec_2a96290c_513a5569,lec_2a96290c,cv101,1,0.95,engaged,65.12,-0.0042,-0.0062,-0.0056,-0.0007,-0.0048,-0.0053,-157.91,-135.19,-23.67,-719.9,-2499.15,-144.36,-7.21,177.55,3.47,2.22,1.53,4.69,5.0,0.31,3.55,4.05,3.09,2.16,1.91,4.48,2.58,1.49,3.51,3.34,0.0,4.04,2.41,0
2025-11-24T17:07:41.885181,331,student_4_lec_2a96290c_513a5569,lec_2a96290c,cv101,1,0.95,engaged,63.96,-0.0031,-0.0061,-0.0055,0.0008,-0.0058,-0.0052,10.51,-131.69,-12.51,-751.92,-2508.13,-141.67,-8.34,177.92,3.71,2.39,1.29,4.5,5.0,0.5,3.68,3.65,2.93,2.05,2.07,4.2,2.44,1.71,3.29,3.05,0.0,3.96,2.46,0
2025-11-24T17:07:42.976099,332,student_4_lec_2a96290c_513a5569,lec_2a96290c,cv101,1,0.95,engaged,64.44,-0.0023,-0.0076,-0.0058,0.0032,-0.0057,-0.0054,-4.59,-130.42,-115.28,-663.06,-2442.81,-147.15,-21.19,173.82,3.1,1.8,1.9,4.59,5.0,0.41,3.67,4.1,2.87,2.01,2.13,4.76,2.39,1.62,3.38,3.48,0.0,3.94,2.27,0
2025-11-24T17:07:44.066532,333,student_4_lec_2a96290c_513a5569,lec_2a96290c,cv101,1,0.95,engaged,65.97,-0.0039,-0.0067,-0.0058,0.0012,-0.0058,-0.0053,10.43,-131.44,-160.27,-655.76,-2434.12,-151.22,-26.98,174.81,3.39,2.01,1.61,5.0,5.0,0.0,3.57,4.44,2.78,1.95,2.22,4.22,2.32,0.95,4.05,3.57,0.0,3.89,2.34,0
2025-11-24T17:07:45.163515,334,student_4_lec_2a96290c_513a5569,lec_2a96290c,cv101,1,0.95,engaged,65.74,-0.0037,-0.0034,-0.0057,0.0026,-0.0039,-0.0052,3.19,-145.89,-167.34,-687.36,-2464.8,-146.5,-25.1,174.12,4.12,2.79,0.88,4.96,5.0,0.04,3.54,4.07,2.89,2.02,2.11,4.66,2.41,1.22,3.78,3.47,0.0,3.95,2.6,0
2025-11-24T17:07:46.245249,335,student_4_lec_2a96290c_513a5569,lec_2a96290c,cv101,1,0.95,engaged,66.6,-0.0037,-0.006,-0.0061,-0.0005,-0.0067,-0.0059,-161.73,-133.25,-66.83,-607.99,-2427.63,-155.1,-8.88,178.52,3.11,1.97,1.89,5.0,5.0,0.0,3.58,4.59,3.12,2.18,1.88,5.0,2.6,0.75,4.25,4.24,0.0,4.06,2.32,0
2025-11-24T17:07:47.325955,336,student_4_lec_2a96290c_513a5569,lec_2a96290c,cv101,1,0.95,engaged,66.22,-0.0037,-0.0054,-0.006,0.0001,-0.0048,-0.0057,15.22,-138.75,-102.26,-574.02,-2390.11,-160.13,-18.67,175.81,3.28,2.13,1.72,5.0,5.0,0.0,3.59,4.72,2.94,2.05,2.06,5.0,2.45,0.78,4.22,4.49,0.0,3.97,2.38,0
2025-11-24T17:07:48.452504,337,student_4_lec_2a96290c_513a5569,lec_2a96290c,cv101,1,0.95,engaged,66.21,-0.0018,-0.0035,-0.0059,0.0014,-0.0049,-0.0056,1.63,-144.04,-134.24,-602.76,-2409.99,-156.64,-21.95,175.21,3.65,2.44,1.35,5.0,5.0,0.0,3.56,4.73,2.99,2.09,2.01,5.0,2.49,0.54,4.46,4.35,0.0,4.0,2.48,0
2025-11-24T17:07:49.514601,338,student_4_lec_2a96290c_513a5569,lec_2a96290c,cv101,1,0.95,engaged,66.47,-0.0039,-0.0045,-0.006,-0.0009,-0.0063,-0.0057,-159.03,-137.59,-65.39,-578.62,-2405.9,-158.64,-9.43,178.42,3.07,1.94,1.93,5.0,5.0,0.0,3.49,4.91,3.04,2.13,1.96,5.0,2.53,0.54,4.46,4.62,0.0,4.02,2.31,0
2025-11-24T17:07:50.587632,339,student_4_lec_2a96290c_513a5569,lec_2a96290c,cv101,1,0.95,engaged,66.56,-0.0035,-0.0053,-0.006,0.0,-0.0056,-0.0059,14.71,-137.49,-68.42,-575.69,-2384.67,-156.13,-10.92,177.58,3.11,2.02,1.89,5.0,5.0,0.0,3.62,4.7,3.11,2.18,1.89,5.0,2.59,0.37,4.63,4.63,0.0,4.05,2.34,0
2025-11-24T17:07:51.681521,340,student_4_lec_2a96290c_513a5569,lec_2a96290c,cv101,1,0.95,engaged,66.39,-0.0021,-0.0027,-0.0058,0.0034,-0.0046,-0.0054,-6.01,-147.15,-140.08,-583.5,-2392.66,-157.11,-23.56,175.06,3.39,2.1,1.61,5.0,5.0,0.0,3.57,4.68,3.03,2.12,1.97,5.0,2.53,0.5,4.5,4.5,0.0,4.01,2.37,0
2025-11-24T17:07:52.764358,341,student_4_lec_2a96290c_513a5569,lec_2a96290c,cv101,1,0.95,engaged,65.64,-0.0032,-0.0045,-0.006,0.0011,-0.0052,-0.0057,8.34,-140.35,-129.93,-584.33,-2397.8,-159.5,-23.08,176.37,3.82,2.69,1.18,4.9,5.0,0.1,3.5,4.7,2.96,2.07,2.04,5.0,2.46,0.46,4.54,4.66,0.0,3.98,2.56,0
2025-11-24T17:07:53.861266,342,student_4_lec_2a96290c_513a5569,lec_2a96290c,cv101,1,0.95,engaged,66.18,-0.0012,-0.0039,-0.006,0.0033,-0.0044,-0.0057,-9.19,-144.49,-136.41,-591.66,-2423.65,-155.58,-20.96,176.04,3.84,2.69,1.16,5.0,5.0,0.0,3.56,4.64,3.02,2.11,1.98,5.0,2.52,0.75,4.25,4.45,0.0,4.01,2.56,0
2025-11-24T17:07:54.955235,343,student_4_lec_2a96290c_513a5569,lec_2a96290c,cv101,1,0.95,engaged,66.1,-0.0023,-0.0047,-0.0059,0.003,-0.0051,-0.0056,-3.2,-139.73,-143.87,-606.28,-2431.14,-154.69,-21.98,175.48,3.74,2.51,1.26,5.0,5.0,0.0,3.52,4.6,2.94,2.06,2.06,5.0,2.45,0.56,4.44,4.39,0.0,3.97,2.5,0
2025-11-24T17:07:56.047030,344,student_4_lec_2a96290c_513a5569,lec_2a96290c,cv101,1,0.95,engaged,66.41,-0.004,-0.0063,-0.006,-0.0022,-0.0078,-0.0059,-153.05,-130.09,-58.26,-599.48,-2411.6,-155.2,-4.12,-179.12,3.23,2.11,1.77,5.0,5.0,0.0,3.57,4.65,3.04,2.13,1.96,5.0,2.54,0.48,4.52,4.61,0.0,4.02,2.37,0
2025-11-24T17:07:57.118896,345,student_4_lec_2a96290c_513a5569,lec_2a96290c,cv101,1,0.95,engaged,65.42,-0.0015,-0.0035,-0.0061,0.0024,-0.0061,-0.0058,-4.37,-141.67,-97.51,-598.99,-2442.56,-155.25,-14.54,178.02,3.72,2.6,1.28,4.78,5.0,0.22,3.56,4.65,3.11,2.18,1.89,5.0,2.59,0.71,4.29,4.4,0.0,4.05,2.53,0
2025-11-24T17:07:58.209857,346,student_4_lec_2a96290c_513a5569,lec_2a96290c,cv101,1,0.95,engaged,66.28,-0.0017,-0.0039,-0.006,0.0025,-0.0054,-0.0056,-3.8,-141.33,-140.39,-591.75,-2399.87,-157.11,-22.93,176.14,3.56,2.29,1.44,5.0,5.0,0.0,3.54,4.61,3.0,2.1,2.0,5.0,2.5,0.71,4.29,4.41,0.0,4.0,2.43,0
2025-11-24T17:07:59.285496,347,student_4_lec_2a96290c_513a5569,lec_2a96290c,cv101,1,0.95,engaged,66.3,-0.0015,-0.0048,-0.006,0.0021,-0.0056,-0.0056,-3.18,-138.14,-146.15,-604.05,-2412.12,-156.62,-22.32,175.63,3.58,2.33,1.42,5.0,5.0,0.0,3.56,4.53,3.02,2.11,1.98,5.0,2.52,0.6,4.4,4.38,0.0,4.01,2.44,0
2025-11-24T17:08:00.388831,348,student_4_lec_2a96290c_513a5569,lec_2a96290c,cv101,1,0.95,engaged,66.34,-0.0025,-0.0045,-0.0059,0.0019,-0.0046,-0.0055,2.29,-141.54,-152.32,-584.38,-2392.57,-157.01,-24.07,175.64,3.59,2.42,1.41,5.0,5.0,0.0,3.54,4.78,3.06,2.14,1.94,5.0,2.55,0.4,4.6,4.57,0.0,4.03,2.47,0
2025-11-24T17:08:01.474551,349,student_4_lec_2a96290c_513a5569,lec_2a96290c,cv101,1,0.95,engaged,66.46,-0.0053,-0.0054,-0.006,-0.0031,-0.0065,-0.0058,-145.22,-134.97,-50.07,-586.56,-2403.63,-154.54,-2.79,-178.65,3.32,2.18,1.68,5.0,5.0,0.0,3.55,4.64,3.08,2.15,1.92,5.0,2.56,0.97,4.03,4.59,0.0,4.04,2.39,0
2025-11-24T17:08:02.557916,350,student_4_lec_2a96290c_513a5569,lec_2a96290c,cv101,1,0.95,engaged,66.25,-0.0006,-0.0029,-0.0059,0.0018,-0.0055,-0.0056,-5.64,-144.32,-140.64,-579.06,-2406.06,-159.55,-24.01,176.74,3.46,2.31,1.54,5.0,5.0,0.0,3.5,4.61,2.99,2.1,2.01,5.0,2.49,0.56,4.44,4.7,0.0,4.0,2.44,0
2025-11-24T17:08:03.565559,351,student_4_lec_2a96290c_513a5569,lec_2a96290c,cv101,1,0.95,engaged,66.37,-0.0039,-0.005,-0.006,-0.0012,-0.0058,-0.0059,-157.61,-137.81,14.17,510.3,2115.57,-175.22,4.9,1.75,3.29,2.23,1.71,5.0,5.0,0.0,3.45,4.69,3.04,2.13,1.96,5.0,2.53,0.53,4.47,5.0,0.0,4.02,2.41,0
2025-11-24T17:08:04.642515,352,student_4_lec_2a96290c_513a5569,lec_2a96290c,cv101,1,0.95,engaged,66.45,-0.0033,-0.005,-0.006,-0.0019,-0.0058,-0.0059,-156.8,-137.68,41.91,500.33,2142.39,-178.33,-0.11,2.37,3.03,2.06,1.97,5.0,5.0,0.0,3.37,4.87,3.05,2.13,1.95,5.0,2.54,0.41,4.59,5.0,0.0,4.03,2.35,0
2025-11-24T17:08:05.725540,353,student_4_lec_2a96290c_513a5569,lec_2a96290c,cv101,1,0.95,engaged,65.12,0.0001,-0.0041,-0.006,0.0029,-0.0058,-0.0057,166.18,-139.96,90.8,529.36,2204.1,-178.57,-5.87,3.14,3.35,2.38,1.65,4.77,5.0,0.23,3.34,4.75,2.93,2.05,2.07,5.0,2.44,0.31,4.69,5.0,0.0,3.96,2.46,0
2025-11-24T17:08:06.815197,354,student_4_lec_2a96290c_513a5569,lec_2a96290c,cv101,1,0.95,engaged,66.19,-0.0001,-0.0033,-0.006,0.0031,-0.0042,-0.0056,-13.74,-147.14,138.69,484.4,2154.81,177.71,-14.6,5.14,3.4,2.44,1.6,5.0,5.0,0.0,3.29,4.98,2.98,2.08,2.02,5.0,2.48,0.4,4.6,5.0,0.0,3.99,2.48,0
2025-11-24T17:08:07.927566,355,student_4_lec_2a96290c_513a5569,lec_2a96290c,cv101,1,0.95,engaged,65.73,-0.0047,-0.0046,-0.0061,-0.0032,-0.0054,-0.0059,-147.11,-140.3,55.84,477.32,2126.57,-179.36,3.22,1.61,3.33,2.41,1.67,4.86,5.0,0.14,3.34,4.85,3.05,2.14,1.95,5.0,2.54,0.27,4.73,5.0,0.0,4.03,2.47,0
2025-11-24T17:08:08.976453,356,student_4_lec_2a96290c_513a5569,lec_2a96290c,cv101,1,0.95,engaged,66.21,0.0016,-0.0027,-0.006,0.0049,-0.0031,-0.0057,152.03,-153.28,106.14,495.01,2181.58,178.8,-9.6,3.59,3.41,2.45,1.59,5.0,5.0,0.0,3.22,4.97,2.99,2.09,2.01,5.0,2.49,0.31,4.69,5.0,0.0,4.0,2.48,0
2025-11-24T17:08:10.069259,357,student_4_lec_2a96290c_513a5569,lec_2a96290c,cv101,1,0.95,engaged,66.2,0.0005,-0.0035,-0.006,0.0039,-0.0033,-0.0057,160.27,-150.07,112.14,487.75,2188.17,176.61,-9.55,4.16,3.23,2.26,1.77,5.0,5.0,0.0,3.23,5.0,2.95,2.06,2.05,5.0,2.46,0.29,4.71,5.0,0.0,3.98,2.42,0
2025-11-24T17:08:11.145334,358,student_4_lec_2a96290c_513a5569,lec_2a96290c,cv101,1,0.95,engaged,66.22,0.0008,-0.0033,-0.0061,0.0028,-0.0043,-0.0058,163.38,-147.17,115.74,483.8,2175.0,177.4,-9.32,4.52,3.31,2.35,1.69,5.0,5.0,0.0,3.21,5.0,2.98,2.09,2.02,5.0,2.48,0.35,4.65,5.0,0.0,3.99,2.45,0
2025-11-24T17:08:12.239358,359,student_4_lec_2a96290c_513a5569,lec_2a96290c,cv101,1,0.95,engaged,66.29,0.0005,-0.0026,-0.0061,0.0029,-0.0039,-0.0058,164.38,-151.72,118.33,482.73,2156.85,178.39,-10.65,4.21,3.34,2.41,1.66,5.0,5.0,0.0,3.25,5.0,3.03,2.12,1.97,5.0,2.53,0.26,4.74,5.0,0.0,4.01,2.47,0
2025-11-24T17:08:13.328265,360,student_4_lec_2a96290c_513a5569,lec_2a96290c,cv101,1,0.95,engaged,65.0,-0.0035,-0.004,-0.006,-0.0022,-0.0045,-0.0056,-154.49,-143.79,121.46,502.18,2190.9,178.87,-10.65,3.51,3.58,2.62,1.42,4.75,5.0,0.25,3.2,4.93,2.95,2.06,2.05,5.0,2.45,0.46,4.54,5.0,0.0,3.98,2.54,0
2025-11-24T17:08:14.416203,361,student_4_lec_2a96290c_513a5569,lec_2a96290c,cv101,1,0.95,engaged,65.98,0.0002,-0.0036,-0.006,0.0026,-0.0051,-0.0056,166.57,-143.36,140.86,488.11,2169.87,177.73,-13.64,6.32,3.55,2.6,1.45,5.0,5.0,0.0,3.24,4.9,2.89,2.02,2.11,5.0,2.41,0.43,4.57,5.0,0.0,3.95,2.53,0
2025-11-24T17:08:15.515355,362,student_4_lec_2a96290c_513a5569,lec_2a96290c,cv101,1,0.95,engaged,64.72,-0.0015,-0.0031,-0.0059,0.0019,-0.0036,-0.0054,-2.87,-148.94,193.39,474.76,2135.43,176.61,-20.8,8.52,4.25,3.24,0.75,4.73,5.0,0.27,3.21,4.96,2.96,2.07,2.04,5.0,2.46,0.26,4.74,5.0,0.0,3.98,2.75,0
2025-11-24T17:08:16.600501,363,student_4_lec_2a96290c_513a5569,lec_2a96290c,cv101,1,0.95,engaged,65.89,-0.0011,-0.0027,-0.0059,0.0003,-0.0041,-0.0054,3.63,-148.89,183.0,490.92,2141.46,179.62,-18.48,7.62,4.18,3.12,0.82,5.0,5.0,0.0,3.26,5.0,2.94,2.06,2.06,5.0,2.45,0.48,4.52,5.0,0.0,3.97,2.71,0
2025-11-24T17:08:17.684337,364,student_4_lec_2a96290c_513a5569,lec_2a96290c,cv101,1,0.95,engaged,64.77,-0.0021,-0.0038,-0.0058,0.0007,-0.0045,-0.0053,6.18,-143.11,-193.55,-546.15,-2386.09,-162.55,-30.79,178.26,4.12,3.1,0.88,4.75,5.0,0.25,3.24,4.8,2.91,2.04,2.09,5.0,2.42,0.51,4.49,5.0,0.0,3.96,2.7,0
2025-11-24T17:08:18.767910,365,student_4_lec_2a96290c_513a5569,lec_2a96290c,cv101,1,0.95,engaged,66.35,-0.0017,-0.0032,-0.0059,0.0026,-0.0041,-0.0055,-4.36,-147.33,-183.1,-542.01,-2370.91,-161.28,-28.45,178.59,3.78,2.7,1.22,5.0,5.0,0.0,3.31,4.93,3.12,2.18,1.88,5.0,2.6,0.85,4.15,5.0,0.0,4.06,2.57,0
2025-11-24T17:08:19.768988,366,student_4_lec_2a96290c_513a5569,lec_2a96290c,cv101,1,0.95,engaged,66.36,-0.0023,-0.0033,-0.006,0.0015,-0.0038,-0.0055,2.85,-148.29,-186.71,-543.39,-2367.74,-159.64,-28.36,176.93,3.88,2.74,1.12,5.0,5.0,0.0,3.37,4.75,3.13,2.19,1.87,5.0,2.61,0.85,4.15,5.0,0.0,4.06,2.58,0
2025-11-24T17:08:20.845359,367,student_4_lec_2a96290c_513a5569,lec_2a96290c,cv101,1,0.95,engaged,65.73,-0.0027,-0.0037,-0.0058,0.0017,-0.0042,-0.0054,3.55,-144.45,-191.32,-569.0,-2412.92,-159.2,-29.4,177.08,4.03,2.89,0.97,4.97,5.0,0.03,3.33,4.63,2.88,2.02,2.12,5.0,2.4,0.64,4.36,4.76,0.0,3.94,2.63,0
2025-11-24T17:08:21.935090,368,student_4_lec_2a96290c_513a5569,lec_2a96290c,cv101,1,0.95,engaged,66.43,-0.0022,-0.005,-0.006,0.001,-0.0061,-0.0058,5.01,-136.76,65.32,501.3,2147.1,-177.47,-5.87,5.05,3.12,2.12,1.88,5.0,5.0,0.0,3.38,4.64,3.05,2.13,1.95,5.0,2.54,0.42,4.58,5.0,0.0,4.03,2.37,0
2025-11-24T17:08:23.016061,369,student_4_lec_2a96290c_513a5569,lec_2a96290c,cv101,1,0.95,engaged,62.66,-0.0057,-0.0029,-0.0058,-0.002,-0.0044,-0.006,-148.37,-148.67,-73.81,499.49,2138.24,-176.47,15.17,0.21,3.85,2.87,1.15,4.18,5.0,0.82,3.3,4.79,3.06,2.14,1.94,5.0,2.55,0.54,4.46,5.0,0.0,4.03,2.62,0
2025-11-24T17:08:24.026748,370,student_4_lec_2a96290c_513a5569,lec_2a96290c,cv101,1,0.95,engaged,62.28,-0.0039,-0.0025,-0.0054,-0.0014,-0.0044,-0.0058,-155.04,-148.81,-170.91,535.76,2142.49,-173.73,23.65,-1.18,3.36,2.34,1.64,4.13,5.0,0.87,3.43,4.28,2.87,2.01,2.13,5.0,2.39,0.52,4.48,4.83,0.0,3.94,2.45,0
2025-11-24T17:08:25.095474,371,student_4_lec_2a96290c_513a5569,lec_2a96290c,cv101,1,0.95,engaged,62.84,-0.0026,-0.0028,-0.006,-0.0004,-0.0054,-0.0063,-166.53,-147.35,-53.31,483.81,2145.32,-172.64,14.32,4.69,4.23,3.14,0.77,4.17,5.0,0.83,3.3,4.22,3.23,2.26,1.77,5.0,2.69,0.83,4.17,5.0,0.0,4.12,2.71,0
2025-11-24T17:08:26.105200,372,student_4_lec_2a96290c_513a5569,lec_2a96290c,cv101,1,0.95,engaged,63.12,-0.0053,-0.0034,-0.0056,-0.0021,-0.0046,-0.006,-148.7,-145.78,-143.47,467.58,2104.21,-171.69,21.24,1.11,3.62,2.58,1.38,4.26,5.0,0.74,3.45,4.16,3.07,2.15,1.93,5.0,2.56,0.71,4.29,4.96,0.0,4.04,2.53,0
2025-11-24T17:08:27.195423,373,student_4_lec_2a96290c_513a5569,lec_2a96290c,cv101,1,0.95,engaged,61.92,-0.0034,-0.0028,-0.0055,0.0025,-0.0042,-0.0059,4.41,-148.57,-140.99,472.0,2109.7,-171.33,20.76,1.19,3.82,2.74,1.18,4.04,5.0,0.96,3.49,4.12,2.96,2.07,2.04,5.0,2.46,0.71,4.29,4.84,0.0,3.98,2.58,0
2025-11-24T17:08:28.285193,374,student_4_lec_2a96290c_513a5569,lec_2a96290c,cv101,1,0.95,engaged,62.03,-0.0048,-0.0028,-0.0052,-0.0009,-0.0036,-0.0057,-154.37,-150.0,-189.71,502.7,2096.21,-169.4,21.15,-0.83,3.04,1.95,1.96,3.96,5.0,1.04,3.6,4.1,3.07,2.15,1.93,5.0,2.56,0.66,4.34,4.5,0.0,4.04,2.32,0
2025-11-24T17:08:29.369469,375,student_4_lec_2a96290c_513a5569,lec_2a96290c,cv101,1,0.95,engaged,60.46,-0.0024,-0.0019,-0.0049,0.0024,-0.0036,-0.0055,1.08,-152.76,254.26,-635.73,-2359.04,-139.73,31.51,-170.16,3.64,2.32,1.36,3.74,5.0,1.26,3.9,3.43,2.79,1.95,2.21,5.0,2.33,1.56,3.44,3.51,0.0,3.9,2.44,0
2025-11-24T17:08:30.445454,376,student_4_lec_2a96290c_513a5569,lec_2a96290c,cv101,1,0.95,engaged,63.05,-0.0054,-0.0043,-0.0051,-0.0004,-0.0052,-0.0055,-154.69,-138.01,197.73,-612.25,-2386.79,-141.35,21.68,-171.08,3.67,2.41,1.33,4.26,5.0,0.74,3.73,3.87,3.0,2.1,2.0,5.0,2.5,0.97,4.03,3.59,0.0,4.0,2.47,0
2025-11-24T17:08:31.545926,377,student_4_lec_2a96290c_513a5569,lec_2a96290c,cv101,1,0.95,engaged,64.09,-0.0061,-0.0038,-0.0051,0.0005,-0.0048,-0.0055,22.28,-141.45,170.65,-592.27,-2393.32,-142.94,20.93,-170.46,3.45,2.22,1.55,4.48,5.0,0.52,3.67,3.79,3.02,2.11,1.98,5.0,2.51,0.92,4.08,3.85,0.0,4.01,2.41,0
2025-11-24T17:08:32.636364,378,student_4_lec_2a96290c_513a5569,lec_2a96290c,cv101,1,0.95,engaged,64.07,-0.0049,-0.003,-0.0052,0.0014,-0.0037,-0.0055,14.52,-148.25,-148.35,503.71,2127.39,-171.03,21.58,1.55,3.45,2.31,1.55,4.59,5.0,0.41,3.55,4.14,2.76,1.93,2.24,5.0,2.3,0.73,4.27,4.63,0.0,3.88,2.44,0
2025-11-24T17:08:33.715218,379,student_4_lec_2a96290c_513a5569,lec_2a96290c,cv101,1,0.95,engaged,66.36,-0.0013,-0.0057,-0.006,0.0027,-0.0059,-0.0059,-6.15,-135.9,8.47,418.78,2141.54,-176.57,3.33,2.88,2.7,1.71,2.3,5.0,5.0,0.0,3.35,4.55,2.94,2.06,2.06,5.0,2.45,0.26,4.74,5.0,0.0,3.97,2.24,0
2025-11-24T17:08:34.795448,380,student_4_lec_2a96290c_513a5569,lec_2a96290c,cv101,1,0.95,engaged,62.69,-0.0041,-0.0028,-0.0055,-0.001,-0.0016,-0.0059,-156.66,-158.96,-152.47,492.26,2061.46,-169.83,22.29,-0.02,3.51,2.33,1.49,4.17,5.0,0.83,3.68,4.13,3.0,2.1,2.0,5.0,2.5,0.91,4.09,4.71,0.0,4.0,2.44,0
2025-11-24T17:08:35.886985,381,student_4_lec_2a96290c_513a5569,lec_2a96290c,cv101,1,0.95,engaged,64.15,-0.0046,-0.0046,-0.0053,0.0005,-0.0053,-0.0057,18.02,-138.12,-152.88,494.98,2075.68,-170.19,22.55,1.24,3.32,2.1,1.68,4.55,5.0,0.45,3.61,3.88,2.86,2.0,2.14,5.0,2.38,1.22,3.78,4.57,0.0,3.93,2.37,0
2025-11-24T17:08:36.975259,382,student_4_lec_2a96290c_513a5569,lec_2a96290c,cv101,1,0.95,engaged,64.22,-0.0038,-0.003,-0.0053,0.0006,-0.0045,-0.0057,14.41,-146.01,-142.76,491.37,2067.29,-168.99,20.24,1.48,3.65,2.44,1.35,4.57,5.0,0.43,3.63,3.88,2.91,2.04,2.09,5.0,2.43,1.2,3.8,4.54,0.0,3.96,2.48,0
2025-11-24T17:08:38.056090,383,student_4_lec_2a96290c_513a5569,lec_2a96290c,cv101,1,0.95,engaged,65.43,-0.0049,-0.0031,-0.0054,0.0004,-0.0055,-0.0057,19.37,-143.05,-134.55,486.75,2068.72,-168.27,18.89,2.21,3.66,2.41,1.34,4.81,5.0,0.19,3.61,3.91,3.01,2.1,1.99,5.0,2.5,0.9,4.1,4.52,0.0,4.0,2.47,0
2025-11-24T17:08:39.149921,384,student_4_lec_2a96290c_513a5569,lec_2a96290c,cv101,1,0.95,engaged,64.51,-0.0037,-0.0036,-0.0053,0.0023,-0.0046,-0.0057,6.62,-143.44,-133.32,491.3,2079.31,-168.65,19.97,2.07,3.69,2.56,1.31,4.6,5.0,0.4,3.6,3.97,3.03,2.12,1.97,5.0,2.52,1.16,3.84,4.55,0.0,4.01,2.52,0
2025-11-24T17:08:40.223671,385,student_4_lec_2a96290c_513a5569,lec_2a96290c,cv101,1,0.95,engaged,64.03,-0.0044,-0.0037,-0.0054,0.0009,-0.0047,-0.0058,15.34,-143.35,-133.85,481.31,2073.17,-168.41,19.46,2.19,3.92,2.69,1.08,4.5,5.0,0.5,3.59,3.88,3.02,2.11,1.98,5.0,2.52,1.39,3.61,4.56,0.0,4.01,2.56,0
2025-11-24T17:08:41.232578,386,student_4_lec_2a96290c_513a5569,lec_2a96290c,cv101,1,0.95,engaged,63.9,-0.0045,-0.0032,-0.0053,0.0008,-0.0043,-0.0057,16.45,-145.73,-135.31,490.24,2062.72,-166.51,17.81,1.94,3.95,2.72,1.05,4.44,5.0,0.56,3.69,3.69,3.1,2.17,1.9,5.0,2.58,1.59,3.41,4.28,0.0,4.05,2.57,0
2025-11-24T17:08:42.303450,387,student_4_lec_2a96290c_513a5569,lec_2a96290c,cv101,1,0.95,engaged,61.69,-0.0025,-0.0018,-0.0047,0.0039,-0.0037,-0.0053,-4.08,-152.33,285.77,-637.28,-2356.39,-138.47,37.3,-168.58,2.97,1.85,2.03,4.03,5.0,0.97,3.63,4.54,2.69,1.88,2.31,5.0,2.24,1.88,3.12,3.71,0.0,3.84,2.28,0
2025-11-24T17:08:43.412454,388,student_4_lec_2a96290c_513a5569,lec_2a96290c,cv101,1,0.95,engaged,64.27,-0.0031,-0.0033,-0.0051,0.0018,-0.0048,-0.0055,6.28,-143.13,-196.64,524.12,2091.42,-168.43,21.0,-2.64,3.24,2.08,1.76,4.57,5.0,0.43,3.56,4.06,2.87,2.01,2.13,5.0,2.39,0.73,4.27,4.25,0.0,3.94,2.36,0
2025-11-24T17:08:44.484409,389,student_4_lec_2a96290c_513a5569,lec_2a96290c,cv101,1,0.95,engaged,54.43,0.0028,0.0026,-0.0059,0.0049,-0.0022,-0.0054,146.07,-0.46,-170.15,-527.46,-2380.29,-159.44,-28.39,173.53,5.0,4.04,0.0,2.32,5.0,2.68,3.16,5.0,3.16,2.21,1.84,5.0,2.63,0.88,4.12,5.0,0.0,4.08,3.01,0.36
2025-11-24T17:08:45.572312,390,student_4_lec_2a96290c_513a5569,lec_2a96290c,cv101,1,0.95,engaged,64.91,-0.0044,-0.004,-0.0054,-0.0022,-0.0083,-0.0058,-150.07,-134.51,-189.08,476.28,2030.3,-173.48,25.27,-4.86,2.74,1.67,2.26,4.61,5.0,0.39,3.5,4.6,3.06,2.14,1.94,5.0,2.55,0.4,4.6,5.0,0.0,4.03,2.22,0
2025-11-24T17:08:46.658537,391,student_4_lec_2a96290c_513a5569,lec_2a96290c,cv101,1,0.95,engaged,66.37,-0.0051,-0.0026,-0.0052,-0.0013,-0.0066,-0.0056,-151.11,-141.85,-191.33,488.02,2052.35,-171.53,22.58,-3.94,2.44,1.37,2.56,5.0,5.0,0.0,3.63,4.19,2.88,2.02,2.12,5.0,2.4,0.5,4.5,4.79,0.0,3.94,2.12,0
2025-11-24T17:08:47.761253,392,student_4_lec_2a96290c_513a5569,lec_2a96290c,cv101,1,0.95,engaged,66.45,0.002,-0.0046,-0.0062,0.0033,-0.0049,-0.0059,156.39,-142.04,57.78,497.49,2093.18,-173.58,-13.73,0.12,3.22,2.05,1.78,5.0,5.0,0.0,3.56,4.63,3.05,2.14,1.95,5.0,2.54,0.38,4.62,4.93,0.0,4.03,2.35,0
2025-11-24T17:08:48.848434,393,student_4_lec_2a96290c_513a5569,lec_2a96290c,cv101,1,0.95,engaged,66.07,-0.0017,-0.0041,-0.006,0.0013,-0.0046,-0.0058,1.53,-143.86,88.47,529.2,2136.91,-171.89,-10.46,0.53,3.36,2.17,1.64,4.92,5.0,0.08,3.5,4.69,3.05,2.14,1.95,5.0,2.54,0.41,4.59,4.55,0.0,4.03,2.39,0
2025-11-24T17:08:49.916134,394,student_4_lec_2a96290c_513a5569,lec_2a96290c,cv101,1,0.95,engaged,66.46,-0.0032,-0.0063,-0.0057,0.0005,-0.0043,-0.0056,11.78,-137.64,44.53,513.5,2113.55,-172.03,-0.37,-0.01,2.82,1.62,2.18,5.0,5.0,0.0,3.64,4.34,2.98,2.08,2.02,5.0,2.48,0.81,4.19,4.6,0.0,3.99,2.21,0
2025-11-24T17:08:51.015099,395,student_4_lec_2a96290c_513a5569,lec_2a96290c,cv101,1,0.95,engaged,66.04,-0.0041,-0.0046,-0.0054,-0.0026,-0.005,-0.0058,-149.35,-139.53,-170.89,478.36,1987.59,-170.04,24.05,-2.71,2.74,1.62,2.26,4.86,5.0,0.14,3.59,4.49,3.08,2.16,1.92,5.0,2.57,0.48,4.52,4.77,0.0,4.04,2.21,0
2025-11-24T17:08:52.095173,396,student_4_lec_2a96290c_513a5569,lec_2a96290c,cv101,1,0.95,engaged,66.18,-0.0039,-0.0041,-0.0053,-0.0003,-0.0072,-0.0059,-160.56,-135.89,224.27,-552.0,-2294.33,-146.95,30.68,-172.88,2.63,1.44,2.37,4.92,5.0,0.08,3.73,4.08,2.98,2.09,2.02,5.0,2.48,1.0,4.0,4.37,0.0,3.99,2.15,0
2025-11-24T17:08:53.192184,397,student_4_lec_2a96290c_513a5569,lec_2a96290c,cv101,1,0.95,engaged,63.84,-0.006,-0.0045,-0.0049,-0.0003,-0.0072,-0.0054,-153.2,-132.16,243.53,-581.2,-2352.52,-148.63,32.31,-172.2,2.49,1.32,2.51,4.43,5.0,0.57,3.61,4.33,2.83,1.98,2.17,5.0,2.36,0.74,4.26,4.28,0.0,3.92,2.11,0
2025-11-24T17:08:54.275395,398,student_4_lec_2a96290c_513a5569,lec_2a96290c,cv101,1,0.95,engaged,63.95,-0.0044,-0.0041,-0.005,0.0018,-0.006,-0.0055,11.48,-136.78,253.05,-572.78,-2341.31,-149.41,33.45,-172.65,2.53,1.35,2.47,4.49,5.0,0.51,3.62,4.54,2.75,1.93,2.25,5.0,2.29,0.71,4.29,4.3,0.0,3.88,2.12,0
2025-11-24T17:08:55.359691,399,student_4_lec_2a96290c_513a5569,lec_2a96290c,cv101,1,0.95,engaged,66.03,-0.0043,-0.0047,-0.0055,0.0013,-0.0058,-0.0057,12.56,-136.93,-138.16,528.63,2103.68,-169.98,13.91,-1.79,2.95,1.7,2.05,4.96,5.0,0.04,3.61,4.5,2.85,2.0,2.15,5.0,2.38,0.43,4.57,4.36,0.0,3.92,2.23,0
2025-11-24T17:08:56.446425,400,student_4_lec_2a96290c_513a5569,lec_2a96290c,cv101,1,0.95,engaged,64.93,-0.0004,-0.0029,-0.0057,0.0037,-0.0043,-0.0057,-14.54,-148.1,91.31,-605.29,-2433.47,-150.11,8.21,-178.96,3.24,2.12,1.76,4.62,5.0,0.38,3.54,4.44,3.13,2.19,1.87,5.0,2.61,0.51,4.49,4.29,0.0,4.06,2.37,0
2025-11-24T17:08:57.454410,401,student_4_lec_2a96290c_513a5569,lec_2a96290c,cv101,1,0.95,engaged,65.77,-0.001,-0.0046,-0.0059,0.0028,-0.0044,-0.0058,-8.44,-142.58,10.16,-623.68,-2421.04,-145.44,-3.46,178.14,3.58,2.41,1.42,4.8,5.0,0.2,3.62,4.23,3.22,2.25,1.78,5.0,2.68,0.82,4.18,3.93,0.0,4.11,2.47,0
2025-11-24T17:08:58.535423,402,student_4_lec_2a96290c_513a5569,lec_2a96290c,cv101,1,0.95,engaged,65.11,-0.0014,-0.0049,-0.0057,0.0027,-0.0046,-0.0056,-6.09,-139.82,2.99,-633.13,-2407.13,-143.28,-2.55,179.08,3.62,2.3,1.38,4.62,5.0,0.38,3.65,4.08,3.26,2.28,1.74,5.0,2.72,1.44,3.56,3.62,0.0,4.13,2.43,0
2025-11-24T17:08:59.614627,403,student_4_lec_2a96290c_513a5569,lec_2a96290c,cv101,1,0.95,engaged,64.06,-0.0022,-0.0057,-0.0056,0.0038,-0.0037,-0.0055,-6.74,-140.19,-25.25,-689.14,-2430.06,-139.17,-4.18,178.67,3.75,2.38,1.25,4.47,5.0,0.53,3.78,3.69,3.05,2.13,1.95,4.09,2.54,1.9,3.1,2.94,0.0,4.03,2.46,0
2025-11-24T17:09:00.711515,404,student_4_lec_2a96290c_513a5569,lec_2a96290c,cv101,1,0.95,engaged,64.95,-0.0033,-0.0076,-0.0052,0.0022,-0.0052,-0.0052,4.43,-129.9,34.49,-712.65,-2448.96,-138.12,3.73,-178.72,3.23,1.87,1.77,4.61,5.0,0.39,3.78,3.69,3.12,2.18,1.88,3.49,2.6,1.74,3.26,2.74,0.0,4.06,2.29,0
2025-11-24T17:09:01.795502,405,student_4_lec_2a96290c_513a5569,lec_2a96290c,cv101,1,0.95,engaged,65.21,-0.0071,-0.0056,-0.0053,-0.0006,-0.0054,-0.0054,-150.25,-134.06,73.41,-651.44,-2447.93,-144.77,9.94,-176.39,3.48,2.19,1.52,4.7,5.0,0.3,3.7,4.28,3.11,2.18,1.89,3.74,2.59,1.36,3.64,3.13,0.0,4.05,2.4,0
2025-11-24T17:09:02.881132,406,student_4_lec_2a96290c_513a5569,lec_2a96290c,cv101,1,0.95,engaged,62.37,-0.0005,-0.0046,-0.005,0.0039,-0.0071,-0.0056,-14.82,-132.79,253.06,-638.87,-2370.8,-140.69,30.08,-170.79,3.36,2.04,1.64,4.1,5.0,0.9,3.66,3.88,2.94,2.06,2.06,4.74,2.45,1.3,3.7,3.37,0.0,3.97,2.35,0
2025-11-24T17:09:03.976478,407,student_4_lec_2a96290c_513a5569,lec_2a96290c,cv101,1,0.95,engaged,64.65,-0.0044,-0.0055,-0.0049,0.0014,-0.0041,-0.0052,13.21,-136.66,239.75,-670.23,-2533.87,-151.43,21.4,-170.9,3.47,2.2,1.53,4.77,5.0,0.23,3.66,4.39,2.63,1.84,2.37,3.06,2.19,2.66,2.34,2.9,0.0,3.81,2.4,0
2025-11-24T17:09:04.975988,408,student_4_lec_2a96290c_513a5569,lec_2a96290c,cv101,1,0.95,engaged,62.17,-0.0042,-0.0028,-0.0055,0.0015,-0.0045,-0.006,11.76,-147.96,-239.12,518.03,2114.49,-173.25,20.72,-2.09,3.67,2.56,1.33,4.11,5.0,0.89,3.36,4.99,2.9,2.03,2.1,5.0,2.41,0.47,4.53,4.83,0.0,3.95,2.52,0
2025-11-24T17:09:06.048739,409,student_4_lec_2a96290c_513a5569,lec_2a96290c,cv101,1,0.95,engaged,65.37,0.0014,-0.003,-0.0062,0.0044,-0.0022,-0.0057,154.8,-156.51,83.34,480.42,2078.58,-178.4,-22.47,1.8,3.33,2.32,1.67,4.74,5.0,0.26,3.36,4.93,3.13,2.19,1.87,5.0,2.61,0.18,4.82,5.0,0.0,4.06,2.44,0
2025-11-24T17:09:07.125900,410,student_4_lec_2a96290c_513a5569,lec_2a96290c,cv101,1,0.95,engaged,65.47,-0.0007,-0.0057,-0.006,-0.0014,-0.0035,-0.0055,-169.7,-142.01,132.54,468.61,2098.0,179.09,-24.47,4.32,3.2,2.18,1.8,4.9,5.0,0.1,3.22,4.62,2.77,1.94,2.23,5.0,2.31,0.41,4.59,5.0,0.0,3.88,2.39,0
2025-11-24T17:09:08.209180,411,student_4_lec_2a96290c_513a5569,lec_2a96290c,cv101,1,0.95,highly_engaged,90.13,-0.0016,-0.0038,-0.0059,0.0005,0.001,-0.0056,5.0,11.36,135.85,450.67,2066.51,179.38,-21.0,4.49,3.25,2.19,1.75,5.0,5.0,0.0,3.27,4.84,2.9,2.03,2.1,5.0,2.42,0.02,4.98,5.0,0.0,3.95,2.4,0
2025-11-24T17:09:09.294271,412,student_4_lec_2a96290c_513a5569,lec_2a96290c,cv101,1,0.95,highly_engaged,90.12,-0.0012,-0.0038,-0.0059,0.0005,0.0007,-0.0054,3.33,12.81,128.85,450.27,2073.73,-179.15,-18.5,3.12,3.36,2.31,1.64,5.0,5.0,0.0,3.32,4.74,2.92,2.05,2.08,5.0,2.44,0.4,4.6,5.0,0.0,3.96,2.44,0
2025-11-24T17:09:10.296672,413,student_4_lec_2a96290c_513a5569,lec_2a96290c,cv101,1,0.95,engaged,64.77,-0.0019,-0.003,-0.0059,0.0008,-0.0017,-0.0055,4.85,-157.9,119.16,466.99,2110.46,-179.63,-18.8,2.98,3.39,2.39,1.61,4.62,5.0,0.38,3.31,4.86,3.09,2.16,1.91,5.0,2.57,0.42,4.58,5.0,0.0,4.04,2.46,0
2025-11-24T17:09:11.375896,414,student_4_lec_2a96290c_513a5569,lec_2a96290c,cv101,1,0.95,engaged,66.09,-0.0021,-0.0036,-0.0058,-0.0004,0.0007,-0.0054,-167.73,12.53,131.96,471.06,2088.39,-178.51,-20.43,3.7,3.36,2.31,1.64,5.0,5.0,0.0,3.33,4.69,2.9,2.03,2.1,5.0,2.42,0.27,4.73,5.0,0.0,3.95,2.44,0
2025-11-24T17:09:12.458845,415,student_4_lec_2a96290c_513a5569,lec_2a96290c,cv101,1,0.95,engaged,66.25,-0.0013,-0.0036,-0.0059,-0.0059,-0.0005,-0.0054,-150.29,-161.35,139.59,456.7,2056.96,-177.96,-19.82,4.13,3.33,2.26,1.67,5.0,5.0,0.0,3.34,4.74,2.98,2.09,2.02,5.0,2.48,0.25,4.75,5.0,0.0,3.99,2.42,0
2025-11-24T17:09:13.554887,416,student_4_lec_2a96290c_513a5569,lec_2a96290c,cv101,1,0.95,engaged,65.49,-0.0022,-0.0032,-0.0058,-0.0004,0.0014,-0.0053,-167.09,6.77,145.6,470.06,2079.19,-177.05,-21.16,3.94,3.53,2.45,1.47,4.84,5.0,0.16,3.38,4.76,2.97,2.08,2.03,5.0,2.48,0.48,4.52,5.0,0.0,3.99,2.48,0
2025-11-24T17:09:14.649544,417,student_4_lec_2a96290c_513a5569,lec_2a96290c,cv101,1,0.95,engaged,66.14,-0.003,-0.0038,-0.0057,-0.0021,-0.0013,-0.0052,-155.33,-156.27,137.92,489.43,2099.68,-177.53,-18.42,4.11,3.44,2.28,1.56,4.98,5.0,0.02,3.31,4.46,2.97,2.08,2.03,5.0,2.47,0.14,4.86,5.0,0.0,3.99,2.43,0
2025-11-24T17:09:15.732458,418,student_4_lec_2a96290c_513a5569,lec_2a96290c,cv101,1,0.95,engaged,62.93,-0.0072,-0.0032,-0.0058,-0.0055,-0.0043,-0.0059,-132.92,-147.51,-85.37,474.68,2079.55,-175.46,17.21,-0.23,3.46,2.44,1.54,4.19,5.0,0.81,3.3,4.44,3.11,2.17,1.89,5.0,2.59,0.4,4.6,5.0,0.0,4.05,2.48,0
2025-11-24T17:09:16.825102,419,student_4_lec_2a96290c_513a5569,lec_2a96290c,cv101,1,0.95,engaged,63.63,-0.0025,-0.0033,-0.0059,0.0037,-0.0035,-0.0059,-4.52,-149.97,-42.78,485.45,2136.81,-176.18,10.66,-0.14,3.41,2.43,1.59,4.39,5.0,0.61,3.35,4.26,3.02,2.11,1.98,5.0,2.52,0.23,4.77,5.0,0.0,4.01,2.48,0
2025-11-24T17:09:17.918446,420,student_4_lec_2a96290c_513a5569,lec_2a96290c,cv101,1,0.95,engaged,63.47,-0.0049,-0.0038,-0.006,-0.0001,-0.0046,-0.006,-159.96,-145.05,-18.31,506.53,2178.8,-177.24,8.28,-0.69,3.44,2.48,1.56,4.38,5.0,0.62,3.23,4.79,2.96,2.07,2.04,5.0,2.47,0.54,4.46,5.0,0.0,3.98,2.49,0
2025-11-24T17:09:19.062533,421,student_4_lec_2a96290c_513a5569,lec_2a96290c,cv101,1,0.95,engaged,59.91,-0.0074,-0.0034,-0.0058,-0.0029,-0.0033,-0.0059,-140.96,-150.27,-93.52,467.86,2107.05,-178.35,15.51,-2.92,2.98,2.13,2.02,3.47,5.0,1.53,3.19,4.74,3.1,2.17,1.9,5.0,2.58,0.37,4.63,5.0,0.0,4.05,2.38,0
2025-11-24T17:09:20.083100,422,student_4_lec_2a96290c_513a5569,lec_2a96290c,cv101,1,0.95,engaged,62.45,-0.0025,-0.0009,-0.0054,-0.0043,-0.0067,-0.0058,-149.52,-150.74,-228.56,496.84,2055.11,-170.4,23.17,-0.89,3.56,2.39,1.44,4.13,5.0,0.87,3.49,4.24,2.97,2.08,2.03,5.0,2.47,0.38,4.62,4.83,0.0,3.99,2.46,0
2025-11-24T17:09:21.164545,423,student_4_lec_2a96290c_513a5569,lec_2a96290c,cv101,1,0.95,engaged,60.2,-0.0017,-0.0031,-0.0055,-0.002,-0.006,-0.0061,-162.43,-143.22,-228.73,495.05,2051.85,-171.4,24.16,3.24,3.76,2.68,1.24,3.67,5.0,1.33,3.31,4.46,2.88,2.02,2.12,5.0,2.4,0.16,4.84,4.95,0.0,3.94,2.56,0
2025-11-24T17:09:22.164532,424,student_4_lec_2a96290c_513a5569,lec_2a96290c,cv101,1,0.95,engaged,62.15,-0.0031,-0.0021,-0.0054,0.0,-0.0021,-0.0059,14.59,-159.44,-235.63,487.96,2080.17,-173.21,24.3,4.68,3.73,2.59,1.27,4.13,5.0,0.87,3.32,4.34,2.85,1.99,2.15,5.0,2.37,0.34,4.66,5.0,0.0,3.92,2.53,0
2025-11-24T17:09:23.253294,425,student_4_lec_2a96290c_513a5569,lec_2a96290c,cv101,1,0.95,engaged,61.27,-0.0022,-0.0027,-0.0054,0.0007,-0.0022,-0.0059,7.39,-156.41,-206.59,489.47,2059.44,-171.0,22.75,6.16,3.78,2.63,1.22,3.86,5.0,1.14,3.32,4.35,3.01,2.11,1.99,5.0,2.51,0.22,4.78,4.95,0.0,4.0,2.54,0
2025-11-24T17:09:24.339785,426,student_4_lec_2a96290c_513a5569,lec_2a96290c,cv101,1,0.95,engaged,59.78,-0.0014,0.0008,-0.0053,-0.0013,-0.0066,-0.0058,-166.44,20.25,-204.29,506.37,2053.86,-168.94,21.14,8.78,4.69,3.42,0.31,3.6,5.0,1.4,3.3,4.27,2.95,2.07,2.05,5.0,2.46,0.35,4.65,4.59,0.0,3.98,2.81,0
2025-11-24T17:09:25.425433,427,student_4_lec_2a96290c_513a5569,lec_2a96290c,cv101,1,0.95,engaged,58.59,-0.0028,-0.0003,-0.0051,0.0017,-0.0027,-0.0055,5.66,-165.36,-221.91,516.53,2082.54,-169.63,23.67,9.9,4.79,3.56,0.21,3.41,5.0,1.59,3.34,3.97,2.77,1.94,2.23,5.0,2.31,0.54,4.46,4.53,0.0,3.88,2.85,0
2025-11-24T17:09:26.511975,428,student_4_lec_2a96290c_513a5569,lec_2a96290c,cv101,1,0.95,engaged,60.16,-0.0031,-0.0012,-0.0054,0.0008,-0.0024,-0.0058,10.98,-162.54,-218.2,497.69,2050.67,-168.52,23.92,12.66,4.86,3.53,0.14,3.72,5.0,1.28,3.38,3.8,2.89,2.03,2.11,5.0,2.41,0.61,4.39,4.71,0.0,3.95,2.84,0
2025-11-24T17:09:27.598702,429,student_4_lec_2a96290c_513a5569,lec_2a96290c,cv101,1,0.95,engaged,62.1,-0.0015,-0.0023,-0.0052,0.0033,-0.0041,-0.0059,-6.72,-150.9,-230.91,482.76,2022.42,-169.82,27.32,10.08,4.41,3.08,0.59,4.17,5.0,0.83,3.38,4.12,2.81,1.97,2.19,5.0,2.35,0.5,4.5,5.0,0.0,3.91,2.69,0
2025-11-24T17:09:28.596379,430,student_4_lec_2a96290c_513a5569,lec_2a96290c,cv101,1,0.95,engaged,62.84,-0.0014,-0.0037,-0.0061,0.001,-0.0044,-0.006,2.0,-146.23,17.32,567.41,2129.73,-171.53,-2.39,5.26,4.32,3.08,0.68,4.23,5.0,0.77,3.4,4.41,3.08,2.16,1.92,5.0,2.57,0.67,4.33,4.47,0.0,4.04,2.69,0
